Customer ID,Recency,Frequency,Monetary,Ulke,Ort_Sepet_Buyuklugu,Ort_Urun_Fiyati,Segment,Onerilen_Kampanya
12346,326,12,77556.46,United Kingdom,2184.8529411764707,6.1000000000000005,Kaybedilme Riski (Değerli),Yüksek İndirim / Kişisel Teklif
12347,2,8,4921.53,Iceland,13.364864864864865,2.4980630630630634,Sadık Müşteri,Sadakat Programı / Erken Erişim
12348,75,5,1658.4,Finland,58.78260869565217,0.6978260869565218,Orta Segment,Çapraz Satış Önerisi
12349,19,3,3678.69,Italy,9.424418604651162,4.246744186046512,Orta Segment,Çapraz Satış Önerisi
12350,310,1,294.4,Norway,12.25,1.58125,Pasif/Kaybedilmiş,Geri Kazanma Kampanyası
12351,375,1,300.93,Unspecified,12.428571428571429,2.355238095238095,Pasif/Kaybedilmiş,Geri Kazanma Kampanyası
12352,36,9,1729.54,Norway,7.515789473684211,3.878,Sadık Müşteri,Sadakat Programı / Erken Erişim
12353,204,2,406.76,Bahrain,8.833333333333334,2.6283333333333334,Pasif/Kaybedilmiş,Geri Kazanma Kampanyası
12354,232,1,1079.4,Spain,9.137931034482758,4.5037931034482765,Pasif/Kaybedilmiş,Geri Kazanma Kampanyası
12355,214,2,947.61,Bahrain,15.514285714285714,3.069428571428572,Pasif/Kaybedilmiş,Geri Kazanma Kampanyası
12356,23,6,5611.73,Portugal,24.287769784172664,2.764748201438849,Sadık Müşteri,Sadakat Programı / Erken Erişim
12357,33,2,17437.66,Switzerland,22.325423728813558,3.33664406779661,Yeni / Potansiyel Müşteri,Hoş Geldin Kampanyası
12358,2,5,3447.07,Austria,14.432432432432432,3.9640540540540536,Sadık Müşteri,Sadakat Programı / Erken Erişim
12359,58,10,8873.39,Cyprus,7.566298342541437,7.393646408839779,Sadık Müşteri,Sadakat Programı / Erken Erişim
12360,52,6,3612.89,Austria,11.578199052132701,2.16175355450237,Sadık Müşteri,Sadakat Programı / Erken Erişim
12361,287,4,451.25,Belgium,9.24,2.09,Orta Segment,Çapraz Satış Önerisi
12362,3,10,4737.23,Belgium,8.58203125,3.4972265625,Sadık Müşteri,Sadakat Programı / Erken Erişim
12363,110,2,552.0,Unspecified,17.73913043478261,2.3117391304347827,Orta Segment,Çapraz Satış Önerisi
12364,8,4,1208.1,Belgium,18.506172839506174,1.2638271604938272,Orta Segment,Çapraz Satış Önerisi
12365,291,1,320.69,Cyprus,8.238095238095237,2.6961904761904765,Pasif/Kaybedilmiş,Geri Kazanma Kampanyası
12366,634,1,500.24,Cyprus,98.66666666666667,1.6900000000000002,Pasif/Kaybedilmiş,Geri Kazanma Kampanyası
12367,4,1,150.9,Denmark,17.2,1.72,Yeni / Potansiyel Müşteri,Hoş Geldin Kampanyası
12368,628,1,917.7,Cyprus,18.333333333333332,4.391666666666667,Pasif/Kaybedilmiş,Geri Kazanma Kampanyası
12369,413,3,1511.15,Austria,13.71111111111111,1.9205555555555556,Orta Segment,Çapraz Satış Önerisi
12370,51,7,3956.56,Cyprus,13.17258883248731,2.681522842639594,Sadık Müşteri,Sadakat Programı / Erken Erişim
12371,60,4,3347.38,Switzerland,8.699386503067485,3.1038650306748465,Orta Segment,Çapraz Satış Önerisi
12372,72,3,1196.04,Denmark,16.081632653061224,2.1442857142857146,Orta Segment,Çapraz Satış Önerisi
12373,311,3,927.65,Austria,10.645833333333334,2.4166666666666665,Orta Segment,Çapraz Satış Önerisi
12374,25,3,2669.22,Austria,16.71604938271605,2.57679012345679,Orta Segment,Çapraz Satış Önerisi
12375,11,2,377.5,Finland,11.733333333333333,2.5013333333333336,Yeni / Potansiyel Müşteri,Hoş Geldin Kampanyası
12376,390,2,383.15,Switzerland,21.545454545454547,2.2181818181818183,Pasif/Kaybedilmiş,Geri Kazanma Kampanyası
12377,315,4,3266.32,Switzerland,14.006666666666666,2.2434666666666665,Orta Segment,Çapraz Satış Önerisi
12378,130,2,5416.32,Switzerland,11.016611295681063,3.380099667774086,Orta Segment,Çapraz Satış Önerisi
12379,82,4,1470.22,Belgium,10.454545454545455,2.27987012987013,Orta Segment,Çapraz Satış Önerisi
12380,22,8,7210.65,Belgium,12.411985018726591,2.8957677902621723,Sadık Müşteri,Sadakat Programı / Erken Erişim
12381,5,3,1474.81,Norway,9.71951219512195,3.377317073170732,Orta Segment,Çapraz Satış Önerisi
12383,185,5,1628.56,Belgium,16.148936170212767,2.421382978723404,Orta Segment,Çapraz Satış Önerisi
12384,29,2,425.27,Switzerland,4.88,5.3096000000000005,Yeni / Potansiyel Müşteri,Hoş Geldin Kampanyası
12385,379,1,1668.4,Belgium,9.28125,3.50390625,Pasif/Kaybedilmiş,Geri Kazanma Kampanyası
12386,338,2,401.9,Australia,35.4,2.391,Pasif/Kaybedilmiş,Geri Kazanma Kampanyası
12387,415,1,143.94,Australia,14.88888888888889,2.7622222222222224,Pasif/Kaybedilmiş,Geri Kazanma Kampanyası
12388,16,8,3901.11,Australia,13.705479452054794,2.8247260273972605,Sadık Müşteri,Sadakat Programı / Erken Erişim
12389,403,3,1433.33,Australia,12.53061224489796,2.6542857142857144,Orta Segment,Çapraz Satış Önerisi
12390,80,1,504.84,Belgium,11.290322580645162,3.641935483870968,Orta Segment,Çapraz Satış Önerisi
12391,22,6,2724.84,Cyprus,4.50936329588015,3.788651685393259,Sadık Müşteri,Sadakat Programı / Erken Erişim
12392,591,1,234.75,Australia,10.428571428571429,5.035714285714286,Pasif/Kaybedilmiş,Geri Kazanma Kampanyası
12393,72,6,2399.45,Australia,12.25233644859813,2.479906542056075,Orta Segment,Çapraz Satış Önerisi
12394,64,2,1080.48,Belgium,32.32,2.3204,Orta Segment,Çapraz Satış Önerisi
12395,19,15,4241.17,Belgium,13.986784140969164,2.785814977973568,Sadık Müşteri,Sadakat Programı / Erken Erişim
12396,674,1,931.43,RSA,9.092307692307692,2.2993846153846156,Pasif/Kaybedilmiş,Geri Kazanma Kampanyası
12397,36,2,2214.9,Belgium,10.080645161290322,3.282258064516129,Yeni / Potansiyel Müşteri,Hoş Geldin Kampanyası
12398,46,1,1435.66,Switzerland,16.535714285714285,1.5402380952380952,Yeni / Potansiyel Müşteri,Hoş Geldin Kampanyası
12399,119,7,1842.3,Belgium,21.262135922330096,1.1607766990291262,Orta Segment,Çapraz Satış Önerisi
12400,414,1,205.25,Australia,8.272727272727273,2.9136363636363636,Pasif/Kaybedilmiş,Geri Kazanma Kampanyası
12401,303,1,69.3,Belgium,2.5,8.35,Pasif/Kaybedilmiş,Geri Kazanma Kampanyası
12402,323,6,1136.9,Belgium,9.0,2.20859375,Orta Segment,Çapraz Satış Önerisi
12403,50,2,947.36,Denmark,36.57142857142857,3.9899999999999998,Yeni / Potansiyel Müşteri,Hoş Geldin Kampanyası
12405,149,1,1390.39,Finland,16.0188679245283,2.856415094339623,Orta Segment,Çapraz Satış Önerisi
12406,22,5,6390.36,Denmark,20.57831325301205,2.529879518072289,Sadık Müşteri,Sadakat Programı / Erken Erişim
12407,50,5,1507.12,Belgium,19.48611111111111,2.410972222222222,Sadık Müşteri,Sadakat Programı / Erken Erişim
12408,33,8,3905.77,Belgium,14.473684210526315,2.5383552631578947,Sadık Müşteri,Sadakat Programı / Erken Erişim
12409,79,7,23419.29,Switzerland,49.78409090909091,3.2362121212121213,Orta Segment,Çapraz Satış Önerisi
12410,309,3,773.71,Switzerland,8.81578947368421,4.2260526315789475,Orta Segment,Çapraz Satış Önerisi
12411,410,1,346.9,Australia,6.2727272727272725,3.3954545454545455,Pasif/Kaybedilmiş,Geri Kazanma Kampanyası
12412,75,6,2404.93,Denmark,16.41322314049587,1.8273553719008266,Orta Segment,Çapraz Satış Önerisi
12413,67,4,871.45,France,6.520833333333333,4.9383333333333335,Orta Segment,Çapraz Satış Önerisi
12414,217,4,532.41,Austria,22.227272727272727,1.7181818181818185,Orta Segment,Çapraz Satış Önerisi
12415,24,24,144033.37,Australia,99.17895878524946,2.5207158351409977,Sadık Müşteri,Sadakat Programı / Erken Erişim
12416,657,1,202.56,Australia,12.0,1.5345454545454544,Pasif/Kaybedilmiş,Geri Kazanma Kampanyası
12417,3,20,5998.41,Belgium,8.1,4.843742857142857,Sadık Müşteri,Sadakat Programı / Erken Erişim
12418,113,4,2021.2,Switzerland,10.666666666666666,3.3453921568627454,Orta Segment,Çapraz Satış Önerisi
12419,386,2,391.01,Spain,9.869565217391305,3.0473913043478262,Pasif/Kaybedilmiş,Geri Kazanma Kampanyası
12420,64,1,600.39,Cyprus,11.89655172413793,4.707241379310345,Orta Segment,Çapraz Satış Önerisi
12421,16,6,874.6,Spain,10.915254237288135,2.408813559322034,Sadık Müşteri,Sadakat Programı / Erken Erişim
12422,96,12,3639.35,Switzerland,15.919753086419753,2.568641975308642,Orta Segment,Çapraz Satış Önerisi
12423,1,10,2301.39,Belgium,11.432258064516128,2.174774193548387,Sadık Müşteri,Sadakat Programı / Erken Erişim
12424,163,4,3340.03,Australia,22.01086956521739,2.1891304347826086,Orta Segment,Çapraz Satış Önerisi
12425,78,2,1741.41,Portugal,12.604395604395604,2.4042857142857144,Orta Segment,Çapraz Satış Önerisi
12426,195,2,1201.21,Germany,7.68,3.1721333333333335,Pasif/Kaybedilmiş,Geri Kazanma Kampanyası
12427,22,3,699.8,Germany,18.785714285714285,3.152142857142857,Orta Segment,Çapraz Satış Önerisi
12428,26,8,6405.26,Finland,12.226480836236934,2.9437630662020906,Sadık Müşteri,Sadakat Programı / Erken Erişim
12429,9,8,5842.41,Denmark,19.14,2.799533333333333,Sadık Müşteri,Sadakat Programı / Erken Erişim
12430,43,1,216.4,Norway,11.6,2.848,Yeni / Potansiyel Müşteri,Hoş Geldin Kampanyası
12431,36,25,10102.22,Australia,11.89090909090909,3.614597402597403,Sadık Müşteri,Sadakat Programı / Erken Erişim
12432,43,4,4359.32,Norway,16.822429906542055,4.107383177570093,Orta Segment,Çapraz Satış Önerisi
12433,1,10,16794.14,Norway,24.211091234347048,2.2511270125223617,Sadık Müşteri,Sadakat Programı / Erken Erişim
12434,85,3,1103.43,Australia,7.6,3.5964285714285715,Orta Segment,Çapraz Satış Önerisi
12435,80,6,13925.93,Denmark,44.267857142857146,3.729107142857143,Orta Segment,Çapraz Satış Önerisi
12436,100,1,429.01,Norway,13.933333333333334,2.952,Orta Segment,Çapraz Satış Önerisi
12437,2,38,11282.4,France,14.975425330812854,2.4373913043478264,Sadık Müşteri,Sadakat Programı / Erken Erişim
12438,14,2,2466.85,Norway,12.177083333333334,3.142708333333333,Yeni / Potansiyel Müşteri,Hoş Geldin Kampanyası
12439,683,2,1142.88,Cyprus,6.732394366197183,3.706478873239437,Pasif/Kaybedilmiş,Geri Kazanma Kampanyası
12440,462,2,739.2,Austria,10.933333333333334,3.1446666666666667,Pasif/Kaybedilmiş,Geri Kazanma Kampanyası
12441,367,1,155.55,France,12.0,2.271,Pasif/Kaybedilmiş,Geri Kazanma Kampanyası
12442,3,1,144.06,Spain,16.454545454545453,1.0981818181818181,Yeni / Potansiyel Müşteri,Hoş Geldin Kampanyası
12443,732,1,365.31,Norway,8.95,4.164,Pasif/Kaybedilmiş,Geri Kazanma Kampanyası
12444,21,5,4085.46,Norway,6.569767441860465,5.576337209302325,Sadık Müşteri,Sadakat Programı / Erken Erişim
12445,22,2,378.98,Spain,8.869565217391305,2.5778260869565215,Yeni / Potansiyel Müşteri,Hoş Geldin Kampanyası
12446,58,1,1002.31,RSA,6.157894736842105,4.352631578947368,Yeni / Potansiyel Müşteri,Hoş Geldin Kampanyası
12447,243,1,431.49,Belgium,7.48,3.1172000000000004,Pasif/Kaybedilmiş,Geri Kazanma Kampanyası
12448,44,1,365.45,Spain,11.428571428571429,4.901904761904762,Yeni / Potansiyel Müşteri,Hoş Geldin Kampanyası
12449,22,5,4274.89,Belgium,11.464285714285714,3.324591836734694,Sadık Müşteri,Sadakat Programı / Erken Erişim
12450,156,5,688.2,Spain,11.945945945945946,2.227837837837838,Orta Segment,Çapraz Satış Önerisi
12451,11,8,12629.88,Switzerland,18.349019607843136,2.3219607843137258,Sadık Müşteri,Sadakat Programı / Erken Erişim
12452,17,1,348.57,Switzerland,9.05,2.8835,Yeni / Potansiyel Müşteri,Hoş Geldin Kampanyası
12453,134,1,707.09,Austria,11.0,2.393255813953488,Orta Segment,Çapraz Satış Önerisi
12454,56,4,16459.78,Spain,197.48717948717947,4.584358974358974,Orta Segment,Çapraz Satış Önerisi
12455,73,9,5722.95,Cyprus,14.977272727272727,3.325954545454546,Orta Segment,Çapraz Satış Önerisi
12456,44,3,2581.04,Switzerland,13.262295081967213,2.7300819672131147,Orta Segment,Çapraz Satış Önerisi
12457,66,7,2555.91,Switzerland,13.5375,3.9002499999999998,Orta Segment,Çapraz Satış Önerisi
12458,71,4,1502.49,Switzerland,12.2375,2.225625,Orta Segment,Çapraz Satış Önerisi
12459,605,1,398.36,Spain,11.636363636363637,3.0645454545454545,Pasif/Kaybedilmiş,Geri Kazanma Kampanyası
12460,456,1,296.65,Belgium,9.882352941176471,3.756470588235294,Pasif/Kaybedilmiş,Geri Kazanma Kampanyası
12461,155,1,626.88,Switzerland,8.294117647058824,3.2076470588235293,Orta Segment,Çapraz Satış Önerisi
12462,19,2,937.59,Spain,8.783333333333333,3.9125,Yeni / Potansiyel Müşteri,Hoş Geldin Kampanyası
12463,53,4,1200.78,Belgium,9.721518987341772,2.2862025316455696,Orta Segment,Çapraz Satış Önerisi
12464,10,8,957.05,Belgium,4.318181818181818,10.825000000000001,Sadık Müşteri,Sadakat Programı / Erken Erişim
12465,17,2,682.19,Belgium,10.555555555555555,2.216,Yeni / Potansiyel Müşteri,Hoş Geldin Kampanyası
12467,423,1,132.8,USA,14.333333333333334,1.6177777777777778,Pasif/Kaybedilmiş,Geri Kazanma Kampanyası
12468,188,5,3238.74,Germany,15.013793103448275,2.2504137931034482,Kaybedilme Riski (Değerli),Yüksek İndirim / Kişisel Teklif
12469,523,2,3070.54,Thailand,33.578947368421055,2.999605263157895,Pasif/Kaybedilmiş,Geri Kazanma Kampanyası
12470,690,1,211.95,Unspecified,4.130434782608695,3.928260869565217,Pasif/Kaybedilmiş,Geri Kazanma Kampanyası
12471,2,71,35099.9,Germany,15.282428702851886,2.7268169273229073,Sadık Müşteri,Sadakat Programı / Erken Erişim
12472,32,19,14971.29,Germany,12.538929440389294,2.0340389294403893,Sadık Müşteri,Sadakat Programı / Erken Erişim
12473,54,3,2585.73,Germany,14.9625,1.8105,Orta Segment,Çapraz Satış Önerisi
12474,17,29,11310.75,Germany,11.572687224669604,2.3516152716593246,Sadık Müşteri,Sadakat Programı / Erken Erişim
12475,54,2,1065.64,Germany,12.983050847457626,2.639322033898305,Yeni / Potansiyel Müşteri,Hoş Geldin Kampanyası
12476,16,18,12319.91,Germany,11.110441767068274,4.021506024096386,Sadık Müşteri,Sadakat Programı / Erken Erişim
12477,23,9,20276.37,Germany,10.849290780141844,4.182943262411348,Sadık Müşteri,Sadakat Programı / Erken Erişim
12478,4,1,545.99,Greece,6.6571428571428575,3.3817142857142857,Yeni / Potansiyel Müşteri,Hoş Geldin Kampanyası
12479,11,1,473.2,Germany,12.733333333333333,2.1576666666666666,Yeni / Potansiyel Müşteri,Hoş Geldin Kampanyası
12480,28,7,4834.85,Germany,12.412765957446808,2.8035744680851065,Sadık Müşteri,Sadakat Programı / Erken Erişim
12481,23,14,11033.51,Germany,19.320652173913043,2.70633152173913,Sadık Müşteri,Sadakat Programı / Erken Erişim
12482,576,27,21941.72,Sweden,133.86138613861385,1.3667326732673266,Kaybedilme Riski (Değerli),Yüksek İndirim / Kişisel Teklif
12483,17,19,4069.18,Sweden,17.4672131147541,2.3185245901639346,Sadık Müşteri,Sadakat Programı / Erken Erişim
12484,35,9,5557.1,Spain,6.961290322580645,2.755784946236559,Sadık Müşteri,Sadakat Programı / Erken Erişim
12485,529,1,708.1,Sweden,12.176470588235293,2.4105882352941173,Pasif/Kaybedilmiş,Geri Kazanma Kampanyası
12486,432,1,917.28,Sweden,10.833333333333334,3.3558333333333334,Pasif/Kaybedilmiş,Geri Kazanma Kampanyası
12487,731,1,285.3,Sweden,87.0,2.0,Pasif/Kaybedilmiş,Geri Kazanma Kampanyası
12488,10,3,1244.66,France,9.74074074074074,3.4705555555555554,Orta Segment,Çapraz Satış Önerisi
12489,336,1,298.93,France,7.357142857142857,5.0442857142857145,Pasif/Kaybedilmiş,Geri Kazanma Kampanyası
12490,5,20,8764.64,France,13.263038548752835,2.0640362811791384,Sadık Müşteri,Sadakat Programı / Erken Erişim
12491,39,1,424.4,France,10.32,2.792,Yeni / Potansiyel Müşteri,Hoş Geldin Kampanyası
12492,63,3,607.21,Germany,11.23076923076923,2.126923076923077,Orta Segment,Çapraz Satış Önerisi
12493,166,2,415.74,France,9.80952380952381,3.657142857142857,Orta Segment,Çapraz Satış Önerisi
12494,16,9,1563.27,France,9.65,2.7177999999999995,Sadık Müşteri,Sadakat Programı / Erken Erişim
12495,641,1,277.4,Sweden,8.0,3.5625,Pasif/Kaybedilmiş,Geri Kazanma Kampanyası
12496,620,2,45.34,Spain,3.0,1.927,Pasif/Kaybedilmiş,Geri Kazanma Kampanyası
12497,82,3,5996.5,Germany,103.10909090909091,1.2896363636363637,Orta Segment,Çapraz Satış Önerisi
12498,21,3,349.7,Germany,7.428571428571429,2.8833333333333333,Orta Segment,Çapraz Satış Önerisi
12499,560,1,357.72,Germany,11.538461538461538,1.7269230769230768,Pasif/Kaybedilmiş,Geri Kazanma Kampanyası
12500,23,18,5559.21,Germany,25.807692307692307,3.089692307692308,Sadık Müşteri,Sadakat Programı / Erken Erişim
12501,337,1,2025.39,Germany,11.993243243243244,2.307364864864865,Pasif/Kaybedilmiş,Geri Kazanma Kampanyası
12502,96,5,2995.87,Spain,5.591549295774648,5.66556338028169,Orta Segment,Çapraz Satış Önerisi
12503,584,1,896.0,Spain,560.0,1.6,Pasif/Kaybedilmiş,Geri Kazanma Kampanyası
12504,18,4,689.05,Germany,26.647058823529413,4.2176470588235295,Orta Segment,Çapraz Satış Önerisi
12505,409,1,787.2,Italy,7.7560975609756095,3.862195121951219,Pasif/Kaybedilmiş,Geri Kazanma Kampanyası
12506,233,1,73.5,France,1.0,3.1956521739130435,Pasif/Kaybedilmiş,Geri Kazanma Kampanyası
12507,134,4,1508.06,Spain,27.043478260869566,2.5482608695652176,Orta Segment,Çapraz Satış Önerisi
12508,26,2,397.88,France,3.985294117647059,1.7400000000000002,Yeni / Potansiyel Müşteri,Hoş Geldin Kampanyası
12509,284,1,158.5,France,9.0,3.491666666666667,Pasif/Kaybedilmiş,Geri Kazanma Kampanyası
12510,143,7,3039.03,Spain,14.751824817518248,2.5645985401459854,Orta Segment,Çapraz Satış Önerisi
12511,429,1,3084.02,Greece,9.226315789473684,3.4306842105263162,Pasif/Kaybedilmiş,Geri Kazanma Kampanyası
12512,66,2,132.18,Israel,3.096774193548387,2.640322580645161,Orta Segment,Çapraz Satış Önerisi
12513,113,1,558.29,France,13.5,1.7152941176470589,Orta Segment,Çapraz Satış Önerisi
12514,267,2,1597.76,Italy,10.0,2.7076190476190476,Pasif/Kaybedilmiş,Geri Kazanma Kampanyası
12515,353,1,278.7,Italy,8.533333333333333,4.9,Pasif/Kaybedilmiş,Geri Kazanma Kampanyası
12516,78,4,2288.62,Germany,27.6,1.3314285714285714,Orta Segment,Çapraz Satış Önerisi
12517,28,4,2301.6,Germany,4.894927536231884,2.1956159420289856,Orta Segment,Çapraz Satış Önerisi
12518,1,5,1840.89,Germany,10.974789915966387,2.2000840336134453,Sadık Müşteri,Sadakat Programı / Erken Erişim
12519,64,2,626.54,Germany,10.324324324324325,2.3951351351351353,Orta Segment,Çapraz Satış Önerisi
12520,79,5,2346.26,Germany,9.680272108843537,2.7880272108843536,Orta Segment,Çapraz Satış Önerisi
12521,143,1,545.68,Germany,8.27027027027027,2.5902702702702705,Orta Segment,Çapraz Satış Önerisi
12522,39,2,156.72,Germany,19.2,2.4010000000000002,Yeni / Potansiyel Müşteri,Hoş Geldin Kampanyası
12523,19,23,4010.35,France,9.428571428571429,3.794285714285714,Sadık Müşteri,Sadakat Programı / Erken Erişim
12524,9,17,9794.11,Germany,31.714285714285715,2.083839285714286,Sadık Müşteri,Sadakat Programı / Erken Erişim
12525,498,3,883.73,France,8.542372881355933,2.751864406779661,Orta Segment,Çapraz Satış Önerisi
12526,1,3,1172.66,Germany,9.176470588235293,2.7076470588235293,Orta Segment,Çapraz Satış Önerisi
12527,82,5,717.51,Germany,16.93548387096774,2.0945161290322583,Orta Segment,Çapraz Satış Önerisi
12528,9,6,1645.48,Germany,8.604651162790697,4.615,Sadık Müşteri,Sadakat Programı / Erken Erişim
12529,528,1,316.48,France,9.142857142857142,3.040952380952381,Pasif/Kaybedilmiş,Geri Kazanma Kampanyası
12530,60,9,3381.26,Germany,18.06711409395973,2.389530201342282,Orta Segment,Çapraz Satış Önerisi
12531,15,2,1771.2,Germany,8.80952380952381,2.4413492063492064,Yeni / Potansiyel Müşteri,Hoş Geldin Kampanyası
12532,30,1,313.83,France,10.066666666666666,2.744666666666667,Yeni / Potansiyel Müşteri,Hoş Geldin Kampanyası
12533,628,2,1223.89,Germany,9.942857142857143,2.883142857142857,Pasif/Kaybedilmiş,Geri Kazanma Kampanyası
12534,131,1,981.18,Germany,10.403225806451612,2.794032258064516,Orta Segment,Çapraz Satış Önerisi
12535,92,2,716.35,France,6.4411764705882355,4.451470588235294,Orta Segment,Çapraz Satış Önerisi
12536,59,1,4279.71,France,10.814671814671815,2.891158301158301,Yeni / Potansiyel Müşteri,Hoş Geldin Kampanyası
12537,409,1,612.94,Sweden,10.619047619047619,2.04,Pasif/Kaybedilmiş,Geri Kazanma Kampanyası
12538,29,2,640.45,Spain,9.882352941176471,3.828823529411765,Yeni / Potansiyel Müşteri,Hoş Geldin Kampanyası
12539,22,7,11186.75,Spain,9.013916500994036,3.7289662027833,Sadık Müşteri,Sadakat Programı / Erken Erişim
12540,20,32,19250.49,Spain,14.764546684709066,2.8576319350473613,Sadık Müşteri,Sadakat Programı / Erken Erişim
12541,30,3,841.18,Spain,13.775510204081632,2.1228571428571428,Orta Segment,Çapraz Satış Önerisi
12542,484,2,481.88,Spain,13.384615384615385,2.465128205128205,Pasif/Kaybedilmiş,Geri Kazanma Kampanyası
12543,448,1,840.25,Spain,16.261904761904763,2.008809523809524,Pasif/Kaybedilmiş,Geri Kazanma Kampanyası
12544,36,1,316.7,Spain,7.444444444444445,2.778888888888889,Yeni / Potansiyel Müşteri,Hoş Geldin Kampanyası
12545,75,2,832.39,Spain,10.770833333333334,3.0247916666666668,Orta Segment,Çapraz Satış Önerisi
12546,47,2,1021.5,Spain,9.373134328358208,2.458955223880597,Yeni / Potansiyel Müşteri,Hoş Geldin Kampanyası
12547,198,3,299.58,Spain,17.0,1.0927777777777776,Orta Segment,Çapraz Satış Önerisi
12548,166,1,67.2,Spain,12.0,1.4,Orta Segment,Çapraz Satış Önerisi
12549,576,5,1570.68,USA,28.4375,1.5789583333333332,Kaybedilme Riski (Değerli),Yüksek İndirim / Kişisel Teklif
12550,79,1,824.83,Spain,10.071428571428571,2.6455357142857143,Orta Segment,Çapraz Satış Önerisi
12551,358,1,168.0,Spain,10.0,1.6800000000000002,Pasif/Kaybedilmiş,Geri Kazanma Kampanyası
12552,40,1,317.82,Italy,4.473684210526316,7.49,Yeni / Potansiyel Müşteri,Hoş Geldin Kampanyası
12553,8,12,4104.75,France,10.118942731277533,2.7823348017621146,Sadık Müşteri,Sadakat Programı / Erken Erişim
12554,449,1,384.5,Spain,9.48,2.8572,Pasif/Kaybedilmiş,Geri Kazanma Kampanyası
12556,50,2,599.56,Spain,2.9831932773109244,2.6860504201680673,Yeni / Potansiyel Müşteri,Hoş Geldin Kampanyası
12557,16,8,18096.14,Spain,120.41509433962264,2.230377358490566,Sadık Müşteri,Sadakat Programı / Erken Erişim
12558,8,1,269.96,USA,17.818181818181817,1.25,Yeni / Potansiyel Müşteri,Hoş Geldin Kampanyası
12559,311,2,525.71,Germany,14.05,2.8265000000000002,Pasif/Kaybedilmiş,Geri Kazanma Kampanyası
12560,5,2,1918.01,Germany,10.660194174757281,2.5622330097087382,Yeni / Potansiyel Müşteri,Hoş Geldin Kampanyası
12561,303,1,238.85,Germany,11.0625,2.964375,Pasif/Kaybedilmiş,Geri Kazanma Kampanyası
12562,8,9,4426.92,France,11.6010101010101,2.595909090909091,Sadık Müşteri,Sadakat Programı / Erken Erişim
12563,409,1,221.24,Italy,9.333333333333334,1.915,Pasif/Kaybedilmiş,Geri Kazanma Kampanyası
12564,261,1,402.9,France,6.5,4.955,Pasif/Kaybedilmiş,Geri Kazanma Kampanyası
12565,289,1,145.92,Saudi Arabia,8.88888888888889,2.351111111111111,Pasif/Kaybedilmiş,Geri Kazanma Kampanyası
12566,86,1,297.65,Germany,14.555555555555555,3.1205555555555557,Orta Segment,Çapraz Satış Önerisi
12567,23,15,10741.48,France,9.670349907918968,3.1930202578268876,Sadık Müşteri,Sadakat Programı / Erken Erişim
12568,645,1,52.0,Germany,11.75,3.2925,Pasif/Kaybedilmiş,Geri Kazanma Kampanyası
12569,2,32,3152.69,Germany,11.127388535031848,2.9535031847133757,Sadık Müşteri,Sadakat Programı / Erken Erişim
12571,40,2,519.61,France,15.382352941176471,1.3205882352941176,Yeni / Potansiyel Müşteri,Hoş Geldin Kampanyası
12572,9,2,912.42,Germany,7.689655172413793,3.752931034482759,Yeni / Potansiyel Müşteri,Hoş Geldin Kampanyası
12573,227,5,717.41,France,4.025210084033613,2.213361344537815,Orta Segment,Çapraz Satış Önerisi
12574,316,1,182.45,France,5.9,3.9200000000000004,Pasif/Kaybedilmiş,Geri Kazanma Kampanyası
12575,457,2,568.82,France,8.666666666666666,2.7686111111111114,Pasif/Kaybedilmiş,Geri Kazanma Kampanyası
12576,36,8,2062.72,Poland,10.581560283687944,2.3147517730496454,Sadık Müşteri,Sadakat Programı / Erken Erişim
12577,35,8,1613.15,France,4.006734006734007,1.7773063973063974,Sadık Müşteri,Sadakat Programı / Erken Erişim
12578,21,4,4026.45,Italy,14.035714285714286,2.5204166666666667,Orta Segment,Çapraz Satış Önerisi
12579,78,1,386.42,France,10.071428571428571,2.815,Orta Segment,Çapraz Satış Önerisi
12580,247,2,962.9,Germany,10.071428571428571,2.056964285714286,Pasif/Kaybedilmiş,Geri Kazanma Kampanyası
12581,40,1,179.71,Germany,11.428571428571429,1.8135714285714286,Yeni / Potansiyel Müşteri,Hoş Geldin Kampanyası
12582,239,4,1820.4,Finland,9.712871287128714,3.13980198019802,Orta Segment,Çapraz Satış Önerisi
12583,3,27,12493.58,France,20.22434367541766,2.1548448687350836,Sadık Müşteri,Sadakat Programı / Erken Erişim
12584,4,9,2254.15,Italy,4.347368421052631,7.268421052631579,Sadık Müşteri,Sadakat Programı / Erken Erişim
12585,234,2,1824.1,Germany,14.905882352941177,3.1218823529411766,Pasif/Kaybedilmiş,Geri Kazanma Kampanyası
12586,17,4,2062.67,Italy,7.308510638297872,5.121489361702128,Orta Segment,Çapraz Satış Önerisi
12587,8,1,104.0,Finland,16.666666666666668,2.08,Yeni / Potansiyel Müşteri,Hoş Geldin Kampanyası
12588,39,3,718.78,Finland,10.285714285714286,4.055238095238095,Orta Segment,Çapraz Satış Önerisi
12589,29,6,3294.91,France,10.063583815028903,3.2571098265895957,Sadık Müşteri,Sadakat Programı / Erken Erişim
12590,211,1,9341.26,Germany,63.91044776119403,2.8988059701492537,Pasif/Kaybedilmiş,Geri Kazanma Kampanyası
12591,317,3,1114.95,Italy,9.923076923076923,3.3053846153846154,Orta Segment,Çapraz Satış Önerisi
12592,92,4,1723.64,Germany,24.55263157894737,1.1897368421052632,Orta Segment,Çapraz Satış Önerisi
12593,109,3,382.1,France,10.2,1.8849999999999998,Orta Segment,Çapraz Satış Önerisi
12594,38,14,4890.11,Italy,14.305699481865284,2.2697927461139895,Sadık Müşteri,Sadakat Programı / Erken Erişim
12595,505,1,281.02,Germany,15.0,2.3677777777777775,Pasif/Kaybedilmiş,Geri Kazanma Kampanyası
12596,51,2,450.27,Spain,18.72,2.5180000000000002,Yeni / Potansiyel Müşteri,Hoş Geldin Kampanyası
12597,19,4,3195.22,Spain,10.96039603960396,3.4656930693069308,Orta Segment,Çapraz Satış Önerisi
12598,10,10,4192.09,France,14.507537688442211,2.2725628140703518,Sadık Müşteri,Sadakat Programı / Erken Erişim
12599,29,13,2026.72,France,18.116666666666667,1.1259166666666667,Sadık Müşteri,Sadakat Programı / Erken Erişim
12600,29,20,4385.85,Germany,12.376146788990825,3.6913761467889907,Sadık Müşteri,Sadakat Programı / Erken Erişim
12601,190,6,573.26,Germany,10.142857142857142,4.402142857142858,Orta Segment,Çapraz Satış Önerisi
12602,59,1,153.12,France,13.5,1.9708333333333332,Yeni / Potansiyel Müşteri,Hoş Geldin Kampanyası
12603,22,1,613.2,Germany,56.0,10.95,Yeni / Potansiyel Müşteri,Hoş Geldin Kampanyası
12604,79,2,236.18,France,13.333333333333334,1.564,Orta Segment,Çapraz Satış Önerisi
12605,376,3,1124.95,Germany,12.791666666666666,1.5976388888888888,Orta Segment,Çapraz Satış Önerisi
12607,60,1,1579.51,USA,12.158415841584159,2.1577227722772276,Orta Segment,Çapraz Satış Önerisi
12608,405,1,415.79,United Kingdom,20.1875,1.6275,Pasif/Kaybedilmiş,Geri Kazanma Kampanyası
12609,78,9,3021.86,Germany,9.216867469879517,3.1838554216867467,Orta Segment,Çapraz Satış Önerisi
12610,23,4,1747.54,Italy,10.186274509803921,3.7707843137254904,Orta Segment,Çapraz Satış Önerisi
12611,52,1,1193.32,Italy,13.015384615384615,2.675076923076923,Yeni / Potansiyel Müşteri,Hoş Geldin Kampanyası
12612,74,1,668.04,Germany,14.444444444444445,3.6855555555555557,Orta Segment,Çapraz Satış Önerisi
12613,57,9,6277.37,Germany,13.018927444794953,2.500567823343849,Sadık Müşteri,Sadakat Programı / Erken Erişim
12614,278,1,315.6,Germany,3.8,5.61,Pasif/Kaybedilmiş,Geri Kazanma Kampanyası
12615,2,8,5362.98,France,12.484848484848484,2.7225,Sadık Müşteri,Sadakat Programı / Erken Erişim
12616,95,3,1023.1,France,9.647058823529411,2.925490196078431,Orta Segment,Çapraz Satış Önerisi
12617,29,1,352.98,France,5.121951219512195,1.928780487804878,Yeni / Potansiyel Müşteri,Hoş Geldin Kampanyası
12618,22,1,137.31,Italy,9.5,3.3020000000000005,Yeni / Potansiyel Müşteri,Hoş Geldin Kampanyası
12619,16,9,3085.7,Germany,38.04347826086956,1.5748913043478259,Sadık Müşteri,Sadakat Programı / Erken Erişim
12620,15,3,1303.41,France,12.956043956043956,1.9736263736263735,Orta Segment,Çapraz Satış Önerisi
12621,2,35,22097.2,Germany,18.761049723756905,2.3523480662983425,Sadık Müşteri,Sadakat Programı / Erken Erişim
12622,232,1,162.1,Germany,6.8,4.513,Pasif/Kaybedilmiş,Geri Kazanma Kampanyası
12623,276,7,3315.84,Germany,11.728915662650602,2.333192771084337,Kaybedilme Riski (Değerli),Yüksek İndirim / Kişisel Teklif
12624,106,2,569.13,France,9.75,3.087222222222222,Orta Segment,Çapraz Satış Önerisi
12625,212,4,4678.88,Germany,18.335195530726256,1.9578212290502792,Orta Segment,Çapraz Satış Önerisi
12626,23,9,5954.48,Germany,11.985964912280702,2.341719298245614,Sadık Müşteri,Sadakat Programı / Erken Erişim
12627,11,6,4082.53,Germany,12.1875,2.534464285714286,Sadık Müşteri,Sadakat Programı / Erken Erişim
12628,4,3,732.46,Germany,11.710526315789474,2.453684210526316,Orta Segment,Çapraz Satış Önerisi
12629,386,2,1198.22,Sweden,16.58139534883721,2.3232558139534887,Pasif/Kaybedilmiş,Geri Kazanma Kampanyası
12630,10,2,1030.88,Finland,8.741935483870968,3.3408064516129032,Yeni / Potansiyel Müşteri,Hoş Geldin Kampanyası
12631,57,6,3321.57,Finland,8.807692307692308,2.928956043956044,Sadık Müşteri,Sadakat Programı / Erken Erişim
12632,521,2,714.88,Germany,20.87878787878788,1.2778787878787878,Pasif/Kaybedilmiş,Geri Kazanma Kampanyası
12633,59,7,5156.16,Germany,10.732441471571907,2.6983612040133775,Sadık Müşteri,Sadakat Programı / Erken Erişim
12634,548,1,360.0,USA,17.68421052631579,1.3447368421052632,Pasif/Kaybedilmiş,Geri Kazanma Kampanyası
12635,90,4,2624.41,Germany,11.04,2.2901714285714285,Orta Segment,Çapraz Satış Önerisi
12637,67,12,8085.81,France,6.949263502454992,2.4601145662847794,Orta Segment,Çapraz Satış Önerisi
12638,33,2,681.49,Sweden,14.282608695652174,1.7791304347826087,Yeni / Potansiyel Müşteri,Hoş Geldin Kampanyası
12639,239,3,1072.37,Sweden,10.245901639344263,2.7244262295081967,Orta Segment,Çapraz Satış Önerisi
12640,24,3,994.58,France,6.02,4.98,Orta Segment,Çapraz Satış Önerisi
12641,115,1,145.9,Sweden,7.888888888888889,3.2944444444444443,Orta Segment,Çapraz Satış Önerisi
12642,25,3,905.26,Germany,12.409090909090908,2.608181818181818,Orta Segment,Çapraz Satış Önerisi
12643,128,11,7803.82,France,110.52380952380952,1.885,Orta Segment,Çapraz Satış Önerisi
12644,130,4,1900.49,Germany,9.372727272727273,3.2664545454545455,Orta Segment,Çapraz Satış Önerisi
12645,34,8,3215.3,Germany,13.861842105263158,1.8119078947368423,Sadık Müşteri,Sadakat Programı / Erken Erişim
12646,5,2,1346.97,USA,19.933333333333334,2.387111111111111,Yeni / Potansiyel Müşteri,Hoş Geldin Kampanyası
12647,22,35,14109.55,Germany,13.409090909090908,3.3722933884297523,Sadık Müşteri,Sadakat Programı / Erken Erişim
12648,155,4,1039.0,Germany,8.40983606557377,3.0350819672131144,Orta Segment,Çapraz Satış Önerisi
12649,107,8,2096.65,Germany,17.392857142857142,1.8952678571428572,Orta Segment,Çapraz Satış Önerisi
12650,3,1,242.44,France,13.157894736842104,1.0889473684210527,Yeni / Potansiyel Müşteri,Hoş Geldin Kampanyası
12651,335,4,377.75,France,8.833333333333334,2.04,Orta Segment,Çapraz Satış Önerisi
12652,331,2,891.03,France,10.58,2.7214,Pasif/Kaybedilmiş,Geri Kazanma Kampanyası
12653,149,3,4160.83,Israel,19.546511627906977,2.751046511627907,Orta Segment,Çapraz Satış Önerisi
12654,11,5,529.98,Germany,7.647058823529412,2.8229411764705885,Sadık Müşteri,Sadakat Programı / Erken Erişim
12655,424,1,243.35,France,5.266666666666667,4.656666666666666,Pasif/Kaybedilmiş,Geri Kazanma Kampanyası
12656,17,8,5723.83,France,11.807531380753138,3.415899581589958,Sadık Müşteri,Sadakat Programı / Erken Erişim
12657,11,4,1427.18,France,23.454545454545453,4.16159090909091,Orta Segment,Çapraz Satış Önerisi
12658,19,1,632.05,Germany,9.057142857142857,3.717714285714286,Yeni / Potansiyel Müşteri,Hoş Geldin Kampanyası
12659,30,1,73.68,France,26.0,2.135,Yeni / Potansiyel Müşteri,Hoş Geldin Kampanyası
12660,11,1,227.1,France,10.5,2.6875,Yeni / Potansiyel Müşteri,Hoş Geldin Kampanyası
12661,436,1,162.0,Sweden,19.636363636363637,0.8772727272727273,Pasif/Kaybedilmiş,Geri Kazanma Kampanyası
12662,1,20,6130.54,Germany,9.11021505376344,2.6734408602150537,Sadık Müşteri,Sadakat Programı / Erken Erişim
12663,625,2,185.4,Germany,22.25,2.8,Pasif/Kaybedilmiş,Geri Kazanma Kampanyası
12664,8,11,5420.04,Finland,43.411764705882355,3.4094117647058826,Sadık Müşteri,Sadakat Programı / Erken Erişim
12665,325,3,259.6,Germany,11.571428571428571,2.117857142857143,Orta Segment,Çapraz Satış Önerisi
12666,394,1,1248.42,Israel,11.935483870967742,3.846774193548387,Pasif/Kaybedilmiş,Geri Kazanma Kampanyası
12667,58,1,460.13,Finland,12.21875,2.4875,Yeni / Potansiyel Müşteri,Hoş Geldin Kampanyası
12668,12,9,9906.03,Germany,9.438330170777988,2.997343453510436,Sadık Müşteri,Sadakat Programı / Erken Erişim
12669,151,2,1427.73,France,11.26530612244898,2.1997959183673466,Orta Segment,Çapraz Satış Önerisi
12670,10,7,3436.29,France,14.898148148148149,2.7676851851851856,Sadık Müşteri,Sadakat Programı / Erken Erişim
12671,606,1,2622.48,Germany,32.44444444444444,2.7264666666666666,Pasif/Kaybedilmiş,Geri Kazanma Kampanyası
12672,330,2,407.05,France,6.476190476190476,4.0285714285714285,Pasif/Kaybedilmiş,Geri Kazanma Kampanyası
12673,5,3,1140.02,Germany,9.652777777777779,2.546388888888889,Orta Segment,Çapraz Satış Önerisi
12674,39,4,1844.6,France,14.253164556962025,2.4827848101265824,Orta Segment,Çapraz Satış Önerisi
12675,554,2,873.25,Italy,3.0,3.583963963963964,Pasif/Kaybedilmiş,Geri Kazanma Kampanyası
12676,25,10,2333.09,Sweden,19.11340206185567,1.7062886597938143,Sadık Müşteri,Sadakat Programı / Erken Erişim
12677,555,2,359.1,France,9.157894736842104,2.5868421052631576,Pasif/Kaybedilmiş,Geri Kazanma Kampanyası
12678,42,17,32855.18,France,61.060109289617486,2.420655737704918,Sadık Müşteri,Sadakat Programı / Erken Erişim
12679,59,4,951.02,France,12.386363636363637,2.731818181818182,Orta Segment,Çapraz Satış Önerisi
12680,1,4,790.81,France,8.959183673469388,2.7585714285714285,Orta Segment,Çapraz Satış Önerisi
12681,15,44,26936.76,France,12.217548948513416,2.514706308919507,Sadık Müşteri,Sadakat Programı / Erken Erişim
12682,4,51,20736.22,France,11.051009564293304,2.8799574920297557,Sadık Müşteri,Sadakat Programı / Erken Erişim
12683,4,20,10445.7,France,14.846153846153847,2.2070726495726496,Sadık Müşteri,Sadakat Programı / Erken Erişim
12684,8,6,2073.63,France,20.132653061224488,1.4620408163265306,Sadık Müşteri,Sadakat Programı / Erken Erişim
12685,28,6,2575.08,France,9.980132450331126,2.4778145695364238,Sadık Müşteri,Sadakat Programı / Erken Erişim
12686,372,1,71.14,France,17.666666666666668,0.8016666666666666,Pasif/Kaybedilmiş,Geri Kazanma Kampanyası
12687,481,1,1858.91,Sweden,11.216,2.27944,Pasif/Kaybedilmiş,Geri Kazanma Kampanyası
12688,114,1,4873.81,Israel,17.707602339181285,4.124736842105263,Orta Segment,Çapraz Satış Önerisi
12689,26,2,1139.61,France,8.885714285714286,2.419142857142857,Yeni / Potansiyel Müşteri,Hoş Geldin Kampanyası
12690,206,1,335.01,France,6.866666666666666,4.695333333333334,Pasif/Kaybedilmiş,Geri Kazanma Kampanyası
12691,28,6,1044.4,France,13.272727272727273,2.7484848484848485,Sadık Müşteri,Sadakat Programı / Erken Erişim
12692,637,1,110.95,France,2.769230769230769,3.123076923076923,Pasif/Kaybedilmiş,Geri Kazanma Kampanyası
12693,127,7,1415.02,Germany,7.222222222222222,3.813472222222222,Orta Segment,Çapraz Satış Önerisi
12694,70,3,1663.35,France,16.8125,2.341,Orta Segment,Çapraz Satış Önerisi
12695,7,7,1371.12,France,7.793103448275862,5.167586206896552,Sadık Müşteri,Sadakat Programı / Erken Erişim
12696,435,2,731.91,Finland,11.936170212765957,1.7317021276595745,Pasif/Kaybedilmiş,Geri Kazanma Kampanyası
12697,29,3,757.59,Sweden,13.236842105263158,2.266578947368421,Orta Segment,Çapraz Satış Önerisi
12698,590,1,285.75,Germany,7.2,4.24,Pasif/Kaybedilmiş,Geri Kazanma Kampanyası
12699,418,1,566.11,Germany,9.225,2.739,Pasif/Kaybedilmiş,Geri Kazanma Kampanyası
12700,8,4,4525.99,France,11.151515151515152,2.3868560606060605,Orta Segment,Çapraz Satış Önerisi
12701,80,6,2248.41,Germany,12.170212765957446,2.3404255319148937,Orta Segment,Çapraz Satış Önerisi
12702,20,1,201.0,Germany,4.7272727272727275,4.3,Yeni / Potansiyel Müşteri,Hoş Geldin Kampanyası
12703,71,4,898.53,Germany,8.414285714285715,2.058142857142857,Orta Segment,Çapraz Satış Önerisi
12704,7,8,1740.84,Finland,12.234567901234568,3.5271604938271603,Sadık Müşteri,Sadakat Programı / Erken Erişim
12705,15,13,11114.1,Germany,12.122033898305085,2.381627118644068,Sadık Müşteri,Sadakat Programı / Erken Erişim
12707,292,1,603.42,France,7.757575757575758,3.236666666666667,Pasif/Kaybedilmiş,Geri Kazanma Kampanyası
12708,30,18,4559.66,Germany,8.636690647482014,3.2366546762589925,Sadık Müşteri,Sadakat Programı / Erken Erişim
12709,15,32,29487.18,Germany,28.629166666666666,2.921,Sadık Müşteri,Sadakat Programı / Erken Erişim
12710,97,3,1023.02,Germany,11.405405405405405,2.098918918918919,Orta Segment,Çapraz Satış Önerisi
12711,612,2,1213.05,Germany,13.155172413793103,2.047586206896552,Pasif/Kaybedilmiş,Geri Kazanma Kampanyası
12712,29,21,5985.03,Germany,9.208510638297872,4.18931914893617,Sadık Müşteri,Sadakat Programı / Erken Erişim
12713,1,1,794.55,Germany,13.64864864864865,2.0845945945945945,Yeni / Potansiyel Müşteri,Hoş Geldin Kampanyası
12714,9,12,12815.71,France,12.723684210526315,2.296637426900585,Sadık Müşteri,Sadakat Programı / Erken Erişim
12715,106,1,263.36,Sweden,10.0,1.5442105263157895,Orta Segment,Çapraz Satış Önerisi
12716,4,2,963.49,France,10.492537313432836,2.2080597014925374,Yeni / Potansiyel Müşteri,Hoş Geldin Kampanyası
12717,151,3,1058.91,Greece,8.75,2.9741176470588235,Orta Segment,Çapraz Satış Önerisi
12718,71,1,202.25,France,11.166666666666666,1.8733333333333333,Orta Segment,Çapraz Satış Önerisi
12719,5,2,572.95,France,10.0,2.868918918918919,Yeni / Potansiyel Müşteri,Hoş Geldin Kampanyası
12720,3,29,6905.28,Germany,12.864224137931034,2.2311422413793105,Sadık Müşteri,Sadakat Programı / Erken Erişim
12721,32,8,3635.08,France,11.402597402597403,2.884891774891775,Sadık Müşteri,Sadakat Programı / Erken Erişim
12722,85,4,979.63,France,10.865384615384615,3.3436538461538463,Orta Segment,Çapraz Satış Önerisi
12723,4,5,707.07,France,6.367647058823529,2.9847058823529413,Sadık Müşteri,Sadakat Programı / Erken Erişim
12724,5,7,2083.52,France,11.19672131147541,2.384262295081967,Sadık Müşteri,Sadakat Programı / Erken Erişim
12725,371,3,1906.76,Italy,11.029126213592233,3.449805825242718,Orta Segment,Çapraz Satış Önerisi
12726,28,11,3690.6,France,27.38095238095238,1.150297619047619,Sadık Müşteri,Sadakat Programı / Erken Erişim
12727,11,10,4905.53,France,14.450777202072539,2.519481865284974,Sadık Müşteri,Sadakat Programı / Erken Erişim
12728,71,5,926.17,France,9.553571428571429,3.2912500000000002,Orta Segment,Çapraz Satış Önerisi
12729,114,1,417.01,France,9.24,3.1296,Orta Segment,Çapraz Satış Önerisi
12730,522,1,703.25,Germany,4.934782608695652,4.631521739130435,Pasif/Kaybedilmiş,Geri Kazanma Kampanyası
12731,24,17,25631.71,France,29.676020408163264,3.3377040816326526,Sadık Müşteri,Sadakat Programı / Erken Erişim
12732,180,1,218.26,France,10.0,2.2063636363636365,Orta Segment,Çapraz Satış Önerisi
12733,234,4,2424.02,USA,5.737179487179487,3.434038461538462,Orta Segment,Çapraz Satış Önerisi
12734,353,3,603.65,France,14.61111111111111,3.0494444444444446,Orta Segment,Çapraz Satış Önerisi
12735,315,2,689.57,France,8.853658536585366,4.802439024390243,Pasif/Kaybedilmiş,Geri Kazanma Kampanyası
12736,333,1,144.0,France,56.0,1.4400000000000002,Pasif/Kaybedilmiş,Geri Kazanma Kampanyası
12737,499,1,100.0,France,1.0,100.0,Pasif/Kaybedilmiş,Geri Kazanma Kampanyası
12738,372,1,137.35,Germany,14.7,2.545,Pasif/Kaybedilmiş,Geri Kazanma Kampanyası
12739,99,2,2421.23,United Arab Emirates,11.023255813953488,4.900232558139535,Orta Segment,Çapraz Satış Önerisi
12740,64,1,427.6,France,12.666666666666666,2.074074074074074,Orta Segment,Çapraz Satış Önerisi
12741,533,1,236.07,USA,14.2,1.7020000000000002,Pasif/Kaybedilmiş,Geri Kazanma Kampanyası
12742,626,1,1201.52,United Arab Emirates,20.28358208955224,1.7086567164179105,Pasif/Kaybedilmiş,Geri Kazanma Kampanyası
12743,134,2,540.13,Unspecified,2.404580152671756,3.069618320610687,Orta Segment,Çapraz Satış Önerisi
12744,56,8,13158.16,Singapore,21.045180722891565,3.5048192771084334,Sadık Müşteri,Sadakat Programı / Erken Erişim
12745,487,2,723.85,United Kingdom,21.227272727272727,3.0900000000000003,Pasif/Kaybedilmiş,Geri Kazanma Kampanyası
12746,541,1,254.55,United Kingdom,5.705882352941177,3.476470588235294,Pasif/Kaybedilmiş,Geri Kazanma Kampanyası
12747,2,26,8898.48,United Kingdom,10.602409638554217,4.388433734939759,Sadık Müşteri,Sadakat Programı / Erken Erişim
12748,1,322,49176.74,United Kingdom,5.620405673326216,2.4152386762238827,Sadık Müşteri,Sadakat Programı / Erken Erişim
12749,4,9,6897.36,United Kingdom,6.982248520710059,5.4790828402366865,Sadık Müşteri,Sadakat Programı / Erken Erişim
12750,129,1,275.88,Poland,9.133333333333333,4.62,Orta Segment,Çapraz Satış Önerisi
12751,445,1,268.27,Brazil,3.0483870967741935,1.834032258064516,Pasif/Kaybedilmiş,Geri Kazanma Kampanyası
12752,81,1,4366.78,Norway,42.679245283018865,2.2941509433962266,Orta Segment,Çapraz Satış Önerisi
12753,23,6,21429.39,Japan,57.974619289340104,2.3373604060913706,Sadık Müşteri,Sadakat Programı / Erken Erişim
12754,236,3,3010.74,Japan,102.87301587301587,1.125079365079365,Orta Segment,Çapraz Satış Önerisi
12755,281,11,5236.26,Japan,36.3968253968254,2.1326984126984128,Kaybedilme Riski (Değerli),Yüksek İndirim / Kişisel Teklif
12756,87,1,112.08,Japan,36.0,0.7424999999999999,Orta Segment,Çapraz Satış Önerisi
12757,16,9,4176.75,Portugal,6.667597765363128,2.1466201117318437,Sadık Müşteri,Sadakat Programı / Erken Erişim
12758,117,7,9903.24,Portugal,19.664536741214057,2.2553035143769966,Orta Segment,Çapraz Satış Önerisi
12759,52,8,4618.74,Netherlands,10.806122448979592,2.5121768707482994,Sadık Müşteri,Sadakat Programı / Erken Erişim
12760,456,1,317.8,Netherlands,9.8,2.378,Pasif/Kaybedilmiş,Geri Kazanma Kampanyası
12761,465,1,712.95,Netherlands,11.08,3.1460000000000004,Pasif/Kaybedilmiş,Geri Kazanma Kampanyası
12762,8,2,1702.52,Portugal,18.208955223880597,1.9819402985074626,Yeni / Potansiyel Müşteri,Hoş Geldin Kampanyası
12763,138,2,494.08,Japan,17.555555555555557,1.7716666666666667,Orta Segment,Çapraz Satış Önerisi
12764,317,1,1693.88,Lebanon,8.577777777777778,5.387555555555555,Pasif/Kaybedilmiş,Geri Kazanma Kampanyası
12765,472,6,1299.58,Netherlands,16.161290322580644,1.4569354838709676,Kaybedilme Riski (Değerli),Yüksek İndirim / Kişisel Teklif
12766,4,9,8134.99,Portugal,12.61111111111111,2.5246464646464646,Sadık Müşteri,Sadakat Programı / Erken Erişim
12767,376,1,949.82,Korea,13.906976744186046,2.0948837209302327,Pasif/Kaybedilmiş,Geri Kazanma Kampanyası
12768,451,1,168.69,Korea,10.2,3.008,Pasif/Kaybedilmiş,Geri Kazanma Kampanyası
12769,239,1,1143.6,Brazil,11.125,4.45625,Pasif/Kaybedilmiş,Geri Kazanma Kampanyası
12770,211,2,3246.45,Japan,65.82142857142857,2.6867857142857146,Pasif/Kaybedilmiş,Geri Kazanma Kampanyası
12771,486,1,226.3,Portugal,7.285714285714286,4.060714285714285,Pasif/Kaybedilmiş,Geri Kazanma Kampanyası
12772,60,1,752.47,Portugal,10.203703703703704,3.2507407407407407,Orta Segment,Çapraz Satış Önerisi
12773,564,1,124.25,Portugal,18.166666666666668,2.018333333333333,Pasif/Kaybedilmiş,Geri Kazanma Kampanyası
12774,536,1,83.7,Netherlands,10.4,1.7600000000000002,Pasif/Kaybedilmiş,Geri Kazanma Kampanyası
12775,17,7,1551.12,Netherlands,14.513513513513514,2.742837837837838,Sadık Müşteri,Sadakat Programı / Erken Erişim
12776,668,1,27.5,Portugal,15.0,0.7066666666666667,Pasif/Kaybedilmiş,Geri Kazanma Kampanyası
12777,458,1,519.45,United Kingdom,17.615384615384617,3.200384615384615,Pasif/Kaybedilmiş,Geri Kazanma Kampanyası
12778,20,9,1541.68,Netherlands,16.38095238095238,1.9490476190476191,Sadık Müşteri,Sadakat Programı / Erken Erişim
12779,38,14,6474.11,Poland,13.014869888475836,3.1802230483271376,Sadık Müşteri,Sadakat Programı / Erken Erişim
12780,599,1,322.4,Netherlands,14.947368421052632,2.407368421052632,Pasif/Kaybedilmiş,Geri Kazanma Kampanyası
12781,64,2,786.74,Czech Republic,27.916666666666668,1.5945833333333332,Orta Segment,Çapraz Satış Önerisi
12782,5,11,3862.24,Portugal,9.170506912442397,2.839815668202765,Sadık Müşteri,Sadakat Programı / Erken Erişim
12783,2,4,1295.87,Portugal,7.833333333333333,3.758461538461539,Orta Segment,Çapraz Satış Önerisi
12784,15,2,1511.15,Portugal,6.716535433070866,2.8996062992125986,Yeni / Potansiyel Müşteri,Hoş Geldin Kampanyası
12785,364,3,904.4,Portugal,8.415094339622641,4.068867924528302,Orta Segment,Çapraz Satış Önerisi
12786,610,1,668.5,Netherlands,18.823529411764707,2.4000000000000004,Pasif/Kaybedilmiş,Geri Kazanma Kampanyası
12787,10,4,799.18,Netherlands,12.65,1.87725,Orta Segment,Çapraz Satış Önerisi
12788,463,4,384.9,Netherlands,8.636363636363637,2.140909090909091,Orta Segment,Çapraz Satış Önerisi
12789,65,3,225.35,Netherlands,6.6,17.35,Orta Segment,Çapraz Satış Önerisi
12790,192,2,546.85,Netherlands,8.657142857142857,3.8957142857142855,Pasif/Kaybedilmiş,Geri Kazanma Kampanyası
12791,374,5,656.83,Netherlands,15.772727272727273,2.71,Orta Segment,Çapraz Satış Önerisi
12792,257,2,715.01,Portugal,8.666666666666666,2.9451111111111112,Pasif/Kaybedilmiş,Geri Kazanma Kampanyası
12793,335,3,745.53,Portugal,11.121951219512194,2.036341463414634,Orta Segment,Çapraz Satış Önerisi
12794,53,2,860.41,Portugal,13.155555555555555,2.077111111111111,Yeni / Potansiyel Müşteri,Hoş Geldin Kampanyası
12795,19,1,318.48,Portugal,4.923076923076923,6.133076923076923,Yeni / Potansiyel Müşteri,Hoş Geldin Kampanyası
12796,628,1,351.0,Netherlands,30.0,1.95,Pasif/Kaybedilmiş,Geri Kazanma Kampanyası
12797,366,2,468.08,Portugal,7.571428571428571,3.6846428571428573,Pasif/Kaybedilmiş,Geri Kazanma Kampanyası
12798,10,4,8510.93,Japan,256.2121212121212,0.9006060606060605,Orta Segment,Çapraz Satış Önerisi
12799,529,1,219.35,Japan,9.133333333333333,2.8366666666666664,Pasif/Kaybedilmiş,Geri Kazanma Kampanyası
12800,470,2,500.25,Portugal,8.78125,2.3268750000000002,Pasif/Kaybedilmiş,Geri Kazanma Kampanyası
12801,501,1,871.82,Sweden,10.204081632653061,3.8748979591836736,Pasif/Kaybedilmiş,Geri Kazanma Kampanyası
12802,187,5,2186.42,Netherlands,14.931297709923664,2.037557251908397,Orta Segment,Çapraz Satış Önerisi
12803,393,1,1017.81,Netherlands,16.055555555555557,1.5701851851851854,Pasif/Kaybedilmiş,Geri Kazanma Kampanyası
12804,466,2,325.37,Netherlands,4.090909090909091,2.022878787878788,Pasif/Kaybedilmiş,Geri Kazanma Kampanyası
12805,382,4,1230.95,Netherlands,10.75925925925926,2.699074074074074,Orta Segment,Çapraz Satış Önerisi
12806,572,2,2558.96,Netherlands,32.5625,1.96484375,Pasif/Kaybedilmiş,Geri Kazanma Kampanyası
12807,383,1,250.35,Sweden,9.533333333333333,4.253333333333333,Pasif/Kaybedilmiş,Geri Kazanma Kampanyası
12808,37,5,748.7,Portugal,6.978260869565218,3.0226086956521736,Sadık Müşteri,Sadakat Programı / Erken Erişim
12809,178,3,1384.34,Portugal,6.512820512820513,4.5053846153846155,Orta Segment,Çapraz Satış Önerisi
12810,535,2,534.99,Japan,12.15625,1.9415625,Pasif/Kaybedilmiş,Geri Kazanma Kampanyası
12811,262,4,893.9,Portugal,8.411764705882353,2.5843137254901962,Orta Segment,Çapraz Satış Önerisi
12812,45,1,229.64,Japan,10.933333333333334,2.0686666666666667,Yeni / Potansiyel Müşteri,Hoş Geldin Kampanyası
12813,502,3,1621.8,Netherlands,27.0,1.7035714285714285,Orta Segment,Çapraz Satış Önerisi
12814,102,1,85.92,Poland,48.0,1.79,Orta Segment,Çapraz Satış Önerisi
12815,148,2,863.46,Poland,8.311111111111112,3.863777777777778,Orta Segment,Çapraz Satış Önerisi
12816,96,2,452.2,Poland,4.62962962962963,6.524074074074075,Orta Segment,Çapraz Satış Önerisi
12817,281,3,570.98,Austria,9.818181818181818,3.212727272727273,Orta Segment,Çapraz Satış Önerisi
12818,262,1,1182.08,Austria,70.76923076923077,4.197692307692308,Pasif/Kaybedilmiş,Geri Kazanma Kampanyası
12819,458,1,540.52,United Kingdom,18.105263157894736,3.3342105263157897,Pasif/Kaybedilmiş,Geri Kazanma Kampanyası
12820,3,11,2689.52,United Kingdom,12.352201257861635,2.490691823899371,Sadık Müşteri,Sadakat Programı / Erken Erişim
12821,214,2,220.8,United Kingdom,12.461538461538462,2.4061538461538463,Pasif/Kaybedilmiş,Geri Kazanma Kampanyası
12822,71,2,948.88,United Kingdom,11.956521739130435,2.692608695652174,Orta Segment,Çapraz Satış Önerisi
12823,75,18,6501.5,United Kingdom,51.666666666666664,6.905555555555555,Orta Segment,Çapraz Satış Önerisi
12824,60,1,397.12,United Kingdom,9.28,2.5356,Orta Segment,Çapraz Satış Önerisi
12825,521,2,518.63,United Kingdom,5.791666666666667,6.155833333333334,Pasif/Kaybedilmiş,Geri Kazanma Kampanyası
12826,3,12,2800.75,United Kingdom,12.197452229299364,1.9814012738853501,Sadık Müşteri,Sadakat Programı / Erken Erişim
12827,6,3,430.15,United Kingdom,7.88,2.8680000000000003,Orta Segment,Çapraz Satış Önerisi
12828,3,6,1018.71,United Kingdom,8.821428571428571,3.09,Sadık Müşteri,Sadakat Programı / Erken Erişim
12829,337,3,385.3,United Kingdom,28.94736842105263,7.851578947368421,Orta Segment,Çapraz Satış Önerisi
12830,38,6,6814.64,United Kingdom,259.1578947368421,1.0863157894736843,Sadık Müşteri,Sadakat Programı / Erken Erişim
12831,262,3,451.11,United Kingdom,13.772727272727273,2.830454545454545,Orta Segment,Çapraz Satış Önerisi
12832,32,2,383.03,United Kingdom,7.222222222222222,2.928888888888889,Yeni / Potansiyel Müşteri,Hoş Geldin Kampanyası
12833,145,1,417.38,United Kingdom,6.5,5.44125,Orta Segment,Çapraz Satış Önerisi
12834,283,1,312.38,United Kingdom,6.111111111111111,4.893888888888889,Pasif/Kaybedilmiş,Geri Kazanma Kampanyası
12835,428,41,5996.83,United Kingdom,3.819512195121951,3.5974471544715443,Kaybedilme Riski (Değerli),Yüksek İndirim / Kişisel Teklif
12836,59,15,6559.73,United Kingdom,5.428223844282239,4.5592944038929435,Sadık Müşteri,Sadakat Programı / Erken Erişim
12837,173,2,662.66,United Kingdom,2.2045454545454546,4.140568181818182,Orta Segment,Çapraz Satış Önerisi
12838,34,10,2975.91,United Kingdom,4.51123595505618,2.451685393258427,Sadık Müşteri,Sadakat Programı / Erken Erişim
12839,3,26,9669.12,United Kingdom,11.873646209386282,2.1284296028880867,Sadık Müşteri,Sadakat Programı / Erken Erişim
12840,144,7,4041.97,United Kingdom,12.829545454545455,2.142443181818182,Orta Segment,Çapraz Satış Önerisi
12841,5,40,6958.2,United Kingdom,7.77639751552795,2.411319875776398,Sadık Müşteri,Sadakat Programı / Erken Erişim
12842,70,4,1917.99,United Kingdom,18.479166666666668,3.7881250000000004,Orta Segment,Çapraz Satış Önerisi
12843,66,29,6563.86,United Kingdom,13.944700460829493,4.148110599078341,Orta Segment,Çapraz Satış Önerisi
12844,29,4,648.6,United Kingdom,2.1650485436893203,3.310970873786408,Orta Segment,Çapraz Satış Önerisi
12845,267,4,354.09,United Kingdom,7.555555555555555,2.7903703703703706,Orta Segment,Çapraz Satış Önerisi
12847,22,2,1609.0,United Kingdom,12.579831932773109,1.3395798319327732,Yeni / Potansiyel Müşteri,Hoş Geldin Kampanyası
12848,676,1,208.0,United Kingdom,3.625,3.971875,Pasif/Kaybedilmiş,Geri Kazanma Kampanyası
12849,31,6,3015.98,United Kingdom,13.1,3.6385714285714283,Sadık Müşteri,Sadakat Programı / Erken Erişim
12850,446,1,330.0,United Kingdom,100.0,1.65,Pasif/Kaybedilmiş,Geri Kazanma Kampanyası
12851,97,2,280.76,United Kingdom,2.038961038961039,2.5124675324675327,Orta Segment,Çapraz Satış Önerisi
12852,295,1,311.55,United Kingdom,8.764705882352942,3.65,Pasif/Kaybedilmiş,Geri Kazanma Kampanyası
12853,135,11,3907.5,United Kingdom,11.27027027027027,4.001959459459459,Orta Segment,Çapraz Satış Önerisi
12854,79,7,2970.97,United Kingdom,6.245210727969349,2.917088122605364,Orta Segment,Çapraz Satış Önerisi
12855,373,4,612.84,United Kingdom,3.582089552238806,5.414179104477612,Orta Segment,Çapraz Satış Önerisi
12856,8,6,2170.78,United Kingdom,3.459807073954984,2.5385209003215436,Sadık Müşteri,Sadakat Programı / Erken Erişim
12857,211,6,3688.0,United Kingdom,11.735537190082646,3.6438016528925616,Kaybedilme Riski (Değerli),Yüksek İndirim / Kişisel Teklif
12858,383,1,147.27,United Kingdom,1.3783783783783783,3.282972972972973,Pasif/Kaybedilmiş,Geri Kazanma Kampanyası
12859,459,1,575.1,United Kingdom,13.904761904761905,2.7261904761904763,Pasif/Kaybedilmiş,Geri Kazanma Kampanyası
12860,693,1,54.22,United Kingdom,1.625,2.6325,Pasif/Kaybedilmiş,Geri Kazanma Kampanyası
12861,620,1,68.25,United Kingdom,6.75,6.0,Pasif/Kaybedilmiş,Geri Kazanma Kampanyası
12862,426,2,984.62,United Kingdom,4.66412213740458,2.926564885496183,Pasif/Kaybedilmiş,Geri Kazanma Kampanyası
12863,52,6,2792.55,United Kingdom,18.645833333333332,4.062291666666666,Sadık Müşteri,Sadakat Programı / Erken Erişim
12864,138,2,299.57,United Kingdom,63.857142857142854,0.6757142857142856,Orta Segment,Çapraz Satış Önerisi
12865,26,4,3323.47,Austria,10.117948717948718,3.0614358974358975,Orta Segment,Çapraz Satış Önerisi
12866,283,3,1092.35,Belgium,9.066666666666666,3.132166666666667,Orta Segment,Çapraz Satış Önerisi
12867,26,13,7829.26,United Kingdom,7.500952380952381,1.3727714285714288,Sadık Müşteri,Sadakat Programı / Erken Erişim
12868,186,8,2043.76,United Kingdom,8.73134328358209,2.6149253731343287,Orta Segment,Çapraz Satış Önerisi
12869,682,1,337.67,United Kingdom,3.891891891891892,2.576216216216216,Pasif/Kaybedilmiş,Geri Kazanma Kampanyası
12870,375,3,1676.95,United Kingdom,9.741935483870968,4.554193548387097,Orta Segment,Çapraz Satış Önerisi
12871,84,3,744.02,United Kingdom,26.88888888888889,2.808888888888889,Orta Segment,Çapraz Satış Önerisi
12872,327,12,3283.96,United Kingdom,4.16751269035533,2.610279187817259,Kaybedilme Riski (Değerli),Yüksek İndirim / Kişisel Teklif
12873,282,3,2027.3,United Kingdom,22.457142857142856,3.438,Orta Segment,Çapraz Satış Önerisi
12874,385,2,873.42,Belgium,13.434782608695652,2.5591304347826087,Pasif/Kaybedilmiş,Geri Kazanma Kampanyası
12875,143,5,1356.99,United Kingdom,648.375,0.37625000000000003,Orta Segment,Çapraz Satış Önerisi
12876,58,4,3751.79,Belgium,18.22289156626506,2.2190361445783133,Orta Segment,Çapraz Satış Önerisi
12877,4,20,2942.14,United Kingdom,8.164233576642335,1.9825912408759125,Sadık Müşteri,Sadakat Programı / Erken Erişim
12878,236,2,854.99,United Kingdom,11.638297872340425,2.0325531914893618,Pasif/Kaybedilmiş,Geri Kazanma Kampanyası
12879,45,3,573.22,United Kingdom,37.0,1.832,Orta Segment,Çapraz Satış Önerisi
12880,382,2,640.13,United Kingdom,7.75,4.122777777777778,Pasif/Kaybedilmiş,Geri Kazanma Kampanyası
12881,276,1,298.0,United Kingdom,3.0,32.971428571428575,Pasif/Kaybedilmiş,Geri Kazanma Kampanyası
12882,9,2,1463.04,United Kingdom,18.923076923076923,6.437692307692307,Yeni / Potansiyel Müşteri,Hoş Geldin Kampanyası
12883,25,4,703.47,United Kingdom,4.666666666666667,5.926904761904762,Orta Segment,Çapraz Satış Önerisi
12884,88,1,309.05,United Kingdom,6.142857142857143,15.984285714285715,Orta Segment,Çapraz Satış Önerisi
12885,63,3,1175.22,United Kingdom,9.225352112676056,3.5930985915492957,Orta Segment,Çapraz Satış Önerisi
12886,68,2,1378.4,United Kingdom,9.390243902439025,3.7206097560975615,Orta Segment,Çapraz Satış Önerisi
12887,384,1,222.4,United Kingdom,7.6923076923076925,4.742307692307692,Pasif/Kaybedilmiş,Geri Kazanma Kampanyası
12888,214,2,354.12,United Kingdom,15.2,5.896,Pasif/Kaybedilmiş,Geri Kazanma Kampanyası
12889,381,4,385.46,United Kingdom,4.96,5.0931999999999995,Orta Segment,Çapraz Satış Önerisi
12890,24,2,706.02,United Kingdom,3.3851851851851853,1.9548148148148146,Yeni / Potansiyel Müşteri,Hoş Geldin Kampanyası
12891,186,11,840.5,United Kingdom,211.36363636363637,0.3836363636363636,Orta Segment,Çapraz Satış Önerisi
12892,397,1,263.38,United Kingdom,7.777777777777778,3.31,Pasif/Kaybedilmiş,Geri Kazanma Kampanyası
12893,31,1,176.55,United Kingdom,2.903225806451613,2.2106451612903224,Yeni / Potansiyel Müşteri,Hoş Geldin Kampanyası
12894,575,1,157.35,United Kingdom,1.5714285714285714,5.633333333333333,Pasif/Kaybedilmiş,Geri Kazanma Kampanyası
12895,42,2,372.8,United Kingdom,9.545454545454545,3.222727272727273,Yeni / Potansiyel Müşteri,Hoş Geldin Kampanyası
12897,205,4,514.25,United Kingdom,17.785714285714285,3.775,Orta Segment,Çapraz Satış Önerisi
12898,464,2,296.21,United Kingdom,8.703703703703704,2.374814814814815,Pasif/Kaybedilmiş,Geri Kazanma Kampanyası
12899,414,1,366.4,United Kingdom,6.352941176470588,5.067647058823529,Pasif/Kaybedilmiş,Geri Kazanma Kampanyası
12900,422,1,340.33,United Kingdom,10.692307692307692,3.6169230769230767,Pasif/Kaybedilmiş,Geri Kazanma Kampanyası
12901,9,28,17654.54,United Kingdom,198.92241379310346,1.4663793103448275,Sadık Müşteri,Sadakat Programı / Erken Erişim
12902,265,1,138.68,United Kingdom,6.6,5.619,Pasif/Kaybedilmiş,Geri Kazanma Kampanyası
12903,429,1,833.53,United Kingdom,12.024390243902438,2.2826829268292683,Pasif/Kaybedilmiş,Geri Kazanma Kampanyası
12904,18,2,496.06,United Kingdom,4.140845070422535,3.1046478873239436,Yeni / Potansiyel Müşteri,Hoş Geldin Kampanyası
12905,577,2,1018.42,United Kingdom,9.851851851851851,3.6487037037037036,Pasif/Kaybedilmiş,Geri Kazanma Kampanyası
12906,12,5,2919.81,United Kingdom,27.761904761904763,2.551904761904762,Sadık Müşteri,Sadakat Programı / Erken Erişim
12907,396,2,508.91,United Kingdom,7.08,5.2084,Pasif/Kaybedilmiş,Geri Kazanma Kampanyası
12908,176,5,1776.0,United Kingdom,600.0,0.592,Orta Segment,Çapraz Satış Önerisi
12909,40,8,3103.19,United Kingdom,12.329113924050633,4.963417721518987,Sadık Müşteri,Sadakat Programı / Erken Erişim
12910,23,13,5796.52,United Kingdom,26.51094890510949,1.928905109489051,Sadık Müşteri,Sadakat Programı / Erken Erişim
12911,552,1,1651.72,United Kingdom,3.419491525423729,3.1703389830508475,Pasif/Kaybedilmiş,Geri Kazanma Kampanyası
12912,3,5,1662.3,United Kingdom,27.916666666666668,2.7191666666666667,Sadık Müşteri,Sadakat Programı / Erken Erişim
12913,5,13,6283.24,United Kingdom,33.54347826086956,3.099021739130435,Sadık Müşteri,Sadakat Programı / Erken Erişim
12914,401,1,223.98,United Kingdom,37.333333333333336,1.1444444444444444,Pasif/Kaybedilmiş,Geri Kazanma Kampanyası
12915,149,4,975.1,United Kingdom,6.85,5.105333333333333,Orta Segment,Çapraz Satış Önerisi
12916,139,7,4479.73,United Kingdom,9.773255813953488,4.410406976744186,Orta Segment,Çapraz Satış Önerisi
12917,128,6,4359.2,United Kingdom,22.08,3.6719999999999997,Orta Segment,Çapraz Satış Önerisi
12919,8,6,1335.19,United Kingdom,13.46,2.6044,Sadık Müşteri,Sadakat Programı / Erken Erişim
12920,17,4,486.64,United Kingdom,7.11864406779661,3.111864406779661,Orta Segment,Çapraz Satış Önerisi
12921,9,74,35233.24,United Kingdom,14.228152101400934,2.2880453635757174,Sadık Müşteri,Sadakat Programı / Erken Erişim
12922,161,1,405.38,United Kingdom,13.214285714285714,1.627857142857143,Orta Segment,Çapraz Satış Önerisi
12923,64,3,769.17,United Kingdom,3.8813559322033897,3.6154237288135596,Orta Segment,Çapraz Satış Önerisi
12924,88,12,2461.45,United Kingdom,19.47945205479452,2.4486301369863015,Orta Segment,Çapraz Satış Önerisi
12925,5,3,729.33,United Kingdom,12.98,2.117,Orta Segment,Çapraz Satış Önerisi
12926,411,4,1523.59,United Kingdom,2.8812260536398466,2.5450191570881224,Orta Segment,Çapraz Satış Önerisi
12927,395,1,197.31,United Kingdom,13.181818181818182,2.830909090909091,Pasif/Kaybedilmiş,Geri Kazanma Kampanyası
12928,35,12,4304.89,United Kingdom,16.195530726256983,1.9278212290502792,Sadık Müşteri,Sadakat Programı / Erken Erişim
12929,312,1,117.85,United Kingdom,4.625,7.11875,Pasif/Kaybedilmiş,Geri Kazanma Kampanyası
12930,78,2,415.8,United Kingdom,10.08,2.9948,Orta Segment,Çapraz Satış Önerisi
12931,22,57,92347.34,United Kingdom,288.5596330275229,1.9688990825688075,Sadık Müşteri,Sadakat Programı / Erken Erişim
12932,539,8,1698.56,United Kingdom,16.936842105263157,2.076105263157895,Kaybedilme Riski (Değerli),Yüksek İndirim / Kişisel Teklif
12933,24,8,1636.63,United Kingdom,3.283737024221453,3.120657439446367,Sadık Müşteri,Sadakat Programı / Erken Erişim
12934,737,1,181.65,United Kingdom,15.5,41.67,Pasif/Kaybedilmiş,Geri Kazanma Kampanyası
12935,2,15,4243.86,United Kingdom,12.60236220472441,2.600472440944882,Sadık Müşteri,Sadakat Programı / Erken Erişim
12936,17,4,1063.9,United Kingdom,9.016129032258064,2.033225806451613,Orta Segment,Çapraz Satış Önerisi
12937,15,9,3097.61,United Kingdom,9.138248847926267,2.3602764976958523,Sadık Müşteri,Sadakat Programı / Erken Erişim
12938,26,1,114.14,United Kingdom,15.555555555555555,1.271111111111111,Yeni / Potansiyel Müşteri,Hoş Geldin Kampanyası
12939,64,20,25264.8,United Kingdom,120.09302325581395,2.597558139534884,Orta Segment,Çapraz Satış Önerisi
12940,55,2,899.69,United Kingdom,4.208333333333333,3.8833333333333333,Yeni / Potansiyel Müşteri,Hoş Geldin Kampanyası
12941,724,1,377.49,United Kingdom,14.11111111111111,1.6459259259259258,Pasif/Kaybedilmiş,Geri Kazanma Kampanyası
12942,131,3,675.6,United Kingdom,2.8285714285714287,4.314857142857143,Orta Segment,Çapraz Satış Önerisi
12943,558,2,496.5,United Kingdom,8.88,5.11,Pasif/Kaybedilmiş,Geri Kazanma Kampanyası
12944,36,2,604.51,United Kingdom,9.633333333333333,3.1886666666666668,Yeni / Potansiyel Müşteri,Hoş Geldin Kampanyası
12945,288,2,900.11,United Kingdom,8.745098039215685,3.714313725490196,Pasif/Kaybedilmiş,Geri Kazanma Kampanyası
12946,437,1,324.45,United Kingdom,7.45,3.3175,Pasif/Kaybedilmiş,Geri Kazanma Kampanyası
12947,144,6,1603.99,United Kingdom,12.010309278350515,3.270309278350515,Orta Segment,Çapraz Satış Önerisi
12948,16,9,2317.43,United Kingdom,10.432,2.83984,Sadık Müşteri,Sadakat Programı / Erken Erişim
12949,31,22,15526.7,United Kingdom,11.514685314685314,3.1006573426573425,Sadık Müşteri,Sadakat Programı / Erken Erişim
12950,2,3,1843.0,United Kingdom,60.0,1.3891304347826086,Orta Segment,Çapraz Satış Önerisi
12951,9,15,3213.72,United Kingdom,8.56701030927835,2.860721649484536,Sadık Müşteri,Sadakat Programı / Erken Erişim
12952,6,4,1387.79,United Kingdom,8.265822784810126,4.062658227848101,Orta Segment,Çapraz Satış Önerisi
12953,10,2,828.81,United Kingdom,7.583333333333333,5.07,Yeni / Potansiyel Müşteri,Hoş Geldin Kampanyası
12954,639,1,162.45,United Kingdom,8.3,3.115,Pasif/Kaybedilmiş,Geri Kazanma Kampanyası
12955,1,11,4757.16,United Kingdom,20.355555555555554,1.6899444444444445,Sadık Müşteri,Sadakat Programı / Erken Erişim
12956,306,4,521.89,United Kingdom,8.095238095238095,2.981666666666667,Orta Segment,Çapraz Satış Önerisi
12957,10,13,8706.97,United Kingdom,9.56326530612245,3.3558775510204084,Sadık Müşteri,Sadakat Programı / Erken Erişim
12958,400,2,467.34,United Kingdom,2.4081632653061225,4.318163265306122,Pasif/Kaybedilmiş,Geri Kazanma Kampanyası
12959,484,1,150.95,United Kingdom,13.625,3.8,Pasif/Kaybedilmiş,Geri Kazanma Kampanyası
12960,414,4,1322.07,United Kingdom,19.7,2.0588571428571427,Orta Segment,Çapraz Satış Önerisi
12961,379,1,211.99,United Kingdom,4.5,1.62625,Pasif/Kaybedilmiş,Geri Kazanma Kampanyası
12962,7,2,266.39,United Kingdom,8.0625,2.985625,Yeni / Potansiyel Müşteri,Hoş Geldin Kampanyası
12963,8,12,3235.79,United Kingdom,9.408045977011493,3.3419540229885056,Sadık Müşteri,Sadakat Programı / Erken Erişim
12964,437,1,132.24,United Kingdom,2.1538461538461537,3.621923076923077,Pasif/Kaybedilmiş,Geri Kazanma Kampanyası
12965,89,1,769.81,United Kingdom,2.611111111111111,3.6783333333333332,Orta Segment,Çapraz Satış Önerisi
12966,10,1,160.18,United Kingdom,7.5,3.4230000000000005,Yeni / Potansiyel Müşteri,Hoş Geldin Kampanyası
12967,358,3,2938.52,United Kingdom,14.03076923076923,4.784,Orta Segment,Çapraz Satış Önerisi
12968,112,1,135.95,United Kingdom,14.6,3.29,Orta Segment,Çapraz Satış Önerisi
12969,603,1,122.45,United Kingdom,11.0,4.59,Pasif/Kaybedilmiş,Geri Kazanma Kampanyası
12970,7,10,1452.54,United Kingdom,2.7755102040816326,2.1942857142857144,Sadık Müşteri,Sadakat Programı / Erken Erişim
12971,4,116,15704.6,United Kingdom,35.14987714987715,2.502678132678133,Sadık Müşteri,Sadakat Programı / Erken Erişim
12972,414,4,1161.2,United Kingdom,10.96103896103896,3.2216883116883115,Orta Segment,Çapraz Satış Önerisi
12973,414,1,385.55,United Kingdom,5.166666666666667,28.375,Pasif/Kaybedilmiş,Geri Kazanma Kampanyası
12974,198,2,408.95,United Kingdom,3.25,5.42375,Pasif/Kaybedilmiş,Geri Kazanma Kampanyası
12975,437,6,2100.09,United Kingdom,8.133928571428571,4.553214285714286,Kaybedilme Riski (Değerli),Yüksek İndirim / Kişisel Teklif
12976,212,8,3156.38,United Kingdom,17.428571428571427,1.541103896103896,Kaybedilme Riski (Değerli),Yüksek İndirim / Kişisel Teklif
12977,156,4,513.88,United Kingdom,2.206896551724138,5.855862068965517,Orta Segment,Çapraz Satış Önerisi
12978,385,5,2502.82,United Kingdom,8.552147239263803,2.5976073619631905,Kaybedilme Riski (Değerli),Yüksek İndirim / Kişisel Teklif
12979,729,1,517.7,United Arab Emirates,9.285714285714286,2.350892857142857,Pasif/Kaybedilmiş,Geri Kazanma Kampanyası
12980,158,21,16245.78,United Kingdom,36.73076923076923,15.092307692307694,Orta Segment,Çapraz Satış Önerisi
12981,30,2,372.22,United Kingdom,12.1,1.6235,Yeni / Potansiyel Müşteri,Hoş Geldin Kampanyası
12982,243,8,2744.81,United Kingdom,9.713483146067416,2.8978089887640452,Kaybedilme Riski (Değerli),Yüksek İndirim / Kişisel Teklif
12983,598,1,490.08,United Kingdom,21.266666666666666,1.0796666666666668,Pasif/Kaybedilmiş,Geri Kazanma Kampanyası
12984,19,1,97.5,United Kingdom,6.5,3.85,Yeni / Potansiyel Müşteri,Hoş Geldin Kampanyası
12985,1,2,1239.38,United Kingdom,20.17105263157895,1.914342105263158,Yeni / Potansiyel Müşteri,Hoş Geldin Kampanyası
12986,429,10,2729.84,United Kingdom,11.411764705882353,3.8796078431372547,Kaybedilme Riski (Değerli),Yüksek İndirim / Kişisel Teklif
12987,74,5,1312.21,United Kingdom,8.863636363636363,4.939090909090909,Orta Segment,Çapraz Satış Önerisi
12988,292,1,505.82,United Kingdom,1.5180722891566265,4.281807228915662,Pasif/Kaybedilmiş,Geri Kazanma Kampanyası
12989,3,33,13551.75,United Kingdom,71.49484536082474,3.1225773195876285,Sadık Müşteri,Sadakat Programı / Erken Erişim
12990,31,7,955.5,United Kingdom,17.77777777777778,1.9981481481481482,Sadık Müşteri,Sadakat Programı / Erken Erişim
12991,23,3,764.82,United Kingdom,10.733333333333333,4.044444444444444,Orta Segment,Çapraz Satış Önerisi
12992,725,1,93.35,United Kingdom,3.5,4.55,Pasif/Kaybedilmiş,Geri Kazanma Kampanyası
12993,23,8,1259.63,United Kingdom,9.881578947368421,2.315921052631579,Sadık Müşteri,Sadakat Programı / Erken Erişim
12994,4,3,974.42,United Kingdom,7.524590163934426,4.212459016393442,Orta Segment,Çapraz Satış Önerisi
12995,85,1,211.32,United Kingdom,36.0,1.9566666666666668,Orta Segment,Çapraz Satış Önerisi
12996,376,1,355.5,United Kingdom,5.545454545454546,5.7318181818181815,Pasif/Kaybedilmiş,Geri Kazanma Kampanyası
12997,22,8,2110.91,United Kingdom,11.08411214953271,2.9570093457943925,Sadık Müşteri,Sadakat Programı / Erken Erişim
12998,493,3,920.08,United Kingdom,19.379310344827587,1.5932758620689655,Orta Segment,Çapraz Satış Önerisi
12999,196,3,455.88,United Kingdom,12.214285714285714,2.549285714285714,Orta Segment,Çapraz Satış Önerisi
13000,107,4,1032.5,United Kingdom,8.838709677419354,3.559516129032258,Orta Segment,Çapraz Satış Önerisi
13001,4,33,24042.65,United Kingdom,13.249261083743843,2.4805024630541874,Sadık Müşteri,Sadakat Programı / Erken Erişim
13002,318,3,414.13,United Kingdom,8.73913043478261,3.1421739130434783,Orta Segment,Çapraz Satış Önerisi
13003,106,3,149.05,United Kingdom,17.166666666666668,2.25,Orta Segment,Çapraz Satış Önerisi
13004,12,36,11650.85,United Kingdom,10.758282208588957,2.32479754601227,Sadık Müşteri,Sadakat Programı / Erken Erişim
13005,174,4,999.68,United Kingdom,8.25,4.449464285714286,Orta Segment,Çapraz Satış Önerisi
13006,56,1,81.57,United Kingdom,13.75,5.295,Yeni / Potansiyel Müşteri,Hoş Geldin Kampanyası
13007,580,1,175.25,United Kingdom,5.363636363636363,5.995454545454546,Pasif/Kaybedilmiş,Geri Kazanma Kampanyası
13008,323,3,612.13,United Kingdom,10.82857142857143,2.3877142857142855,Orta Segment,Çapraz Satış Önerisi
13009,673,1,234.0,United Kingdom,30.0,1.95,Pasif/Kaybedilmiş,Geri Kazanma Kampanyası
13010,374,2,330.12,United Kingdom,26.916666666666668,1.7841666666666667,Pasif/Kaybedilmiş,Geri Kazanma Kampanyası
13011,372,1,50.55,United Kingdom,4.333333333333333,4.216666666666667,Pasif/Kaybedilmiş,Geri Kazanma Kampanyası
13012,9,11,2957.83,United Kingdom,10.18954248366013,3.065098039215686,Sadık Müşteri,Sadakat Programı / Erken Erişim
13013,1,29,11097.43,United Kingdom,11.624229979466119,3.0728131416837785,Sadık Müşteri,Sadakat Programı / Erken Erişim
13014,11,11,5381.08,United Kingdom,8.834821428571429,4.157946428571429,Sadık Müşteri,Sadakat Programı / Erken Erişim
13015,53,11,6579.78,United Kingdom,10.135057471264368,5.042959770114942,Sadık Müşteri,Sadakat Programı / Erken Erişim
13016,73,3,789.89,United Kingdom,11.212765957446809,3.173191489361702,Orta Segment,Çapraz Satış Önerisi
13017,7,1,204.0,United Kingdom,48.0,4.25,Yeni / Potansiyel Müşteri,Hoş Geldin Kampanyası
13018,16,35,9763.16,United Kingdom,11.187396351575456,2.716550580431177,Sadık Müşteri,Sadakat Programı / Erken Erişim
13019,379,6,1229.95,United Kingdom,7.218181818181818,4.217090909090909,Kaybedilme Riski (Değerli),Yüksek İndirim / Kişisel Teklif
13020,563,2,618.96,United Kingdom,7.128205128205129,3.4451282051282055,Pasif/Kaybedilmiş,Geri Kazanma Kampanyası
13021,4,17,4887.24,United Kingdom,9.906614785992218,3.7288715953307396,Sadık Müşteri,Sadakat Programı / Erken Erişim
13022,430,1,50.3,Belgium,8.5,2.575,Pasif/Kaybedilmiş,Geri Kazanma Kampanyası
13023,64,3,1251.03,United Kingdom,7.8493150684931505,4.752465753424658,Orta Segment,Çapraz Satış Önerisi
13024,471,2,555.87,United Kingdom,5.838709677419355,5.2458064516129035,Pasif/Kaybedilmiş,Geri Kazanma Kampanyası
13025,732,1,323.39,United Kingdom,18.53846153846154,2.1415384615384614,Pasif/Kaybedilmiş,Geri Kazanma Kampanyası
13026,1,9,1733.08,United Kingdom,30.073170731707318,1.1028048780487805,Sadık Müşteri,Sadakat Programı / Erken Erişim
13027,114,19,17239.2,United Kingdom,504.0,0.40282352941176475,Orta Segment,Çapraz Satış Önerisi
13028,23,2,661.32,United Kingdom,17.733333333333334,1.014,Yeni / Potansiyel Müşteri,Hoş Geldin Kampanyası
13029,31,5,1927.3,United Kingdom,11.411764705882353,8.01941176470588,Sadık Müşteri,Sadakat Programı / Erken Erişim
13030,11,2,752.44,United Kingdom,3.782608695652174,3.3126086956521736,Yeni / Potansiyel Müşteri,Hoş Geldin Kampanyası
13031,407,5,3292.84,United Kingdom,5.673218673218673,2.497223587223587,Kaybedilme Riski (Değerli),Yüksek İndirim / Kişisel Teklif
13032,52,9,2815.96,United Kingdom,6.154589371980676,3.4436714975845413,Sadık Müşteri,Sadakat Programı / Erken Erişim
13033,357,2,220.55,United Kingdom,7.538461538461538,2.5461538461538464,Pasif/Kaybedilmiş,Geri Kazanma Kampanyası
13034,55,3,756.82,United Kingdom,9.227272727272727,2.7220454545454547,Orta Segment,Çapraz Satış Önerisi
13035,74,3,1364.2,United Kingdom,22.047619047619047,1.9888095238095238,Orta Segment,Çapraz Satış Önerisi
13036,685,1,307.1,United Kingdom,6.333333333333333,9.658333333333333,Pasif/Kaybedilmiş,Geri Kazanma Kampanyası
13037,138,12,3914.95,United Kingdom,9.181034482758621,3.530258620689655,Orta Segment,Çapraz Satış Önerisi
13038,80,3,908.46,United Kingdom,12.857142857142858,2.7582142857142857,Orta Segment,Çapraz Satış Önerisi
13039,584,4,1010.73,United Kingdom,5.2727272727272725,5.494363636363636,Orta Segment,Çapraz Satış Önerisi
13040,9,2,676.99,United Kingdom,8.255813953488373,2.8039534883720934,Yeni / Potansiyel Müşteri,Hoş Geldin Kampanyası
13041,451,4,799.13,United Kingdom,9.571428571428571,3.824857142857143,Orta Segment,Çapraz Satış Önerisi
13042,598,3,1488.59,United Kingdom,4.413043478260869,3.1194565217391306,Orta Segment,Çapraz Satış Önerisi
13043,273,1,516.42,United Kingdom,19.53846153846154,5.680000000000001,Pasif/Kaybedilmiş,Geri Kazanma Kampanyası
13044,291,11,4848.05,United Kingdom,6.125,3.3020913461538464,Kaybedilme Riski (Değerli),Yüksek İndirim / Kişisel Teklif
13045,99,3,808.92,United Kingdom,9.0,2.9466666666666663,Orta Segment,Çapraz Satış Önerisi
13046,31,3,949.25,United Kingdom,9.017857142857142,4.99,Orta Segment,Çapraz Satış Önerisi
13047,57,23,8423.58,United Kingdom,8.824933687002652,4.66997347480106,Sadık Müşteri,Sadakat Programı / Erken Erişim
13048,14,9,4049.13,United Kingdom,10.041509433962265,1.9206037735849055,Sadık Müşteri,Sadakat Programı / Erken Erişim
13049,64,4,1408.24,United Kingdom,23.846153846153847,3.1811538461538458,Orta Segment,Çapraz Satış Önerisi
13050,15,34,11877.29,United Kingdom,7.1295918367346935,2.904744897959184,Sadık Müşteri,Sadakat Programı / Erken Erişim
13051,579,2,155.8,United Kingdom,18.0,5.3625,Pasif/Kaybedilmiş,Geri Kazanma Kampanyası
13052,212,7,3118.48,United Kingdom,5.761133603238866,3.642591093117409,Kaybedilme Riski (Değerli),Yüksek İndirim / Kişisel Teklif
13053,622,1,127.65,United Kingdom,2.764705882352941,3.1029411764705883,Pasif/Kaybedilmiş,Geri Kazanma Kampanyası
13055,78,4,2321.11,United Kingdom,11.824675324675324,2.2699350649350647,Orta Segment,Çapraz Satış Önerisi
13056,551,1,209.48,United Kingdom,8.31578947368421,4.775789473684211,Pasif/Kaybedilmiş,Geri Kazanma Kampanyası
13057,530,3,709.59,United Kingdom,11.4,1.996,Orta Segment,Çapraz Satış Önerisi
13058,25,3,271.4,United Kingdom,6.5,5.825,Orta Segment,Çapraz Satış Önerisi
13059,250,10,2291.77,United Kingdom,4.343434343434343,4.420303030303031,Kaybedilme Riski (Değerli),Yüksek İndirim / Kişisel Teklif
13060,254,1,307.53,United Kingdom,8.2,3.982666666666667,Pasif/Kaybedilmiş,Geri Kazanma Kampanyası
13061,72,1,248.61,United Kingdom,10.7,3.403,Orta Segment,Çapraz Satış Önerisi
13062,191,1,346.98,United Kingdom,31.181818181818183,6.819090909090908,Pasif/Kaybedilmiş,Geri Kazanma Kampanyası
13063,481,1,188.4,United Kingdom,9.666666666666666,2.2916666666666665,Pasif/Kaybedilmiş,Geri Kazanma Kampanyası
13064,13,6,1666.84,United Kingdom,7.182795698924731,4.859247311827957,Sadık Müşteri,Sadakat Programı / Erken Erişim
13065,373,5,1055.05,United Kingdom,6.145161290322581,4.2616129032258065,Orta Segment,Çapraz Satış Önerisi
13066,24,2,470.8,United Kingdom,6.708333333333333,3.1733333333333333,Yeni / Potansiyel Müşteri,Hoş Geldin Kampanyası
13067,82,3,508.51,United Kingdom,4.09375,4.56875,Orta Segment,Çapraz Satış Önerisi
13068,10,2,344.0,United Kingdom,100.0,1.72,Yeni / Potansiyel Müşteri,Hoş Geldin Kampanyası
13069,1,38,9284.45,United Kingdom,14.615606936416185,1.880057803468208,Sadık Müşteri,Sadakat Programı / Erken Erişim
13070,192,4,751.7,United Kingdom,11.272727272727273,2.046060606060606,Orta Segment,Çapraz Satış Önerisi
13071,612,1,129.22,United Kingdom,2.5,4.105833333333334,Pasif/Kaybedilmiş,Geri Kazanma Kampanyası
13072,267,1,177.15,United Kingdom,9.857142857142858,3.3500000000000005,Pasif/Kaybedilmiş,Geri Kazanma Kampanyası
13073,411,2,418.08,United Kingdom,9.666666666666666,3.5548148148148146,Pasif/Kaybedilmiş,Geri Kazanma Kampanyası
13074,511,4,1378.74,United Kingdom,28.482758620689655,3.955862068965517,Orta Segment,Çapraz Satış Önerisi
13075,130,1,919.61,United Kingdom,22.045454545454547,2.0395454545454546,Orta Segment,Çapraz Satış Önerisi
13076,458,1,135.4,United Kingdom,4.888888888888889,3.9833333333333334,Pasif/Kaybedilmiş,Geri Kazanma Kampanyası
13077,1,11,2740.65,United Kingdom,7.4787878787878785,2.011030303030303,Sadık Müşteri,Sadakat Programı / Erken Erişim
13078,3,57,29018.06,United Kingdom,15.211125158027812,3.8874462705436152,Sadık Müşteri,Sadakat Programı / Erken Erişim
13079,4,6,419.18,United Kingdom,9.294117647058824,3.099411764705882,Sadık Müşteri,Sadakat Programı / Erken Erişim
13080,179,4,280.73,United Kingdom,10.157894736842104,2.698421052631579,Orta Segment,Çapraz Satış Önerisi
13081,12,28,56838.37,United Kingdom,17.57763157894737,2.152048245614035,Sadık Müşteri,Sadakat Programı / Erken Erişim
13082,126,21,7335.75,United Kingdom,65.62790697674419,2.5858914728682167,Orta Segment,Çapraz Satış Önerisi
13083,4,3,395.43,United Kingdom,13.954545454545455,2.902727272727273,Orta Segment,Çapraz Satış Önerisi
13084,492,1,122.4,United Kingdom,72.0,0.85,Pasif/Kaybedilmiş,Geri Kazanma Kampanyası
13085,158,8,2433.28,United Kingdom,11.238095238095237,3.5610714285714287,Orta Segment,Çapraz Satış Önerisi
13086,383,1,439.33,United Kingdom,3.297872340425532,3.93468085106383,Pasif/Kaybedilmiş,Geri Kazanma Kampanyası
13087,726,1,313.64,United Kingdom,5.733333333333333,5.718,Pasif/Kaybedilmiş,Geri Kazanma Kampanyası
13088,417,1,236.11,United Kingdom,3.8,4.156000000000001,Pasif/Kaybedilmiş,Geri Kazanma Kampanyası
13089,3,203,113416.91,United Kingdom,17.77737556561086,2.693577677224736,Sadık Müşteri,Sadakat Programı / Erken Erişim
13090,9,23,13076.74,United Kingdom,11.89010989010989,4.538168498168498,Sadık Müşteri,Sadakat Programı / Erken Erişim
13091,28,2,1108.8,United Kingdom,30.40909090909091,1.2720454545454545,Yeni / Potansiyel Müşteri,Hoş Geldin Kampanyası
13092,71,12,2140.28,United Kingdom,6.3238095238095235,5.242857142857143,Orta Segment,Çapraz Satış Önerisi
13093,276,55,54144.25,United Kingdom,25.044358727097396,2.844455159112825,Kaybedilme Riski (Değerli),Yüksek İndirim / Kişisel Teklif
13094,21,13,2209.44,United Kingdom,65.37931034482759,1.376551724137931,Sadık Müşteri,Sadakat Programı / Erken Erişim
13095,71,1,74.4,United Kingdom,24.0,0.6933333333333334,Orta Segment,Çapraz Satış Önerisi
13096,394,1,419.7,United Kingdom,6.0,69.95,Pasif/Kaybedilmiş,Geri Kazanma Kampanyası
13097,33,27,13015.36,United Kingdom,5.328015952143569,3.976161515453639,Sadık Müşteri,Sadakat Programı / Erken Erişim
13098,1,28,28882.44,United Kingdom,27.916083916083917,2.7601223776223778,Sadık Müşteri,Sadakat Programı / Erken Erişim
13099,99,1,207.36,United Kingdom,288.0,0.72,Orta Segment,Çapraz Satış Önerisi
13101,234,4,695.4,United Kingdom,9.372549019607844,2.576078431372549,Orta Segment,Çapraz Satış Önerisi
13102,1,37,11380.1,United Kingdom,13.234927234927236,3.047318087318087,Sadık Müşteri,Sadakat Programı / Erken Erişim
13103,40,3,709.64,United Kingdom,12.909090909090908,2.3048484848484847,Orta Segment,Çapraz Satış Önerisi
13104,3,9,1709.1,United Kingdom,27.8,2.179333333333333,Sadık Müşteri,Sadakat Programı / Erken Erişim
13105,436,1,72.0,United Kingdom,100.0,0.72,Pasif/Kaybedilmiş,Geri Kazanma Kampanyası
13106,133,2,603.46,United Kingdom,14.4375,13.29125,Orta Segment,Çapraz Satış Önerisi
13107,44,9,5253.07,United Kingdom,24.247191011235955,1.8846629213483148,Sadık Müşteri,Sadakat Programı / Erken Erişim
13108,373,2,748.46,United Kingdom,21.285714285714285,1.4160000000000001,Pasif/Kaybedilmiş,Geri Kazanma Kampanyası
13109,60,3,1134.03,United Kingdom,10.814285714285715,2.814857142857143,Orta Segment,Çapraz Satış Önerisi
13110,31,12,2957.47,United Kingdom,3.0277777777777777,4.812976190476191,Sadık Müşteri,Sadakat Programı / Erken Erişim
13111,719,1,321.88,United Kingdom,15.0,1.9716666666666667,Pasif/Kaybedilmiş,Geri Kazanma Kampanyası
13112,541,1,20.6,United Kingdom,5.5,1.475,Pasif/Kaybedilmiş,Geri Kazanma Kampanyası
13113,1,37,18230.07,United Kingdom,11.76392572944297,3.7070822281167106,Sadık Müşteri,Sadakat Programı / Erken Erişim
13114,731,1,234.38,United Kingdom,4.625,5.59625,Pasif/Kaybedilmiş,Geri Kazanma Kampanyası
13115,12,10,5494.7,United Kingdom,12.528662420382165,2.525955414012739,Sadık Müşteri,Sadakat Programı / Erken Erişim
13116,138,1,501.14,United Kingdom,9.7,4.5216666666666665,Orta Segment,Çapraz Satış Önerisi
13117,22,18,2255.66,United Kingdom,11.432098765432098,2.3824074074074075,Sadık Müşteri,Sadakat Programı / Erken Erişim
13118,20,9,2415.41,United Kingdom,5.635135135135135,4.321891891891892,Sadık Müşteri,Sadakat Programı / Erken Erişim
13119,669,1,134.9,United Kingdom,10.0,1.5136363636363634,Pasif/Kaybedilmiş,Geri Kazanma Kampanyası
13120,239,1,30.6,United Kingdom,12.0,2.55,Pasif/Kaybedilmiş,Geri Kazanma Kampanyası
13121,269,1,283.73,United Kingdom,5.04,1.6887999999999999,Pasif/Kaybedilmiş,Geri Kazanma Kampanyası
13122,94,2,922.39,United Kingdom,10.636363636363637,2.6365454545454545,Orta Segment,Çapraz Satış Önerisi
13123,473,2,506.75,United Kingdom,5.955555555555556,3.2148888888888885,Pasif/Kaybedilmiş,Geri Kazanma Kampanyası
13124,90,4,4641.66,United Kingdom,9.674911660777385,3.046996466431095,Orta Segment,Çapraz Satış Önerisi
13125,524,1,148.62,United Kingdom,2.65,4.5515,Pasif/Kaybedilmiş,Geri Kazanma Kampanyası
13126,5,13,3774.81,United Kingdom,13.819327731092438,2.2722268907563024,Sadık Müşteri,Sadakat Programı / Erken Erişim
13127,78,1,259.17,United Kingdom,8.466666666666667,2.8853333333333335,Orta Segment,Çapraz Satış Önerisi
13128,631,1,263.5,United Kingdom,31.0,8.5,Pasif/Kaybedilmiş,Geri Kazanma Kampanyası
13129,452,2,233.25,United Kingdom,26.90909090909091,1.86,Pasif/Kaybedilmiş,Geri Kazanma Kampanyası
13130,94,1,64.0,United Kingdom,16.0,2.25,Orta Segment,Çapraz Satış Önerisi
13131,23,7,3313.77,United Kingdom,10.221476510067115,3.152214765100671,Sadık Müşteri,Sadakat Programı / Erken Erişim
13132,262,1,77.3,United Kingdom,6.666666666666667,4.933333333333334,Pasif/Kaybedilmiş,Geri Kazanma Kampanyası
13133,274,3,200.45,United Kingdom,4.583333333333333,5.229166666666667,Orta Segment,Çapraz Satış Önerisi
13134,86,6,2475.23,United Kingdom,11.272727272727273,3.316859504132231,Orta Segment,Çapraz Satış Önerisi
13135,197,2,3371.45,United Kingdom,245.72222222222223,4.1066666666666665,Pasif/Kaybedilmiş,Geri Kazanma Kampanyası
13136,56,13,6274.56,United Kingdom,9.86984126984127,2.9028888888888886,Sadık Müşteri,Sadakat Programı / Erken Erişim
13137,11,16,7586.94,United Kingdom,3.0401721664275465,2.2259253945480633,Sadık Müşteri,Sadakat Programı / Erken Erişim
13138,22,7,1274.01,United Kingdom,6.976470588235294,3.1005882352941176,Sadık Müşteri,Sadakat Programı / Erken Erişim
13139,16,8,8202.98,United Kingdom,17.411320754716982,3.1616603773584906,Sadık Müşteri,Sadakat Programı / Erken Erişim
13140,108,5,1054.92,United Kingdom,5.447619047619048,3.4565714285714284,Orta Segment,Çapraz Satış Önerisi
13141,85,17,7656.08,United Kingdom,12.16745283018868,2.2535141509433965,Orta Segment,Çapraz Satış Önerisi
13142,19,1,307.09,United Kingdom,11.217391304347826,2.9969565217391305,Yeni / Potansiyel Müşteri,Hoş Geldin Kampanyası
13143,585,1,405.1,United Kingdom,8.608695652173912,2.7282608695652173,Pasif/Kaybedilmiş,Geri Kazanma Kampanyası
13144,333,2,135.35,United Kingdom,4.833333333333333,4.6499999999999995,Pasif/Kaybedilmiş,Geri Kazanma Kampanyası
13145,40,7,1128.52,United Kingdom,29.444444444444443,35.89,Sadık Müşteri,Sadakat Programı / Erken Erişim
13146,26,1,228.91,United Kingdom,9.058823529411764,2.027058823529412,Yeni / Potansiyel Müşteri,Hoş Geldin Kampanyası
13147,10,4,712.8,United Kingdom,36.0,4.95,Orta Segment,Çapraz Satış Önerisi
13148,29,26,8488.32,United Kingdom,5.888304862023653,3.5300262812089356,Sadık Müşteri,Sadakat Programı / Erken Erişim
13149,14,4,1676.06,United Kingdom,14.883720930232558,2.881860465116279,Orta Segment,Çapraz Satış Önerisi
13150,484,3,449.97,United Kingdom,21.375,6.93375,Orta Segment,Çapraz Satış Önerisi
13151,296,3,2454.71,United Kingdom,5.019108280254777,5.087452229299363,Orta Segment,Çapraz Satış Önerisi
13152,417,7,2146.38,United Kingdom,7.237037037037037,4.020370370370371,Kaybedilme Riski (Değerli),Yüksek İndirim / Kişisel Teklif
13153,6,1,486.22,United Kingdom,27.866666666666667,1.278,Yeni / Potansiyel Müşteri,Hoş Geldin Kampanyası
13154,399,3,1624.84,United Kingdom,10.494623655913978,3.2461290322580645,Orta Segment,Çapraz Satış Önerisi
13155,33,6,1370.48,United Kingdom,6.616071428571429,2.7420535714285714,Sadık Müşteri,Sadakat Programı / Erken Erişim
13156,385,3,1586.54,United Kingdom,8.788461538461538,3.3207692307692307,Orta Segment,Çapraz Satış Önerisi
13157,49,9,5687.36,United Kingdom,18.97211155378486,1.854621513944223,Sadık Müşteri,Sadakat Programı / Erken Erişim
13158,95,5,1508.18,United Kingdom,9.92,2.0283,Orta Segment,Çapraz Satış Önerisi
13159,9,4,1429.35,United Kingdom,8.816666666666666,2.684083333333333,Orta Segment,Çapraz Satış Önerisi
13160,22,1,91.8,United Kingdom,14.0,3.025,Yeni / Potansiyel Müşteri,Hoş Geldin Kampanyası
13161,313,2,472.13,United Kingdom,3.1818181818181817,5.554242424242424,Pasif/Kaybedilmiş,Geri Kazanma Kampanyası
13162,122,16,9275.49,United Kingdom,24.180672268907564,2.2844957983193277,Orta Segment,Çapraz Satış Önerisi
13163,610,1,17.65,United Kingdom,1.5,5.35,Pasif/Kaybedilmiş,Geri Kazanma Kampanyası
13164,569,2,372.2,United Kingdom,12.0,5.17,Pasif/Kaybedilmiş,Geri Kazanma Kampanyası
13165,46,3,1451.16,United Kingdom,35.42857142857143,0.8295918367346938,Orta Segment,Çapraz Satış Önerisi
13166,283,2,875.93,United Kingdom,7.676470588235294,2.5854411764705882,Pasif/Kaybedilmiş,Geri Kazanma Kampanyası
13167,19,5,1113.15,United Kingdom,12.4375,2.930625,Sadık Müşteri,Sadakat Programı / Erken Erişim
13168,36,5,1840.73,United Kingdom,5.190751445086705,3.2214450867052027,Sadık Müşteri,Sadakat Programı / Erken Erişim
13169,64,3,840.08,United Kingdom,16.444444444444443,4.334444444444444,Orta Segment,Çapraz Satış Önerisi
13170,27,1,108.81,United Kingdom,4.7,1.576,Yeni / Potansiyel Müşteri,Hoş Geldin Kampanyası
13171,22,3,468.41,United Kingdom,4.978260869565218,4.0445652173913045,Orta Segment,Çapraz Satış Önerisi
13172,400,1,69.6,United Kingdom,48.0,1.45,Pasif/Kaybedilmiş,Geri Kazanma Kampanyası
13173,4,11,2389.82,United Kingdom,6.879069767441861,2.9407441860465116,Sadık Müşteri,Sadakat Programı / Erken Erişim
13174,16,11,7972.46,United Kingdom,4.053475935828877,3.390855614973262,Sadık Müşteri,Sadakat Programı / Erken Erişim
13175,582,2,831.45,United Kingdom,9.195652173913043,4.040217391304347,Pasif/Kaybedilmiş,Geri Kazanma Kampanyası
13176,46,1,481.49,United Kingdom,6.686567164179104,2.8153731343283583,Yeni / Potansiyel Müşteri,Hoş Geldin Kampanyası
13177,65,2,512.2,United Kingdom,6.0,3.305,Orta Segment,Çapraz Satış Önerisi
13178,26,21,14059.19,United Kingdom,12.777292576419214,1.9572489082969433,Sadık Müşteri,Sadakat Programı / Erken Erişim
13179,619,1,572.31,United Kingdom,10.823529411764707,2.083529411764706,Pasif/Kaybedilmiş,Geri Kazanma Kampanyası
13180,607,1,86.1,United Kingdom,10.5,3.7625,Pasif/Kaybedilmiş,Geri Kazanma Kampanyası
13181,381,1,359.69,United Kingdom,9.0,2.7931578947368423,Pasif/Kaybedilmiş,Geri Kazanma Kampanyası
13182,45,1,121.18,United Kingdom,18.272727272727273,0.6854545454545454,Yeni / Potansiyel Müşteri,Hoş Geldin Kampanyası
13183,8,15,7036.18,United Kingdom,25.814102564102566,1.8804487179487182,Sadık Müşteri,Sadakat Programı / Erken Erişim
13184,15,10,1667.95,United Kingdom,9.331460674157304,1.8555617977528092,Sadık Müşteri,Sadakat Programı / Erken Erişim
13185,268,1,71.4,United Kingdom,12.0,5.95,Pasif/Kaybedilmiş,Geri Kazanma Kampanyası
13186,40,3,1575.89,United Kingdom,10.379746835443038,3.2486075949367086,Orta Segment,Çapraz Satış Önerisi
13187,337,4,328.36,United Kingdom,5.2407407407407405,2.8411111111111107,Orta Segment,Çapraz Satış Önerisi
13188,11,1,114.6,United Kingdom,12.5,9.575,Yeni / Potansiyel Müşteri,Hoş Geldin Kampanyası
13189,19,2,260.68,United Kingdom,29.03448275862069,0.39172413793103444,Yeni / Potansiyel Müşteri,Hoş Geldin Kampanyası
13190,544,3,570.66,United Kingdom,18.11764705882353,4.138823529411765,Orta Segment,Çapraz Satış Önerisi
13191,658,1,159.21,United Kingdom,1.9473684210526316,1.8963157894736842,Pasif/Kaybedilmiş,Geri Kazanma Kampanyası
13192,95,6,2558.58,United Kingdom,10.055555555555555,2.957222222222222,Orta Segment,Çapraz Satış Önerisi
13193,61,1,112.08,United Kingdom,1.84,3.0976,Orta Segment,Çapraz Satış Önerisi
13194,136,2,472.78,United Kingdom,32.6,2.553,Orta Segment,Çapraz Satış Önerisi
13195,414,1,136.73,United Kingdom,1.5217391304347827,2.159782608695652,Pasif/Kaybedilmiş,Geri Kazanma Kampanyası
13196,11,7,3068.84,United Kingdom,10.670212765957446,2.8003191489361705,Sadık Müşteri,Sadakat Programı / Erken Erişim
13197,610,1,373.01,United Kingdom,10.736842105263158,4.588947368421053,Pasif/Kaybedilmiş,Geri Kazanma Kampanyası
13198,10,8,4974.23,United Kingdom,10.98407643312102,2.7213694267515924,Sadık Müşteri,Sadakat Programı / Erken Erişim
13199,4,66,15949.21,United Kingdom,57.257425742574256,2.384108910891089,Sadık Müşteri,Sadakat Programı / Erken Erişim
13200,19,4,870.09,United Kingdom,11.217391304347826,3.3756521739130436,Orta Segment,Çapraz Satış Önerisi
13201,502,4,1233.06,United Kingdom,12.046511627906977,2.235232558139535,Orta Segment,Çapraz Satış Önerisi
13202,394,7,1580.3,United Kingdom,8.289855072463768,4.971014492753623,Kaybedilme Riski (Değerli),Yüksek İndirim / Kişisel Teklif
13203,10,10,2648.25,United Kingdom,14.278106508875739,1.9105917159763313,Sadık Müşteri,Sadakat Programı / Erken Erişim
13204,731,1,966.66,United Kingdom,7.508771929824562,4.161052631578947,Pasif/Kaybedilmiş,Geri Kazanma Kampanyası
13205,443,1,2803.2,United Kingdom,256.0,10.95,Pasif/Kaybedilmiş,Geri Kazanma Kampanyası
13206,400,13,8308.19,United Kingdom,12.519434628975265,1.9573144876325086,Kaybedilme Riski (Değerli),Yüksek İndirim / Kişisel Teklif
13207,15,4,535.86,United Kingdom,13.692307692307692,3.6984615384615385,Orta Segment,Çapraz Satış Önerisi
13208,59,8,1951.82,United Kingdom,5.228,2.5252399999999997,Sadık Müşteri,Sadakat Programı / Erken Erişim
13209,30,13,8509.51,United Kingdom,15.795081967213115,2.4136612021857924,Sadık Müşteri,Sadakat Programı / Erken Erişim
13210,94,1,353.48,United Kingdom,14.363636363636363,1.5118181818181817,Orta Segment,Çapraz Satış Önerisi
13211,10,10,2618.77,United Kingdom,9.17910447761194,1.5315422885572139,Sadık Müşteri,Sadakat Programı / Erken Erişim
13212,20,3,786.83,United Kingdom,2.1914893617021276,3.7629078014184403,Orta Segment,Çapraz Satış Önerisi
13213,57,11,3851.52,United Kingdom,14.519607843137255,2.627549019607843,Sadık Müşteri,Sadakat Programı / Erken Erişim
13214,418,7,3264.23,United Kingdom,12.951965065502183,1.9063755458515284,Kaybedilme Riski (Değerli),Yüksek İndirim / Kişisel Teklif
13215,402,1,81.6,United Kingdom,96.0,0.85,Pasif/Kaybedilmiş,Geri Kazanma Kampanyası
13216,268,1,333.74,United Kingdom,59.4,1.448,Pasif/Kaybedilmiş,Geri Kazanma Kampanyası
13217,122,4,666.48,United Kingdom,102.4,2.0100000000000002,Orta Segment,Çapraz Satış Önerisi
13218,127,1,62.64,United Kingdom,17.6,0.9299999999999999,Orta Segment,Çapraz Satış Önerisi
13219,618,1,76.23,United Kingdom,1.0,6.930000000000001,Pasif/Kaybedilmiş,Geri Kazanma Kampanyası
13220,78,5,1336.09,United Kingdom,7.471698113207547,4.2390566037735855,Orta Segment,Çapraz Satış Önerisi
13221,240,2,844.86,United Kingdom,3.7384615384615385,5.052307692307692,Pasif/Kaybedilmiş,Geri Kazanma Kampanyası
13222,577,1,88.5,United Kingdom,30.0,2.95,Pasif/Kaybedilmiş,Geri Kazanma Kampanyası
13223,200,6,969.12,United Kingdom,43.69230769230769,1.656923076923077,Orta Segment,Çapraz Satış Önerisi
13224,60,2,2152.95,United Kingdom,14.158878504672897,2.3265420560747665,Orta Segment,Çapraz Satış Önerisi
13225,3,16,16260.07,United Kingdom,59.208,2.73232,Sadık Müşteri,Sadakat Programı / Erken Erişim
13226,273,2,312.46,United Kingdom,6.392857142857143,2.6389285714285715,Pasif/Kaybedilmiş,Geri Kazanma Kampanyası
13227,202,1,257.7,United Kingdom,11.0,2.5999999999999996,Pasif/Kaybedilmiş,Geri Kazanma Kampanyası
13228,81,1,358.0,United Kingdom,100.0,1.79,Orta Segment,Çapraz Satış Önerisi
13229,226,1,160.95,United Kingdom,6.3,4.0600000000000005,Pasif/Kaybedilmiş,Geri Kazanma Kampanyası
13230,4,30,6109.51,United Kingdom,2.796,2.549264,Sadık Müşteri,Sadakat Programı / Erken Erişim
13232,13,7,1327.75,United Kingdom,3.8358208955223883,3.227860696517413,Sadık Müşteri,Sadakat Programı / Erken Erişim
13233,74,4,1176.46,United Kingdom,21.105263157894736,1.418157894736842,Orta Segment,Çapraz Satış Önerisi
13234,673,2,346.5,United Kingdom,2.6065573770491803,3.0611475409836064,Pasif/Kaybedilmiş,Geri Kazanma Kampanyası
13235,212,1,1031.07,United Kingdom,7.603448275862069,2.7143103448275863,Pasif/Kaybedilmiş,Geri Kazanma Kampanyası
13236,25,2,744.85,United Kingdom,11.555555555555555,4.0344444444444445,Yeni / Potansiyel Müşteri,Hoş Geldin Kampanyası
13237,388,1,643.0,United Kingdom,5.333333333333333,5.360416666666667,Pasif/Kaybedilmiş,Geri Kazanma Kampanyası
13238,17,6,1006.63,United Kingdom,9.404255319148936,3.6421276595744683,Sadık Müşteri,Sadakat Programı / Erken Erişim
13239,262,5,1594.69,United Kingdom,12.376344086021506,2.8006451612903223,Kaybedilme Riski (Değerli),Yüksek İndirim / Kişisel Teklif
13240,96,8,1455.39,United Kingdom,3.5527638190954773,2.509346733668342,Orta Segment,Çapraz Satış Önerisi
13241,412,1,112.53,United Kingdom,1.15,2.60175,Pasif/Kaybedilmiş,Geri Kazanma Kampanyası
13242,112,7,699.4,United Kingdom,10.0,1.9982857142857142,Orta Segment,Çapraz Satış Önerisi
13243,203,5,1220.38,United Kingdom,2.702439024390244,2.905317073170732,Kaybedilme Riski (Değerli),Yüksek İndirim / Kişisel Teklif
13244,93,1,121.74,United Kingdom,1.4074074074074074,3.747777777777778,Orta Segment,Çapraz Satış Önerisi
13245,51,2,989.22,United Kingdom,8.244444444444444,4.028666666666666,Yeni / Potansiyel Müşteri,Hoş Geldin Kampanyası
13246,18,11,3351.75,United Kingdom,7.536388140161725,1.6553638814016172,Sadık Müşteri,Sadakat Programı / Erken Erişim
13247,18,4,501.12,United Kingdom,13.12,2.1075999999999997,Orta Segment,Çapraz Satış Önerisi
13248,125,2,465.68,United Kingdom,11.73076923076923,2.6873076923076926,Orta Segment,Çapraz Satış Önerisi
13249,92,9,1608.93,United Kingdom,35.6,2.706857142857143,Orta Segment,Çapraz Satış Önerisi
13250,461,2,253.09,United Kingdom,5.631578947368421,2.4589473684210525,Pasif/Kaybedilmiş,Geri Kazanma Kampanyası
13251,402,1,252.68,United Kingdom,8.6,1.5316,Pasif/Kaybedilmiş,Geri Kazanma Kampanyası
13252,394,2,399.3,United Kingdom,7.052631578947368,4.681578947368421,Pasif/Kaybedilmiş,Geri Kazanma Kampanyası
13253,157,4,2951.11,United Kingdom,40.2,1.6302666666666665,Orta Segment,Çapraz Satış Önerisi
13254,376,1,51.41,United Kingdom,10.75,2.5225,Pasif/Kaybedilmiş,Geri Kazanma Kampanyası
13255,9,3,678.76,United Kingdom,15.653846153846153,4.364615384615385,Orta Segment,Çapraz Satış Önerisi
13257,436,1,149.75,United Kingdom,4.714285714285714,7.321428571428571,Pasif/Kaybedilmiş,Geri Kazanma Kampanyası
13258,12,5,1009.43,United Kingdom,10.136363636363637,3.3049999999999997,Sadık Müşteri,Sadakat Programı / Erken Erişim
13259,62,9,1398.79,United Kingdom,1.608974358974359,3.120801282051282,Orta Segment,Çapraz Satış Önerisi
13260,61,1,557.62,United Kingdom,17.75,4.9675,Orta Segment,Çapraz Satış Önerisi
13261,269,2,944.1,United Kingdom,23.333333333333332,5.488888888888889,Pasif/Kaybedilmiş,Geri Kazanma Kampanyası
13262,263,3,573.45,United Kingdom,4.94,3.8594,Orta Segment,Çapraz Satış Önerisi
13263,1,38,8650.98,United Kingdom,2.8236842105263156,2.3249736842105264,Sadık Müşteri,Sadakat Programı / Erken Erişim
13264,443,1,722.56,United Kingdom,9.868421052631579,3.237894736842105,Pasif/Kaybedilmiş,Geri Kazanma Kampanyası
13265,53,5,2092.66,United Kingdom,19.333333333333332,2.385111111111111,Sadık Müşteri,Sadakat Programı / Erken Erişim
13266,11,19,6135.04,United Kingdom,22.270358306188925,1.7958306188925084,Sadık Müşteri,Sadakat Programı / Erken Erişim
13267,3,36,9429.81,United Kingdom,9.632603406326034,3.4896593673965937,Sadık Müşteri,Sadakat Programı / Erken Erişim
13268,18,10,3152.71,United Kingdom,8.212962962962964,1.5558101851851853,Sadık Müşteri,Sadakat Programı / Erken Erişim
13269,1,28,8537.32,United Kingdom,13.098765432098766,2.485617283950617,Sadık Müşteri,Sadakat Programı / Erken Erişim
13270,366,1,590.0,United Kingdom,200.0,2.95,Pasif/Kaybedilmiş,Geri Kazanma Kampanyası
13271,37,1,211.49,United Kingdom,2.7586206896551726,1.2660919540229885,Yeni / Potansiyel Müşteri,Hoş Geldin Kampanyası
13272,31,2,276.56,United Kingdom,6.4,5.339333333333333,Yeni / Potansiyel Müşteri,Hoş Geldin Kampanyası
13273,113,1,138.98,United Kingdom,9.5625,1.298125,Orta Segment,Çapraz Satış Önerisi
13274,409,1,360.85,United Kingdom,10.473684210526315,3.7605263157894737,Pasif/Kaybedilmiş,Geri Kazanma Kampanyası
13275,384,2,238.86,United Kingdom,2.875,2.14125,Pasif/Kaybedilmiş,Geri Kazanma Kampanyası
13276,64,5,1891.91,United Kingdom,3.514644351464435,3.485020920502092,Orta Segment,Çapraz Satış Önerisi
13277,16,7,523.3,United Kingdom,16.608695652173914,1.3282608695652174,Sadık Müşteri,Sadakat Programı / Erken Erişim
13278,41,4,1425.35,United Kingdom,12.457943925233645,1.9250467289719626,Orta Segment,Çapraz Satış Önerisi
13279,78,1,137.75,United Kingdom,8.11111111111111,2.6033333333333335,Orta Segment,Çapraz Satış Önerisi
13280,122,7,2293.33,United Kingdom,7.263414634146342,2.962829268292683,Orta Segment,Çapraz Satış Önerisi
13281,439,1,350.85,United Kingdom,9.136363636363637,2.4390909090909094,Pasif/Kaybedilmiş,Geri Kazanma Kampanyası
13282,18,4,1313.19,United Kingdom,8.03921568627451,4.169019607843137,Orta Segment,Çapraz Satış Önerisi
13283,60,4,373.36,United Kingdom,10.2,2.495,Orta Segment,Çapraz Satış Önerisi
13284,331,1,201.19,United Kingdom,7.0,4.397692307692308,Pasif/Kaybedilmiş,Geri Kazanma Kampanyası
13285,23,6,3364.59,United Kingdom,10.636363636363637,2.3346320346320346,Sadık Müşteri,Sadakat Programı / Erken Erişim
13286,600,1,734.91,United Kingdom,5.591836734693878,4.138979591836735,Pasif/Kaybedilmiş,Geri Kazanma Kampanyası
13287,603,3,781.59,United Kingdom,8.09433962264151,3.0541509433962264,Orta Segment,Çapraz Satış Önerisi
13288,443,5,927.61,United Kingdom,37.9,4.788,Orta Segment,Çapraz Satış Önerisi
13289,724,1,307.95,United Kingdom,7.4375,4.390625,Pasif/Kaybedilmiş,Geri Kazanma Kampanyası
13291,156,11,3270.79,United Kingdom,5.031446540880503,3.271037735849057,Orta Segment,Çapraz Satış Önerisi
13292,39,5,994.51,United Kingdom,8.983050847457626,4.223728813559322,Sadık Müşteri,Sadakat Programı / Erken Erişim
13293,392,6,1192.94,United Kingdom,7.708333333333333,3.3756944444444446,Orta Segment,Çapraz Satış Önerisi
13294,190,3,1689.53,United Kingdom,9.764705882352942,3.5543137254901964,Orta Segment,Çapraz Satış Önerisi
13295,360,4,1101.97,United Kingdom,10.940298507462687,2.368805970149254,Orta Segment,Çapraz Satış Önerisi
13296,137,6,792.51,United Kingdom,12.320754716981131,1.8749056603773586,Orta Segment,Çapraz Satış Önerisi
13297,8,7,4368.62,United Kingdom,21.902439024390244,2.758211382113821,Sadık Müşteri,Sadakat Programı / Erken Erişim
13298,1,1,360.0,United Kingdom,48.0,3.75,Yeni / Potansiyel Müşteri,Hoş Geldin Kampanyası
13299,268,3,1218.7,United Kingdom,6.709677419354839,4.6688709677419356,Orta Segment,Çapraz Satış Önerisi
13300,169,3,1285.51,United Kingdom,8.272727272727273,4.025090909090909,Orta Segment,Çapraz Satış Önerisi
13301,104,4,600.19,United Kingdom,4.2875,2.55875,Orta Segment,Çapraz Satış Önerisi
13302,155,2,159.2,United Kingdom,4.0,14.816666666666668,Orta Segment,Çapraz Satış Önerisi
13303,400,1,61.72,United Kingdom,6.5,4.385,Pasif/Kaybedilmiş,Geri Kazanma Kampanyası
13304,351,4,1217.99,United Kingdom,9.179487179487179,3.5306410256410254,Orta Segment,Çapraz Satış Önerisi
13305,4,16,3616.41,United Kingdom,11.14,3.57955,Sadık Müşteri,Sadakat Programı / Erken Erişim
13306,430,1,53.65,United Kingdom,18.5,0.9525,Pasif/Kaybedilmiş,Geri Kazanma Kampanyası
13307,120,3,273.34,United Kingdom,9.333333333333334,3.2359999999999998,Orta Segment,Çapraz Satış Önerisi
13308,23,4,1670.37,United Kingdom,15.112676056338028,2.910281690140845,Orta Segment,Çapraz Satış Önerisi
13309,7,6,1706.37,United Kingdom,14.723076923076922,1.4928461538461537,Sadık Müşteri,Sadakat Programı / Erken Erişim
13310,28,5,1541.2,United Kingdom,8.589473684210526,3.246736842105263,Sadık Müşteri,Sadakat Programı / Erken Erişim
13311,4,2,598.57,United Kingdom,11.73076923076923,4.1207692307692305,Yeni / Potansiyel Müşteri,Hoş Geldin Kampanyası
13312,451,1,124.75,United Kingdom,8.2,3.5700000000000003,Pasif/Kaybedilmiş,Geri Kazanma Kampanyası
13313,22,12,3445.32,United Kingdom,12.342245989304812,2.2634759358288767,Sadık Müşteri,Sadakat Programı / Erken Erişim
13314,2,3,775.94,United Kingdom,9.03225806451613,3.1879032258064517,Orta Segment,Çapraz Satış Önerisi
13315,689,1,310.26,United Kingdom,10.545454545454545,1.968181818181818,Pasif/Kaybedilmiş,Geri Kazanma Kampanyası
13316,37,10,12940.82,United Kingdom,115.20809248554913,2.5221965317919075,Sadık Müşteri,Sadakat Programı / Erken Erişim
13317,66,19,6486.09,United Kingdom,9.154069767441861,3.716834302325581,Orta Segment,Çapraz Satış Önerisi
13318,1,3,640.76,United Kingdom,15.2,2.857,Orta Segment,Çapraz Satış Önerisi
13319,5,58,21323.22,United Kingdom,9.722643553629469,3.493878656554713,Sadık Müşteri,Sadakat Programı / Erken Erişim
13320,78,6,2211.6,United Kingdom,10.12751677852349,1.8002684563758389,Orta Segment,Çapraz Satış Önerisi
13321,72,2,567.36,United Kingdom,33.81818181818182,2.1245454545454545,Orta Segment,Çapraz Satış Önerisi
13322,17,1,199.48,United Kingdom,4.68,2.7704000000000004,Yeni / Potansiyel Müşteri,Hoş Geldin Kampanyası
13323,3,5,787.85,United Kingdom,8.333333333333334,4.55,Sadık Müşteri,Sadakat Programı / Erken Erişim
13324,36,18,10513.47,United Kingdom,64.0,3.033181818181818,Sadık Müşteri,Sadakat Programı / Erken Erişim
13325,82,1,675.3,United Kingdom,20.0,3.0283333333333338,Orta Segment,Çapraz Satış Önerisi
13326,432,1,281.76,United Kingdom,10.76923076923077,2.914615384615385,Pasif/Kaybedilmiş,Geri Kazanma Kampanyası
13327,39,19,9052.87,United Kingdom,13.13125,2.731375,Sadık Müşteri,Sadakat Programı / Erken Erişim
13328,316,1,1308.48,United Kingdom,40.0,1.8776470588235292,Pasif/Kaybedilmiş,Geri Kazanma Kampanyası
13329,32,8,4808.77,United Kingdom,28.059322033898304,2.3333050847457626,Sadık Müşteri,Sadakat Programı / Erken Erişim
13330,93,6,2796.1,United Kingdom,16.675213675213676,2.270940170940171,Orta Segment,Çapraz Satış Önerisi
13331,402,1,262.4,United Kingdom,4.5,11.845833333333333,Pasif/Kaybedilmiş,Geri Kazanma Kampanyası
13332,14,1,350.9,United Kingdom,8.523809523809524,3.0352380952380953,Yeni / Potansiyel Müşteri,Hoş Geldin Kampanyası
13333,411,3,1015.74,United Kingdom,12.454545454545455,2.490545454545454,Orta Segment,Çapraz Satış Önerisi
13334,82,5,6201.8,United Kingdom,6.746835443037975,2.9577848101265825,Orta Segment,Çapraz Satış Önerisi
13336,77,1,795.12,United Kingdom,10.96078431372549,2.5023529411764707,Orta Segment,Çapraz Satış Önerisi
13337,546,1,1575.26,United Kingdom,11.264367816091953,3.464137931034483,Pasif/Kaybedilmiş,Geri Kazanma Kampanyası
13338,158,4,2445.62,United Kingdom,8.9921875,5.34390625,Orta Segment,Çapraz Satış Önerisi
13339,201,1,860.12,United Kingdom,6.037037037037037,5.235555555555556,Pasif/Kaybedilmiş,Geri Kazanma Kampanyası
13340,45,12,22100.56,United Kingdom,44.818604651162794,5.291209302325581,Sadık Müşteri,Sadakat Programı / Erken Erişim
13341,261,1,775.85,United Kingdom,7.166666666666667,4.182142857142857,Pasif/Kaybedilmiş,Geri Kazanma Kampanyası
13343,178,1,353.43,United Kingdom,7.105263157894737,6.25421052631579,Orta Segment,Çapraz Satış Önerisi
13344,68,3,2511.69,United Kingdom,8.206896551724139,5.069827586206896,Orta Segment,Çapraz Satış Önerisi
13345,288,1,389.5,United Kingdom,7.05,5.6450000000000005,Pasif/Kaybedilmiş,Geri Kazanma Kampanyası
13346,463,6,299.4,United Kingdom,30.0,1.8916666666666666,Orta Segment,Çapraz Satış Önerisi
13347,70,1,341.36,United Kingdom,25.625,7.52,Orta Segment,Çapraz Satış Önerisi
13348,64,1,233.76,United Kingdom,9.714285714285714,2.2057142857142855,Orta Segment,Çapraz Satış Önerisi
13349,11,1,247.32,United Kingdom,14.0625,4.02625,Yeni / Potansiyel Müşteri,Hoş Geldin Kampanyası
13350,16,2,979.12,United Kingdom,7.175,8.31575,Yeni / Potansiyel Müşteri,Hoş Geldin Kampanyası
13351,66,1,373.94,United Kingdom,7.3125,6.498125,Orta Segment,Çapraz Satış Önerisi
13352,60,1,397.98,United Kingdom,13.375,3.779583333333333,Orta Segment,Çapraz Satış Önerisi
13354,71,1,743.53,United Kingdom,11.843137254901961,1.8486274509803922,Orta Segment,Çapraz Satış Önerisi
13355,122,1,674.7,United Kingdom,9.8125,2.7259375,Orta Segment,Çapraz Satış Önerisi
13356,80,1,768.24,United Kingdom,7.738095238095238,4.316190476190476,Orta Segment,Çapraz Satış Önerisi
13357,257,5,3795.01,United Kingdom,5.310432569974555,3.1604580152671753,Kaybedilme Riski (Değerli),Yüksek İndirim / Kişisel Teklif
13358,269,1,439.03,United Kingdom,9.827586206896552,5.006551724137931,Pasif/Kaybedilmiş,Geri Kazanma Kampanyası
13359,64,2,1043.31,United Kingdom,6.803571428571429,5.5687500000000005,Orta Segment,Çapraz Satış Önerisi
13360,432,4,1553.65,United Kingdom,14.272727272727273,3.477424242424242,Orta Segment,Çapraz Satış Önerisi
13361,472,2,1450.5,United Kingdom,9.529411764705882,4.438235294117647,Pasif/Kaybedilmiş,Geri Kazanma Kampanyası
13362,9,7,5394.07,United Kingdom,8.325503355704697,3.3734228187919464,Sadık Müşteri,Sadakat Programı / Erken Erişim
13363,18,3,1723.86,United Kingdom,11.235294117647058,3.3801960784313723,Orta Segment,Çapraz Satış Önerisi
13364,71,1,134.96,United Kingdom,7.1,2.598,Orta Segment,Çapraz Satış Önerisi
13365,34,2,2225.37,United Kingdom,9.7421875,3.115703125,Yeni / Potansiyel Müşteri,Hoş Geldin Kampanyası
13366,50,1,56.16,United Kingdom,144.0,0.39,Yeni / Potansiyel Müşteri,Hoş Geldin Kampanyası
13367,432,1,510.2,United Kingdom,12.65,4.61,Pasif/Kaybedilmiş,Geri Kazanma Kampanyası
13368,257,4,1121.5,United Kingdom,11.653846153846153,4.687115384615385,Orta Segment,Çapraz Satış Önerisi
13369,366,1,308.28,United Kingdom,10.642857142857142,6.5442857142857145,Pasif/Kaybedilmiş,Geri Kazanma Kampanyası
13370,372,1,754.87,United Kingdom,8.794871794871796,3.7279487179487183,Pasif/Kaybedilmiş,Geri Kazanma Kampanyası
13371,505,2,2297.66,United Kingdom,11.076086956521738,4.004130434782609,Pasif/Kaybedilmiş,Geri Kazanma Kampanyası
13372,90,1,378.64,United Kingdom,6.913043478260869,6.020434782608696,Orta Segment,Çapraz Satış Önerisi
13373,61,6,7587.19,United Kingdom,11.90782122905028,3.3009217877094974,Orta Segment,Çapraz Satış Önerisi
13374,415,2,422.8,United Kingdom,7.9411764705882355,6.044117647058823,Pasif/Kaybedilmiş,Geri Kazanma Kampanyası
13375,89,2,1792.23,United Kingdom,15.830985915492958,3.1480281690140846,Orta Segment,Çapraz Satış Önerisi
13376,99,3,1019.76,United Kingdom,9.30188679245283,5.379811320754717,Orta Segment,Çapraz Satış Önerisi
13377,397,2,1552.88,United Kingdom,9.58974358974359,5.465128205128205,Pasif/Kaybedilmiş,Geri Kazanma Kampanyası
13379,26,3,572.56,United Kingdom,6.195876288659794,1.7503092783505154,Orta Segment,Çapraz Satış Önerisi
13380,433,1,62.4,United Kingdom,16.0,1.3166666666666667,Pasif/Kaybedilmiş,Geri Kazanma Kampanyası
13381,32,12,8224.37,United Kingdom,14.396067415730338,2.966741573033708,Sadık Müşteri,Sadakat Programı / Erken Erişim
13382,281,5,1387.58,United Kingdom,10.034883720930232,2.4241860465116276,Kaybedilme Riski (Değerli),Yüksek İndirim / Kişisel Teklif
13383,544,1,305.28,United Kingdom,288.0,1.06,Pasif/Kaybedilmiş,Geri Kazanma Kampanyası
13384,31,11,6680.83,United Kingdom,15.68939393939394,3.131515151515152,Sadık Müşteri,Sadakat Programı / Erken Erişim
13385,330,1,534.57,United Kingdom,8.028571428571428,4.533142857142857,Pasif/Kaybedilmiş,Geri Kazanma Kampanyası
13386,414,2,835.46,United Kingdom,16.580645161290324,2.2948387096774194,Pasif/Kaybedilmiş,Geri Kazanma Kampanyası
13387,417,1,181.84,United Kingdom,1.6714285714285715,1.958,Pasif/Kaybedilmiş,Geri Kazanma Kampanyası
13388,131,3,1185.65,United Kingdom,10.159420289855072,4.143913043478261,Orta Segment,Çapraz Satış Önerisi
13389,11,3,797.96,United Kingdom,8.411764705882353,3.844901960784314,Orta Segment,Çapraz Satış Önerisi
13390,75,1,544.08,United Kingdom,17.23076923076923,3.060769230769231,Orta Segment,Çapraz Satış Önerisi
13391,204,1,59.8,United Kingdom,4.0,14.95,Pasif/Kaybedilmiş,Geri Kazanma Kampanyası
13392,677,1,91.14,United Kingdom,10.25,1.44625,Pasif/Kaybedilmiş,Geri Kazanma Kampanyası
13393,584,4,1131.45,United Kingdom,9.594202898550725,4.150579710144927,Orta Segment,Çapraz Satış Önerisi
13394,2,19,6621.7,United Kingdom,13.09046454767726,2.1490464547677264,Sadık Müşteri,Sadakat Programı / Erken Erişim
13395,185,3,1180.23,United Kingdom,20.493827160493826,1.9066666666666667,Orta Segment,Çapraz Satış Önerisi
13396,29,2,1360.99,United Kingdom,13.953488372093023,3.8948837209302325,Yeni / Potansiyel Müşteri,Hoş Geldin Kampanyası
13397,73,10,3191.87,United Kingdom,15.01123595505618,4.585730337078652,Orta Segment,Çapraz Satış Önerisi
13398,192,2,670.34,United Kingdom,8.743589743589743,4.044102564102564,Pasif/Kaybedilmiş,Geri Kazanma Kampanyası
13399,464,3,275.4,United Kingdom,8.0,3.61,Orta Segment,Çapraz Satış Önerisi
13400,583,1,310.83,United Kingdom,12.347826086956522,1.9695652173913043,Pasif/Kaybedilmiş,Geri Kazanma Kampanyası
13402,127,4,1226.85,United Kingdom,11.60759493670886,2.3658227848101268,Orta Segment,Çapraz Satış Önerisi
13403,18,3,229.5,United Kingdom,12.666666666666666,3.644444444444444,Orta Segment,Çapraz Satış Önerisi
13404,1,2,252.49,United Kingdom,10.090909090909092,2.900909090909091,Yeni / Potansiyel Müşteri,Hoş Geldin Kampanyası
13405,204,5,1198.81,United Kingdom,20.804878048780488,4.809024390243902,Orta Segment,Çapraz Satış Önerisi
13406,427,2,568.92,United Kingdom,32.44444444444444,2.4655555555555555,Pasif/Kaybedilmiş,Geri Kazanma Kampanyası
13407,579,3,2244.7,United Kingdom,19.88235294117647,2.5101176470588236,Orta Segment,Çapraz Satış Önerisi
13408,2,106,50174.78,United Kingdom,34.71549636803874,2.5083438256658592,Sadık Müşteri,Sadakat Programı / Erken Erişim
13410,24,9,2201.96,United Kingdom,24.88,2.425,Sadık Müşteri,Sadakat Programı / Erken Erişim
13411,107,1,213.55,United Kingdom,4.0,3.263888888888889,Orta Segment,Çapraz Satış Önerisi
13412,620,1,487.35,United Kingdom,5.176470588235294,4.819117647058824,Pasif/Kaybedilmiş,Geri Kazanma Kampanyası
13413,640,6,429.44,United Kingdom,10.581395348837209,1.8832558139534885,Orta Segment,Çapraz Satış Önerisi
13414,134,6,2494.14,United Kingdom,49.127272727272725,2.014,Orta Segment,Çapraz Satış Önerisi
13415,473,4,784.17,United Kingdom,4.910891089108911,2.5163366336633666,Orta Segment,Çapraz Satış Önerisi
13416,44,3,940.8,United Kingdom,8.0,4.888461538461539,Orta Segment,Çapraz Satış Önerisi
13417,5,6,1669.49,United Kingdom,6.909090909090909,4.697272727272727,Sadık Müşteri,Sadakat Programı / Erken Erişim
13418,12,31,11559.66,United Kingdom,13.694599627560521,2.876424581005587,Sadık Müşteri,Sadakat Programı / Erken Erişim
13419,64,1,221.06,United Kingdom,17.1875,1.011875,Orta Segment,Çapraz Satış Önerisi
13420,150,2,159.85,United Kingdom,12.625,3.5425,Orta Segment,Çapraz Satış Önerisi
13421,40,8,4048.25,United Kingdom,8.81060606060606,2.3190909090909093,Sadık Müşteri,Sadakat Programı / Erken Erişim
13422,64,1,2626.3,United Kingdom,10.440944881889763,3.0306299212598424,Orta Segment,Çapraz Satış Önerisi
13423,429,1,217.03,United Kingdom,11.75,2.2316666666666665,Pasif/Kaybedilmiş,Geri Kazanma Kampanyası
13424,450,1,572.77,United Kingdom,13.225,1.672,Pasif/Kaybedilmiş,Geri Kazanma Kampanyası
13425,108,5,3390.43,United Kingdom,13.322033898305085,2.574293785310734,Orta Segment,Çapraz Satış Önerisi
13426,1,22,8167.38,United Kingdom,14.192419825072886,2.0299708454810497,Sadık Müşteri,Sadakat Programı / Erken Erişim
13427,19,6,1006.53,United Kingdom,16.923076923076923,1.705576923076923,Sadık Müşteri,Sadakat Programı / Erken Erişim
13428,10,3,478.54,United Kingdom,2.579710144927536,1.816376811594203,Orta Segment,Çapraz Satış Önerisi
13429,11,4,1006.8,United Kingdom,20.746268656716417,1.2207462686567165,Orta Segment,Çapraz Satış Önerisi
13430,19,2,679.45,United Kingdom,15.326530612244898,1.6575510204081632,Yeni / Potansiyel Müşteri,Hoş Geldin Kampanyası
13431,67,8,3316.24,United Kingdom,12.170542635658915,3.5859689922480618,Orta Segment,Çapraz Satış Önerisi
13432,571,2,436.55,United Kingdom,1.9454545454545455,2.2975454545454546,Pasif/Kaybedilmiş,Geri Kazanma Kampanyası
13433,501,4,658.32,United Kingdom,7.916666666666667,4.62375,Orta Segment,Çapraz Satış Önerisi
13434,74,5,1666.86,United Kingdom,24.685714285714287,1.984,Orta Segment,Çapraz Satış Önerisi
13435,5,9,4447.33,United Kingdom,18.483221476510067,2.7859060402684563,Sadık Müşteri,Sadakat Programı / Erken Erişim
13436,2,1,196.89,United Kingdom,6.333333333333333,5.829999999999999,Yeni / Potansiyel Müşteri,Hoş Geldin Kampanyası
13437,14,7,3408.06,United Kingdom,7.682634730538922,4.8889820359281435,Sadık Müşteri,Sadakat Programı / Erken Erişim
13438,547,1,46.5,United Kingdom,10.0,4.65,Pasif/Kaybedilmiş,Geri Kazanma Kampanyası
13439,255,3,986.61,United Kingdom,5.700598802395209,2.068263473053892,Orta Segment,Çapraz Satış Önerisi
13440,423,7,1295.25,United Kingdom,9.711864406779661,3.2228813559322034,Kaybedilme Riski (Değerli),Yüksek İndirim / Kişisel Teklif
13441,92,2,720.9,United Kingdom,13.68421052631579,2.3960526315789474,Orta Segment,Çapraz Satış Önerisi
13442,667,3,419.87,United Kingdom,3.026315789473684,7.01,Orta Segment,Çapraz Satış Önerisi
13443,449,6,1269.37,United Kingdom,4.05050505050505,2.875050505050505,Kaybedilme Riski (Değerli),Yüksek İndirim / Kişisel Teklif
13444,374,2,619.08,United Kingdom,5.807017543859649,2.349122807017544,Pasif/Kaybedilmiş,Geri Kazanma Kampanyası
13445,626,1,241.9,United Kingdom,28.285714285714285,1.9700000000000002,Pasif/Kaybedilmiş,Geri Kazanma Kampanyası
13446,430,11,3881.89,United Kingdom,12.515625,2.701927083333333,Kaybedilme Riski (Değerli),Yüksek İndirim / Kişisel Teklif
13447,23,3,1129.14,United Kingdom,9.898305084745763,3.139830508474576,Orta Segment,Çapraz Satış Önerisi
13448,17,12,8386.22,United Kingdom,7.883458646616542,3.084699248120301,Sadık Müşteri,Sadakat Programı / Erken Erişim
13449,24,1,291.88,United Kingdom,11.68421052631579,1.924736842105263,Yeni / Potansiyel Müşteri,Hoş Geldin Kampanyası
13450,27,13,4120.04,United Kingdom,29.374149659863946,1.5012925170068028,Sadık Müşteri,Sadakat Programı / Erken Erişim
13451,26,11,7088.92,United Kingdom,5.118511263467189,2.0490499510284033,Sadık Müşteri,Sadakat Programı / Erken Erişim
13452,259,3,729.8,United Kingdom,2.0,208.3166666666667,Orta Segment,Çapraz Satış Önerisi
13453,166,3,781.69,United Kingdom,8.525,3.7692500000000004,Orta Segment,Çapraz Satış Önerisi
13454,641,1,219.87,United Kingdom,8.608695652173912,1.4865217391304346,Pasif/Kaybedilmiş,Geri Kazanma Kampanyası
13455,25,6,2212.99,United Kingdom,6.973684210526316,4.465789473684211,Sadık Müşteri,Sadakat Programı / Erken Erişim
13456,18,6,1766.72,United Kingdom,12.142857142857142,3.458730158730159,Sadık Müşteri,Sadakat Programı / Erken Erişim
13457,689,2,148.22,United Kingdom,10.666666666666666,1.5599999999999998,Pasif/Kaybedilmiş,Geri Kazanma Kampanyası
13458,7,16,11959.27,United Kingdom,13.938144329896907,2.5380206185567014,Sadık Müşteri,Sadakat Programı / Erken Erişim
13459,625,2,1160.41,United Kingdom,13.506849315068493,2.282191780821918,Pasif/Kaybedilmiş,Geri Kazanma Kampanyası
13460,29,2,183.44,United Kingdom,16.823529411764707,1.06,Yeni / Potansiyel Müşteri,Hoş Geldin Kampanyası
13461,39,6,4160.0,United Kingdom,50.516129032258064,1.811774193548387,Sadık Müşteri,Sadakat Programı / Erken Erişim
13462,253,5,1153.85,United Kingdom,9.816901408450704,2.520845070422535,Orta Segment,Çapraz Satış Önerisi
13464,58,6,3097.64,United Kingdom,9.536423841059603,3.7382119205298014,Sadık Müşteri,Sadakat Programı / Erken Erişim
13465,446,2,931.12,United Kingdom,17.176470588235293,2.315588235294118,Pasif/Kaybedilmiş,Geri Kazanma Kampanyası
13466,184,5,1013.35,United Kingdom,12.0,2.745090909090909,Orta Segment,Çapraz Satış Önerisi
13467,11,2,1071.91,United Kingdom,5.918367346938775,2.729591836734694,Yeni / Potansiyel Müşteri,Hoş Geldin Kampanyası
13468,2,72,12793.28,United Kingdom,8.105339105339105,4.136334776334777,Sadık Müşteri,Sadakat Programı / Erken Erişim
13469,653,1,82.4,United Kingdom,8.666666666666666,2.6999999999999997,Pasif/Kaybedilmiş,Geri Kazanma Kampanyası
13470,99,2,165.0,United Kingdom,10.0,1.65,Orta Segment,Çapraz Satış Önerisi
13471,1,4,2501.84,United Kingdom,6.232283464566929,2.4573622047244092,Orta Segment,Çapraz Satış Önerisi
13472,464,2,592.24,United Kingdom,11.071428571428571,2.626785714285714,Pasif/Kaybedilmiş,Geri Kazanma Kampanyası
13473,61,8,2657.76,United Kingdom,14.285714285714286,4.2584285714285715,Orta Segment,Çapraz Satış Önerisi
13474,236,3,646.59,United Kingdom,2.5238095238095237,2.8511111111111114,Orta Segment,Çapraz Satış Önerisi
13475,191,4,1431.78,United Kingdom,11.767441860465116,2.8886046511627907,Orta Segment,Çapraz Satış Önerisi
13476,179,5,2061.47,United Kingdom,6.726415094339623,6.992830188679245,Orta Segment,Çapraz Satış Önerisi
13477,38,11,2819.17,United Kingdom,13.318471337579618,2.5029936305732488,Sadık Müşteri,Sadakat Programı / Erken Erişim
13478,469,5,2215.78,United Kingdom,9.512,3.8902400000000004,Kaybedilme Riski (Değerli),Yüksek İndirim / Kişisel Teklif
13479,201,4,851.37,United Kingdom,13.50943396226415,2.7658490566037734,Orta Segment,Çapraz Satış Önerisi
13480,417,2,627.82,United Kingdom,8.829268292682928,3.5897560975609757,Pasif/Kaybedilmiş,Geri Kazanma Kampanyası
13481,46,11,3830.84,United Kingdom,9.174107142857142,2.9721875,Sadık Müşteri,Sadakat Programı / Erken Erişim
13482,232,2,336.09,United Kingdom,9.35,2.719,Pasif/Kaybedilmiş,Geri Kazanma Kampanyası
13483,66,1,140.34,United Kingdom,16.0,1.0559999999999998,Orta Segment,Çapraz Satış Önerisi
13484,241,3,790.72,United Kingdom,5.743589743589744,5.074358974358974,Orta Segment,Çapraz Satış Önerisi
13485,233,11,3015.22,United Kingdom,11.445859872611464,3.4254140127388535,Kaybedilme Riski (Değerli),Yüksek İndirim / Kişisel Teklif
13486,78,3,1122.41,United Kingdom,9.695652173913043,2.9099999999999997,Orta Segment,Çapraz Satış Önerisi
13487,58,5,846.87,United Kingdom,7.387755102040816,4.52265306122449,Sadık Müşteri,Sadakat Programı / Erken Erişim
13488,17,23,14205.96,United Kingdom,10.861561119293079,3.483240058910162,Sadık Müşteri,Sadakat Programı / Erken Erişim
13489,105,4,449.52,United Kingdom,40.0,1.417142857142857,Orta Segment,Çapraz Satış Önerisi
13490,654,1,154.25,United Kingdom,3.125,9.40625,Pasif/Kaybedilmiş,Geri Kazanma Kampanyası
13491,52,27,4467.66,United Kingdom,9.0,3.536896551724138,Sadık Müşteri,Sadakat Programı / Erken Erişim
13492,136,3,1269.84,Switzerland,8.16,4.5016,Orta Segment,Çapraz Satış Önerisi
13493,275,2,498.63,Switzerland,62.833333333333336,3.8616666666666664,Pasif/Kaybedilmiş,Geri Kazanma Kampanyası
13494,312,1,316.26,United Kingdom,9.0,3.665,Pasif/Kaybedilmiş,Geri Kazanma Kampanyası
13495,8,10,4863.31,United Kingdom,18.533834586466167,2.205263157894737,Sadık Müşteri,Sadakat Programı / Erken Erişim
13496,11,2,653.33,United Kingdom,9.742857142857142,3.108285714285714,Yeni / Potansiyel Müşteri,Hoş Geldin Kampanyası
13497,283,6,1166.83,United Kingdom,9.051724137931034,3.035,Orta Segment,Çapraz Satış Önerisi
13498,730,1,327.38,United Kingdom,21.294117647058822,2.2652941176470587,Pasif/Kaybedilmiş,Geri Kazanma Kampanyası
13499,18,5,1159.11,United Kingdom,32.5,2.131666666666667,Sadık Müşteri,Sadakat Programı / Erken Erişim
13500,23,4,1466.3,United Kingdom,9.858823529411765,3.5580000000000003,Orta Segment,Çapraz Satış Önerisi
13501,288,3,2885.11,Switzerland,10.991228070175438,3.688157894736842,Orta Segment,Çapraz Satış Önerisi
13502,17,5,780.5,United Kingdom,14.848484848484848,2.376060606060606,Sadık Müşteri,Sadakat Programı / Erken Erişim
13503,71,5,1778.04,United Kingdom,5.8563829787234045,3.004627659574468,Orta Segment,Çapraz Satış Önerisi
13504,64,1,295.93,United Kingdom,8.090909090909092,3.7018181818181817,Orta Segment,Çapraz Satış Önerisi
13505,73,4,3633.63,Switzerland,11.691943127962086,2.601232227488152,Orta Segment,Çapraz Satış Önerisi
13506,316,5,1338.08,United Kingdom,11.62962962962963,2.722098765432099,Kaybedilme Riski (Değerli),Yüksek İndirim / Kişisel Teklif
13507,3,4,2479.16,United Kingdom,9.858024691358025,3.3541975308641976,Orta Segment,Çapraz Satış Önerisi
13508,244,2,287.05,United Kingdom,6.428571428571429,3.840357142857143,Pasif/Kaybedilmiş,Geri Kazanma Kampanyası
13509,9,7,1099.72,United Kingdom,25.270833333333332,1.0683333333333334,Sadık Müşteri,Sadakat Programı / Erken Erişim
13510,1,11,4558.29,United Kingdom,10.53287197231834,3.132975778546713,Sadık Müşteri,Sadakat Programı / Erken Erişim
13511,677,1,282.76,United Kingdom,12.0,12.998000000000001,Pasif/Kaybedilmiş,Geri Kazanma Kampanyası
13512,261,4,713.39,United Kingdom,10.743589743589743,3.12025641025641,Orta Segment,Çapraz Satış Önerisi
13513,127,3,824.59,United Kingdom,9.1,2.8415,Orta Segment,Çapraz Satış Önerisi
13514,74,4,815.9,United Kingdom,13.714285714285714,4.897619047619047,Orta Segment,Çapraz Satış Önerisi
13515,73,6,1265.82,United Kingdom,10.776315789473685,2.605526315789474,Orta Segment,Çapraz Satış Önerisi
13516,21,4,1685.26,United Kingdom,18.262295081967213,3.5737704918032787,Orta Segment,Çapraz Satış Önerisi
13517,60,3,2128.42,United Kingdom,9.709219858156029,2.921631205673759,Orta Segment,Çapraz Satış Önerisi
13518,86,1,627.16,United Kingdom,10.61111111111111,2.7094444444444443,Orta Segment,Çapraz Satış Önerisi
13519,78,2,343.21,United Kingdom,7.0,4.357368421052632,Orta Segment,Çapraz Satış Önerisi
13520,59,11,5446.0,Switzerland,16.75531914893617,2.2277127659574467,Sadık Müşteri,Sadakat Programı / Erken Erişim
13521,1,3,1070.47,United Kingdom,1.7146282973621103,1.8432613908872901,Orta Segment,Çapraz Satış Önerisi
13522,30,1,125.8,United Kingdom,8.8,3.2700000000000005,Yeni / Potansiyel Müşteri,Hoş Geldin Kampanyası
13523,33,6,4534.57,United Kingdom,9.895522388059701,5.927213930348258,Sadık Müşteri,Sadakat Programı / Erken Erişim
13524,41,5,680.18,United Kingdom,12.0,3.4651851851851854,Sadık Müşteri,Sadakat Programı / Erken Erişim
13525,15,2,628.78,United Kingdom,65.66666666666667,3.901666666666667,Yeni / Potansiyel Müşteri,Hoş Geldin Kampanyası
13526,738,2,1182.0,United Kingdom,43.43181818181818,1.0329545454545455,Pasif/Kaybedilmiş,Geri Kazanma Kampanyası
13527,34,12,4541.29,United Kingdom,6.176072234762979,2.9309480812641087,Sadık Müşteri,Sadakat Programı / Erken Erişim
13529,79,2,307.76,United Kingdom,4.933333333333334,5.598666666666667,Orta Segment,Çapraz Satış Önerisi
13530,634,1,402.98,United Kingdom,15.11111111111111,2.0072222222222225,Pasif/Kaybedilmiş,Geri Kazanma Kampanyası
13531,205,6,1433.07,United Kingdom,6.626666666666667,4.529066666666667,Kaybedilme Riski (Değerli),Yüksek İndirim / Kişisel Teklif
13532,34,1,210.31,United Kingdom,1.9545454545454546,2.223181818181818,Yeni / Potansiyel Müşteri,Hoş Geldin Kampanyası
13533,183,3,269.09,United Kingdom,2.6933333333333334,1.9477333333333335,Orta Segment,Çapraz Satış Önerisi
13534,2,35,7720.9,United Kingdom,9.869897959183673,2.7865561224489794,Sadık Müşteri,Sadakat Programı / Erken Erişim
13535,403,1,89.5,United Kingdom,10.0,8.95,Pasif/Kaybedilmiş,Geri Kazanma Kampanyası
13536,1,7,3444.39,United Kingdom,11.9438202247191,3.234157303370787,Sadık Müşteri,Sadakat Programı / Erken Erişim
13537,426,2,717.85,United Kingdom,8.023809523809524,3.2404761904761905,Pasif/Kaybedilmiş,Geri Kazanma Kampanyası
13538,43,12,3103.13,United Kingdom,6.753521126760563,4.319577464788733,Sadık Müşteri,Sadakat Programı / Erken Erişim
13539,86,7,1569.36,United Kingdom,8.255813953488373,4.071162790697675,Orta Segment,Çapraz Satış Önerisi
13540,467,3,632.39,United Kingdom,5.90625,5.5475,Orta Segment,Çapraz Satış Önerisi
13541,427,2,785.25,United Kingdom,27.9,3.502,Pasif/Kaybedilmiş,Geri Kazanma Kampanyası
13542,377,17,3959.49,United Kingdom,2.4290030211480365,5.561480362537765,Kaybedilme Riski (Değerli),Yüksek İndirim / Kişisel Teklif
13543,634,2,1439.61,United Kingdom,7.0,4.599787234042553,Pasif/Kaybedilmiş,Geri Kazanma Kampanyası
13544,40,6,790.2,United Kingdom,1.3907563025210083,2.6777731092436974,Sadık Müşteri,Sadakat Programı / Erken Erişim
13545,391,2,364.93,United Kingdom,4.666666666666667,2.5207407407407407,Pasif/Kaybedilmiş,Geri Kazanma Kampanyası
13546,12,5,1086.24,United Kingdom,3.861842105263158,2.2505263157894735,Sadık Müşteri,Sadakat Programı / Erken Erişim
13547,408,1,164.53,United Kingdom,1.813953488372093,2.9125581395348834,Pasif/Kaybedilmiş,Geri Kazanma Kampanyası
13548,96,3,901.44,United Kingdom,3.032608695652174,2.787336956521739,Orta Segment,Çapraz Satış Önerisi
13549,26,8,1005.8,United Kingdom,9.389830508474576,3.176949152542373,Sadık Müşteri,Sadakat Programı / Erken Erişim
13550,383,1,342.55,United Kingdom,10.238095238095237,1.7414285714285715,Pasif/Kaybedilmiş,Geri Kazanma Kampanyası
13551,319,2,244.2,United Kingdom,7.2,7.390000000000001,Pasif/Kaybedilmiş,Geri Kazanma Kampanyası
13552,66,22,6948.92,United Kingdom,12.705314009661835,3.653526570048309,Orta Segment,Çapraz Satış Önerisi
13553,675,1,499.6,United Kingdom,2.258426966292135,3.5106741573033706,Pasif/Kaybedilmiş,Geri Kazanma Kampanyası
13554,380,7,1629.35,United Kingdom,2.9489795918367347,4.05954081632653,Kaybedilme Riski (Değerli),Yüksek İndirim / Kişisel Teklif
13555,74,13,8891.84,United Kingdom,11.994962216624685,2.753904282115869,Orta Segment,Çapraz Satış Önerisi
13556,429,2,200.82,United Kingdom,14.88888888888889,2.0655555555555556,Pasif/Kaybedilmiş,Geri Kazanma Kampanyası
13557,28,13,3032.26,United Kingdom,13.322222222222223,2.0661666666666667,Sadık Müşteri,Sadakat Programı / Erken Erişim
13558,6,4,594.52,United Kingdom,2.0,2.225562130177515,Orta Segment,Çapraz Satış Önerisi
13559,513,2,990.0,United Kingdom,180.0,2.75,Pasif/Kaybedilmiş,Geri Kazanma Kampanyası
13560,7,1,171.42,United Kingdom,1.96875,2.9865625000000002,Yeni / Potansiyel Müşteri,Hoş Geldin Kampanyası
13561,216,11,1803.4,United Kingdom,4.9126637554585155,2.3517903930131,Kaybedilme Riski (Değerli),Yüksek İndirim / Kişisel Teklif
13562,82,8,4838.18,United Kingdom,8.178571428571429,4.246581632653061,Orta Segment,Çapraz Satış Önerisi
13563,84,2,777.53,United Kingdom,4.26530612244898,8.512857142857143,Orta Segment,Çapraz Satış Önerisi
13564,354,36,15880.22,United Kingdom,7.3916317991631795,3.0366861924686193,Kaybedilme Riski (Değerli),Yüksek İndirim / Kişisel Teklif
13565,19,3,414.8,United Kingdom,4.333333333333333,1.9356666666666666,Orta Segment,Çapraz Satış Önerisi
13566,41,5,1684.75,United Kingdom,3.4246575342465753,1.7775890410958906,Sadık Müşteri,Sadakat Programı / Erken Erişim
13567,428,4,1079.29,United Kingdom,3.199004975124378,2.583233830845771,Orta Segment,Çapraz Satış Önerisi
13568,173,1,187.05,United Kingdom,1.5348837209302326,3.0372093023255813,Orta Segment,Çapraz Satış Önerisi
13569,17,4,725.04,United Kingdom,1.9325842696629214,2.6141011235955056,Orta Segment,Çapraz Satış Önerisi
13570,243,1,239.49,United Kingdom,5.962962962962963,2.102592592592593,Pasif/Kaybedilmiş,Geri Kazanma Kampanyası
13571,13,26,4537.26,United Kingdom,4.741456166419019,1.916552748885587,Sadık Müşteri,Sadakat Programı / Erken Erişim
13572,206,1,1384.25,United Kingdom,16.181818181818183,4.502424242424243,Pasif/Kaybedilmiş,Geri Kazanma Kampanyası
13573,50,6,903.07,United Kingdom,7.511627906976744,2.99453488372093,Sadık Müşteri,Sadakat Programı / Erken Erişim
13574,411,1,404.45,United Kingdom,3.340659340659341,2.173626373626374,Pasif/Kaybedilmiş,Geri Kazanma Kampanyası
13575,23,5,732.07,United Kingdom,9.76086956521739,2.1478260869565218,Sadık Müşteri,Sadakat Programı / Erken Erişim
13576,10,28,11202.59,United Kingdom,16.813432835820894,3.5274626865671643,Sadık Müşteri,Sadakat Programı / Erken Erişim
13577,25,11,3484.28,United Kingdom,9.940119760479043,3.2633532934131737,Sadık Müşteri,Sadakat Programı / Erken Erişim
13578,409,1,147.66,United Kingdom,14.11111111111111,1.97,Pasif/Kaybedilmiş,Geri Kazanma Kampanyası
13579,15,5,1374.34,United Kingdom,8.864197530864198,3.5728395061728393,Sadık Müşteri,Sadakat Programı / Erken Erişim
13580,406,1,107.75,United Kingdom,9.0,9.23,Pasif/Kaybedilmiş,Geri Kazanma Kampanyası
13581,309,2,280.53,United Kingdom,3.606060606060606,2.8239393939393937,Pasif/Kaybedilmiş,Geri Kazanma Kampanyası
13582,390,2,241.68,United Kingdom,9.636363636363637,2.862727272727273,Pasif/Kaybedilmiş,Geri Kazanma Kampanyası
13583,156,2,1445.03,United Kingdom,11.427083333333334,2.382510416666667,Orta Segment,Çapraz Satış Önerisi
13584,307,3,385.7,United Kingdom,4.5,2.4201249999999996,Orta Segment,Çapraz Satış Önerisi
13585,531,3,684.54,United Kingdom,35.53846153846154,1.5061538461538462,Orta Segment,Çapraz Satış Önerisi
13586,541,1,127.28,United Kingdom,1.9,3.8395,Pasif/Kaybedilmiş,Geri Kazanma Kampanyası
13587,64,4,1673.5,United Kingdom,22.133333333333333,3.8729999999999998,Orta Segment,Çapraz Satış Önerisi
13588,16,9,2478.95,United Kingdom,14.977011494252874,1.376494252873563,Sadık Müşteri,Sadakat Programı / Erken Erişim
13589,15,6,1120.74,United Kingdom,5.634615384615385,7.078269230769231,Sadık Müşteri,Sadakat Programı / Erken Erişim
13590,11,18,6336.04,United Kingdom,12.982758620689655,2.328423645320197,Sadık Müşteri,Sadakat Programı / Erken Erişim
13591,65,7,2093.94,United Kingdom,8.415841584158416,4.2522772277227725,Orta Segment,Çapraz Satış Önerisi
13592,36,4,247.96,United Kingdom,5.25,6.26,Orta Segment,Çapraz Satış Önerisi
13593,108,14,5493.29,United Kingdom,5.318627450980392,3.9193382352941173,Orta Segment,Çapraz Satış Önerisi
13594,53,2,533.32,United Kingdom,12.0,2.4978787878787876,Yeni / Potansiyel Müşteri,Hoş Geldin Kampanyası
13595,517,3,784.48,United Kingdom,2.3846153846153846,3.0486713286713285,Orta Segment,Çapraz Satış Önerisi
13596,6,2,664.11,United Kingdom,2.6301369863013697,2.3843835616438356,Yeni / Potansiyel Müşteri,Hoş Geldin Kampanyası
13597,400,2,396.71,United Kingdom,13.588235294117647,2.2300000000000004,Pasif/Kaybedilmiş,Geri Kazanma Kampanyası
13598,47,5,761.96,United Kingdom,4.271739130434782,2.8304347826086955,Sadık Müşteri,Sadakat Programı / Erken Erişim
13599,1,33,9811.04,United Kingdom,15.938775510204081,2.6111734693877553,Sadık Müşteri,Sadakat Programı / Erken Erişim
13600,312,2,518.42,United Kingdom,14.609756097560975,2.796829268292683,Pasif/Kaybedilmiş,Geri Kazanma Kampanyası
13601,45,4,1159.99,United Kingdom,5.172972972972973,2.193027027027027,Orta Segment,Çapraz Satış Önerisi
13602,65,4,1025.17,United Kingdom,9.275862068965518,2.895172413793104,Orta Segment,Çapraz Satış Önerisi
13603,26,1,164.34,United Kingdom,6.074074074074074,2.111851851851852,Yeni / Potansiyel Müşteri,Hoş Geldin Kampanyası
13604,659,1,717.62,United Kingdom,11.523809523809524,5.5147619047619045,Pasif/Kaybedilmiş,Geri Kazanma Kampanyası
13605,387,2,522.67,United Kingdom,8.018867924528301,1.9281132075471699,Pasif/Kaybedilmiş,Geri Kazanma Kampanyası
13606,29,3,276.75,United Kingdom,6.9,2.3442499999999997,Orta Segment,Çapraz Satış Önerisi
13607,40,2,1075.81,United Kingdom,3.8512396694214877,3.3458677685950415,Yeni / Potansiyel Müşteri,Hoş Geldin Kampanyası
13608,541,1,232.05,United Kingdom,3.235294117647059,2.2661764705882352,Pasif/Kaybedilmiş,Geri Kazanma Kampanyası
13609,593,1,167.35,United Kingdom,2.7142857142857144,13.192857142857141,Pasif/Kaybedilmiş,Geri Kazanma Kampanyası
13610,12,14,2102.46,United Kingdom,2.180904522613065,3.1698994974874375,Sadık Müşteri,Sadakat Programı / Erken Erişim
13611,89,10,3297.93,United Kingdom,8.79646017699115,2.6773893805309736,Orta Segment,Çapraz Satış Önerisi
13612,633,1,818.29,United Kingdom,8.88,3.3996,Pasif/Kaybedilmiş,Geri Kazanma Kampanyası
13613,453,5,1039.85,United Kingdom,7.5423728813559325,3.9720338983050847,Orta Segment,Çapraz Satış Önerisi
13614,24,6,2332.74,United Kingdom,3.109848484848485,3.9618939393939394,Sadık Müşteri,Sadakat Programı / Erken Erişim
13615,319,8,6272.53,United Kingdom,7.929155313351498,4.600926430517711,Kaybedilme Riski (Değerli),Yüksek İndirim / Kişisel Teklif
13616,568,2,283.85,United Kingdom,4.914285714285715,3.0828571428571427,Pasif/Kaybedilmiş,Geri Kazanma Kampanyası
13617,40,8,1278.75,United Kingdom,5.542056074766355,3.474859813084112,Sadık Müşteri,Sadakat Programı / Erken Erişim
13618,174,1,177.34,United Kingdom,18.923076923076923,1.0353846153846153,Orta Segment,Çapraz Satış Önerisi
13619,545,2,223.44,United Kingdom,1.7727272727272727,3.3634090909090912,Pasif/Kaybedilmiş,Geri Kazanma Kampanyası
13620,528,1,112.34,United Kingdom,14.8,2.504,Pasif/Kaybedilmiş,Geri Kazanma Kampanyası
13621,117,1,213.85,United Kingdom,18.05263157894737,1.1289473684210527,Orta Segment,Çapraz Satış Önerisi
13622,696,1,658.95,United Kingdom,11.84375,3.4603125,Pasif/Kaybedilmiş,Geri Kazanma Kampanyası
13623,31,10,2533.06,United Kingdom,3.556338028169014,3.3934507042253523,Sadık Müşteri,Sadakat Programı / Erken Erişim
13624,388,1,462.08,United Kingdom,37.27272727272727,2.7877272727272726,Pasif/Kaybedilmiş,Geri Kazanma Kampanyası
13625,597,1,301.26,United Kingdom,6.857142857142857,5.414761904761905,Pasif/Kaybedilmiş,Geri Kazanma Kampanyası
13626,253,2,707.04,United Kingdom,9.045454545454545,3.7274999999999996,Pasif/Kaybedilmiş,Geri Kazanma Kampanyası
13627,59,7,2245.9,United Kingdom,12.651162790697674,3.004263565891473,Sadık Müşteri,Sadakat Programı / Erken Erişim
13628,676,1,310.14,United Kingdom,6.625,4.135625,Pasif/Kaybedilmiş,Geri Kazanma Kampanyası
13629,23,19,13370.86,United Kingdom,88.75862068965517,2.1180459770114943,Sadık Müşteri,Sadakat Programı / Erken Erişim
13630,5,7,2031.78,United Kingdom,19.591549295774648,2.003098591549296,Sadık Müşteri,Sadakat Programı / Erken Erişim
13631,100,11,3070.42,United Kingdom,42.45454545454545,6.16090909090909,Orta Segment,Çapraz Satış Önerisi
13632,25,8,3645.81,United Kingdom,7.422727272727273,3.3631363636363636,Sadık Müşteri,Sadakat Programı / Erken Erişim
13634,33,16,5020.37,United Kingdom,4.698198198198198,3.580563063063063,Sadık Müşteri,Sadakat Programı / Erken Erişim
13635,68,4,2999.16,United Kingdom,11.62962962962963,2.294074074074074,Orta Segment,Çapraz Satış Önerisi
13636,37,5,949.12,United Kingdom,9.396825396825397,3.785396825396825,Sadık Müşteri,Sadakat Programı / Erken Erişim
13637,52,3,803.05,United Kingdom,4.122448979591836,2.3938775510204082,Orta Segment,Çapraz Satış Önerisi
13638,16,1,122.64,United Kingdom,11.625,2.9925,Yeni / Potansiyel Müşteri,Hoş Geldin Kampanyası
13639,74,2,1346.27,United Kingdom,16.89830508474576,1.5964406779661016,Orta Segment,Çapraz Satış Önerisi
13640,611,1,405.0,United Kingdom,27.0,3.75,Pasif/Kaybedilmiş,Geri Kazanma Kampanyası
13641,641,4,942.37,United Kingdom,25.511627906976745,1.8213953488372092,Orta Segment,Çapraz Satış Önerisi
13642,216,4,472.2,United Kingdom,2.2,2.925238095238095,Orta Segment,Çapraz Satış Önerisi
13643,31,10,2156.77,United Kingdom,8.843137254901961,3.8054901960784315,Sadık Müşteri,Sadakat Programı / Erken Erişim
13644,16,4,2624.26,United Kingdom,14.157534246575343,3.043013698630137,Orta Segment,Çapraz Satış Önerisi
13645,120,1,252.1,United Kingdom,31.6,3.3699999999999997,Orta Segment,Çapraz Satış Önerisi
13646,400,2,326.25,United Kingdom,1.3620689655172413,4.406034482758621,Pasif/Kaybedilmiş,Geri Kazanma Kampanyası
13647,10,8,3041.68,United Kingdom,12.913669064748202,3.285611510791367,Sadık Müşteri,Sadakat Programı / Erken Erişim
13648,400,8,1759.07,United Kingdom,9.133333333333333,2.8844761904761906,Kaybedilme Riski (Değerli),Yüksek İndirim / Kişisel Teklif
13649,257,6,1453.68,United Kingdom,7.2407407407407405,3.6659259259259263,Kaybedilme Riski (Değerli),Yüksek İndirim / Kişisel Teklif
13650,17,10,3288.0,United Kingdom,10.151162790697674,3.1804651162790694,Sadık Müşteri,Sadakat Programı / Erken Erişim
13651,40,2,211.85,United Kingdom,4.6923076923076925,7.061538461538461,Yeni / Potansiyel Müşteri,Hoş Geldin Kampanyası
13652,46,5,2262.05,United Kingdom,10.340425531914894,2.633758865248227,Sadık Müşteri,Sadakat Programı / Erken Erişim
13653,488,1,152.2,United Kingdom,8.0,2.783333333333333,Pasif/Kaybedilmiş,Geri Kazanma Kampanyası
13654,43,11,6308.0,United Kingdom,14.474164133738602,2.2920364741641337,Sadık Müşteri,Sadakat Programı / Erken Erişim
13655,114,6,2280.51,United Kingdom,10.294117647058824,3.363949579831933,Orta Segment,Çapraz Satış Önerisi
13656,165,4,1078.85,United Kingdom,9.908045977011493,2.231494252873563,Orta Segment,Çapraz Satış Önerisi
13657,11,2,382.14,United Kingdom,13.0625,2.993125,Yeni / Potansiyel Müşteri,Hoş Geldin Kampanyası
13658,10,9,6025.5,United Kingdom,9.160337552742616,4.255189873417722,Sadık Müşteri,Sadakat Programı / Erken Erişim
13659,206,12,4884.68,United Kingdom,9.222627737226277,3.9295255474452557,Kaybedilme Riski (Değerli),Yüksek İndirim / Kişisel Teklif
13660,400,1,306.64,United Kingdom,3.4,4.9305,Pasif/Kaybedilmiş,Geri Kazanma Kampanyası
13661,603,1,325.24,United Kingdom,6.9411764705882355,4.0452941176470585,Pasif/Kaybedilmiş,Geri Kazanma Kampanyası
13662,86,11,2233.61,United Kingdom,8.595588235294118,3.9645588235294116,Orta Segment,Çapraz Satış Önerisi
13663,179,5,2047.51,United Kingdom,9.02020202020202,3.833131313131313,Orta Segment,Çapraz Satış Önerisi
13665,386,3,1711.66,United Kingdom,15.584905660377359,2.0283018867924527,Orta Segment,Çapraz Satış Önerisi
13666,60,5,127.05,United Kingdom,2.9444444444444446,4.072222222222222,Orta Segment,Çapraz Satış Önerisi
13667,149,1,299.05,United Kingdom,1.7951807228915662,2.4897590361445783,Orta Segment,Çapraz Satış Önerisi
13668,3,35,12948.48,United Kingdom,8.063492063492063,3.3988227513227516,Sadık Müşteri,Sadakat Programı / Erken Erişim
13669,51,3,413.55,United Kingdom,28.071428571428573,2.2150000000000003,Orta Segment,Çapraz Satış Önerisi
13670,75,1,349.7,United Kingdom,11.28,1.8768,Orta Segment,Çapraz Satış Önerisi
13671,395,1,172.6,United Kingdom,1.484375,1.93203125,Pasif/Kaybedilmiş,Geri Kazanma Kampanyası
13672,301,3,419.92,United Kingdom,7.666666666666667,3.7594444444444446,Orta Segment,Çapraz Satış Önerisi
13673,19,2,387.44,United Kingdom,1.9,3.4189999999999996,Yeni / Potansiyel Müşteri,Hoş Geldin Kampanyası
13674,433,1,240.68,United Kingdom,7.285714285714286,4.1778571428571425,Pasif/Kaybedilmiş,Geri Kazanma Kampanyası
13675,151,2,486.82,United Kingdom,13.2,1.9028,Orta Segment,Çapraz Satış Önerisi
13676,539,2,243.9,United Kingdom,8.0,3.8346153846153848,Pasif/Kaybedilmiş,Geri Kazanma Kampanyası
13677,405,2,551.24,United Kingdom,2.047169811320755,3.4912264150943395,Pasif/Kaybedilmiş,Geri Kazanma Kampanyası
13678,152,1,232.6,United Kingdom,57.75,0.39375,Orta Segment,Çapraz Satış Önerisi
13679,494,3,281.26,United Kingdom,2.04,2.9604000000000004,Orta Segment,Çapraz Satış Önerisi
13680,1,12,11419.67,United Kingdom,8.117647058823529,2.70030959752322,Sadık Müşteri,Sadakat Programı / Erken Erişim
13681,18,4,827.83,United Kingdom,6.315789473684211,2.902456140350877,Orta Segment,Çapraz Satış Önerisi
13682,187,1,59.5,United Kingdom,3.3333333333333335,7.083333333333333,Orta Segment,Çapraz Satış Önerisi
13683,458,1,258.6,United Kingdom,18.0,1.73,Pasif/Kaybedilmiş,Geri Kazanma Kampanyası
13684,286,4,594.88,United Kingdom,2.1666666666666665,2.239537037037037,Orta Segment,Çapraz Satış Önerisi
13685,3,7,3119.44,United Kingdom,129.64102564102564,0.7007692307692308,Sadık Müşteri,Sadakat Programı / Erken Erişim
13686,183,3,409.04,United Kingdom,11.117647058823529,1.483235294117647,Orta Segment,Çapraz Satış Önerisi
13687,438,1,11880.84,United Kingdom,1937.0444444444445,0.15133333333333335,Pasif/Kaybedilmiş,Geri Kazanma Kampanyası
13688,635,1,375.5,United Kingdom,26.0,4.55,Pasif/Kaybedilmiş,Geri Kazanma Kampanyası
13689,63,2,1259.5,United Kingdom,80.22222222222223,1.7166666666666666,Orta Segment,Çapraz Satış Önerisi
13690,59,1,172.25,United Kingdom,7.444444444444445,5.972222222222222,Yeni / Potansiyel Müşteri,Hoş Geldin Kampanyası
13691,396,1,210.78,United Kingdom,2.7169811320754715,2.1058490566037738,Pasif/Kaybedilmiş,Geri Kazanma Kampanyası
13692,25,5,3114.4,United Kingdom,21.885416666666668,2.3693750000000002,Sadık Müşteri,Sadakat Programı / Erken Erişim
13693,374,9,2011.82,United Kingdom,8.30188679245283,4.17877358490566,Kaybedilme Riski (Değerli),Yüksek İndirim / Kişisel Teklif
13694,4,143,195640.69,United Kingdom,123.89795918367346,1.6649374588545096,Sadık Müşteri,Sadakat Programı / Erken Erişim
13695,31,16,2770.73,United Kingdom,18.65625,2.5589583333333334,Sadık Müşteri,Sadakat Programı / Erken Erişim
13696,422,3,2020.4,United Kingdom,23.0,4.635833333333333,Orta Segment,Çapraz Satış Önerisi
13697,39,1,151.3,United Kingdom,14.75,1.3933333333333333,Yeni / Potansiyel Müşteri,Hoş Geldin Kampanyası
13698,597,2,451.73,United Kingdom,5.973684210526316,3.432105263157895,Pasif/Kaybedilmiş,Geri Kazanma Kampanyası
13699,155,2,764.15,United Kingdom,5.918918918918919,5.695945945945946,Orta Segment,Çapraz Satış Önerisi
13700,26,13,2596.97,United Kingdom,11.608333333333333,1.550875,Sadık Müşteri,Sadakat Programı / Erken Erişim
13701,447,1,161.0,United Kingdom,8.88888888888889,2.272222222222222,Pasif/Kaybedilmiş,Geri Kazanma Kampanyası
13702,446,1,135.18,United Kingdom,14.8,2.378,Pasif/Kaybedilmiş,Geri Kazanma Kampanyası
13703,318,2,425.56,United Kingdom,3.4594594594594597,3.4299999999999997,Pasif/Kaybedilmiş,Geri Kazanma Kampanyası
13704,5,9,2308.06,United Kingdom,11.425373134328359,3.328805970149254,Sadık Müşteri,Sadakat Programı / Erken Erişim
13705,8,7,1717.19,United Kingdom,12.243243243243244,4.3297297297297295,Sadık Müşteri,Sadakat Programı / Erken Erişim
13706,303,2,631.17,United Kingdom,7.921052631578948,4.399210526315789,Pasif/Kaybedilmiş,Geri Kazanma Kampanyası
13707,267,5,3365.86,United Kingdom,14.258064516129032,2.9416774193548387,Kaybedilme Riski (Değerli),Yüksek İndirim / Kişisel Teklif
13708,271,1,283.33,United Kingdom,6.25,2.006875,Pasif/Kaybedilmiş,Geri Kazanma Kampanyası
13709,4,18,7571.35,United Kingdom,10.127764127764127,3.5694348894348895,Sadık Müşteri,Sadakat Programı / Erken Erişim
13710,32,3,509.52,United Kingdom,22.4,1.648,Orta Segment,Çapraz Satış Önerisi
13711,219,9,1792.26,United Kingdom,8.902173913043478,4.236630434782609,Kaybedilme Riski (Değerli),Yüksek İndirim / Kişisel Teklif
13712,247,2,766.42,United Kingdom,34.18181818181818,2.7815151515151517,Pasif/Kaybedilmiş,Geri Kazanma Kampanyası
13713,408,3,740.76,United Kingdom,3.55,2.891375,Orta Segment,Çapraz Satış Önerisi
13714,465,1,161.35,United Kingdom,1.6666666666666667,3.635,Pasif/Kaybedilmiş,Geri Kazanma Kampanyası
13715,281,17,8153.04,United Kingdom,9.375,2.3087109375,Kaybedilme Riski (Değerli),Yüksek İndirim / Kişisel Teklif
13716,269,1,138.28,United Kingdom,6.571428571428571,1.4195238095238094,Pasif/Kaybedilmiş,Geri Kazanma Kampanyası
13717,32,8,1763.3,United Kingdom,17.29032258064516,2.3220161290322583,Sadık Müşteri,Sadakat Programı / Erken Erişim
13718,246,2,306.55,United Kingdom,14.416666666666666,5.529166666666666,Pasif/Kaybedilmiş,Geri Kazanma Kampanyası
13719,15,11,2782.1,United Kingdom,6.421052631578948,3.1052226720647775,Sadık Müşteri,Sadakat Programı / Erken Erişim
13720,117,4,799.9,United Kingdom,11.651162790697674,3.17906976744186,Orta Segment,Çapraz Satış Önerisi
13721,36,2,741.54,United Kingdom,12.19047619047619,2.276904761904762,Yeni / Potansiyel Müşteri,Hoş Geldin Kampanyası
13722,132,10,5635.41,United Kingdom,16.185185185185187,3.3255026455026453,Orta Segment,Çapraz Satış Önerisi
13723,217,6,1194.08,United Kingdom,10.224137931034482,3.4053448275862066,Orta Segment,Çapraz Satış Önerisi
13724,637,1,213.01,United Kingdom,3.0952380952380953,2.1471428571428572,Pasif/Kaybedilmiş,Geri Kazanma Kampanyası
13725,50,8,1980.56,United Kingdom,7.75,4.336057692307692,Sadık Müşteri,Sadakat Programı / Erken Erişim
13726,39,2,1079.66,United Kingdom,25.095238095238095,1.0761904761904761,Yeni / Potansiyel Müşteri,Hoş Geldin Kampanyası
13727,29,8,1074.15,United Kingdom,4.433734939759036,5.9479518072289155,Sadık Müşteri,Sadakat Programı / Erken Erişim
13728,37,16,2855.17,United Kingdom,7.737804878048781,4.976463414634146,Sadık Müşteri,Sadakat Programı / Erken Erişim
13729,436,3,724.73,United Kingdom,10.743589743589743,3.6030769230769235,Orta Segment,Çapraz Satış Önerisi
13730,136,2,752.6,United Kingdom,11.348837209302326,3.238139534883721,Orta Segment,Çapraz Satış Önerisi
13731,219,2,610.59,United Kingdom,7.315789473684211,4.2894736842105265,Pasif/Kaybedilmiş,Geri Kazanma Kampanyası
13732,28,1,491.86,United Kingdom,15.090909090909092,1.58,Yeni / Potansiyel Müşteri,Hoş Geldin Kampanyası
13733,411,2,487.03,United Kingdom,11.551724137931034,2.8179310344827586,Pasif/Kaybedilmiş,Geri Kazanma Kampanyası
13734,509,4,6695.69,United Kingdom,11.185185185185185,7.573333333333334,Orta Segment,Çapraz Satış Önerisi
13735,25,13,9762.77,United Kingdom,6.3910355486862445,3.3946213292117466,Sadık Müşteri,Sadakat Programı / Erken Erişim
13736,5,7,2752.47,United Kingdom,2.796028880866426,2.489332129963899,Sadık Müşteri,Sadakat Programı / Erken Erişim
13737,200,1,339.6,United Kingdom,4.166666666666667,3.848666666666667,Pasif/Kaybedilmiş,Geri Kazanma Kampanyası
13738,396,1,434.78,United Kingdom,2.662921348314607,2.6342696629213482,Pasif/Kaybedilmiş,Geri Kazanma Kampanyası
13739,18,2,292.2,United Kingdom,12.666666666666666,4.416666666666667,Yeni / Potansiyel Müşteri,Hoş Geldin Kampanyası
13740,241,5,1582.77,United Kingdom,10.5,3.360212765957447,Kaybedilme Riski (Değerli),Yüksek İndirim / Kişisel Teklif
13741,72,3,668.43,United Kingdom,6.411764705882353,5.225588235294118,Orta Segment,Çapraz Satış Önerisi
13742,17,12,3107.87,United Kingdom,3.562300319488818,4.137188498402556,Sadık Müşteri,Sadakat Programı / Erken Erişim
13743,3,7,1341.6,United Kingdom,43.31707317073171,1.1202439024390243,Sadık Müşteri,Sadakat Programı / Erken Erişim
13744,95,2,1080.52,United Kingdom,18.3015873015873,1.8309523809523809,Orta Segment,Çapraz Satış Önerisi
13745,162,2,777.36,United Kingdom,20.464285714285715,0.8919642857142858,Orta Segment,Çapraz Satış Önerisi
13746,414,1,176.69,United Kingdom,9.222222222222221,3.4633333333333334,Pasif/Kaybedilmiş,Geri Kazanma Kampanyası
13747,374,2,169.8,United Kingdom,12.0,4.6899999999999995,Pasif/Kaybedilmiş,Geri Kazanma Kampanyası
13748,96,9,2064.35,United Kingdom,17.724137931034484,3.169310344827586,Orta Segment,Çapraz Satış Önerisi
13750,54,11,3602.18,United Kingdom,18.266666666666666,4.0636,Sadık Müşteri,Sadakat Programı / Erken Erişim
13751,288,1,296.25,United Kingdom,16.88888888888889,3.5300000000000002,Pasif/Kaybedilmiş,Geri Kazanma Kampanyası
13752,124,7,1579.83,United Kingdom,10.691489361702128,3.447659574468085,Orta Segment,Çapraz Satış Önerisi
13753,288,4,2094.57,United Kingdom,18.125,1.8841249999999998,Orta Segment,Çapraz Satış Önerisi
13754,152,3,447.05,United Kingdom,15.0,2.8047619047619046,Orta Segment,Çapraz Satış Önerisi
13755,4,9,2108.06,United Kingdom,3.869158878504673,3.1130529595015575,Sadık Müşteri,Sadakat Programı / Erken Erişim
13756,2,23,8655.95,United Kingdom,14.979591836734693,2.845626822157435,Sadık Müşteri,Sadakat Programı / Erken Erişim
13757,675,1,195.55,United Kingdom,6.75,3.47125,Pasif/Kaybedilmiş,Geri Kazanma Kampanyası
13758,12,14,8595.29,United Kingdom,16.429577464788732,3.0447183098591553,Sadık Müşteri,Sadakat Programı / Erken Erişim
13759,33,2,659.41,United Kingdom,11.48,3.3627999999999996,Yeni / Potansiyel Müşteri,Hoş Geldin Kampanyası
13760,54,5,1363.64,United Kingdom,5.235294117647059,2.701596638655462,Sadık Müşteri,Sadakat Programı / Erken Erişim
13761,50,6,1952.17,United Kingdom,8.844262295081966,2.8597540983606557,Sadık Müşteri,Sadakat Programı / Erken Erişim
13762,219,5,2472.48,United Kingdom,74.51428571428572,1.2048571428571428,Kaybedilme Riski (Değerli),Yüksek İndirim / Kişisel Teklif
13763,63,3,5217.44,United Kingdom,64.48,2.4706,Orta Segment,Çapraz Satış Önerisi
13764,71,6,2908.67,United Kingdom,5.6521739130434785,2.5561684782608696,Orta Segment,Çapraz Satış Önerisi
13765,653,1,352.82,United Kingdom,17.470588235294116,3.981235294117647,Pasif/Kaybedilmiş,Geri Kazanma Kampanyası
13766,495,1,190.35,United Kingdom,8.058823529411764,2.0741176470588236,Pasif/Kaybedilmiş,Geri Kazanma Kampanyası
13767,2,73,33903.57,United Kingdom,19.103403141361255,3.7425916230366494,Sadık Müşteri,Sadakat Programı / Erken Erişim
13768,727,2,875.97,United Kingdom,11.303030303030303,3.4466666666666668,Pasif/Kaybedilmiş,Geri Kazanma Kampanyası
13769,2,20,5478.12,United Kingdom,8.916363636363636,3.4579636363636364,Sadık Müşteri,Sadakat Programı / Erken Erişim
13770,422,4,785.37,United Kingdom,9.75,3.45125,Orta Segment,Çapraz Satış Önerisi
13771,64,9,5728.82,United Kingdom,14.537037037037036,2.846990740740741,Orta Segment,Çapraz Satış Önerisi
13772,34,8,3100.02,United Kingdom,2.5502645502645502,2.9315873015873017,Sadık Müşteri,Sadakat Programı / Erken Erişim
13773,397,2,301.54,United Kingdom,9.157894736842104,2.6378947368421053,Pasif/Kaybedilmiş,Geri Kazanma Kampanyası
13774,82,1,345.0,United Kingdom,8.727272727272727,3.290909090909091,Orta Segment,Çapraz Satış Önerisi
13775,591,1,1049.66,United Kingdom,7.222222222222222,3.125079365079365,Pasif/Kaybedilmiş,Geri Kazanma Kampanyası
13777,1,61,49638.26,United Kingdom,65.14044943820225,2.280196629213483,Sadık Müşteri,Sadakat Programı / Erken Erişim
13778,103,4,1124.49,United Kingdom,11.613636363636363,3.8563636363636364,Orta Segment,Çapraz Satış Önerisi
13779,516,1,161.13,United Kingdom,1.962962962962963,4.027777777777778,Pasif/Kaybedilmiş,Geri Kazanma Kampanyası
13780,7,3,732.07,United Kingdom,4.887755102040816,2.5566326530612247,Orta Segment,Çapraz Satış Önerisi
13781,251,3,778.83,United Kingdom,5.2631578947368425,3.8387719298245613,Orta Segment,Çapraz Satış Önerisi
13782,13,13,1786.08,United Kingdom,2.7016806722689077,3.8041596638655464,Sadık Müşteri,Sadakat Programı / Erken Erişim
13783,488,4,1542.09,United Kingdom,343.7,0.5589999999999999,Orta Segment,Çapraz Satış Önerisi
13784,10,14,2910.23,United Kingdom,65.74418604651163,3.1525581395348836,Sadık Müşteri,Sadakat Programı / Erken Erişim
13785,429,4,542.49,United Kingdom,5.033333333333333,5.6306666666666665,Orta Segment,Çapraz Satış Önerisi
13786,367,6,3127.99,United Kingdom,13.060344827586206,2.6038793103448277,Kaybedilme Riski (Değerli),Yüksek İndirim / Kişisel Teklif
13787,76,6,1222.5,United Kingdom,11.604651162790697,2.947441860465116,Orta Segment,Çapraz Satış Önerisi
13788,505,1,3.75,United Kingdom,1.0,3.75,Pasif/Kaybedilmiş,Geri Kazanma Kampanyası
13789,388,1,239.46,United Kingdom,14.333333333333334,1.0355555555555556,Pasif/Kaybedilmiş,Geri Kazanma Kampanyası
13790,4,1,348.8,United Kingdom,16.622222222222224,0.7717777777777777,Yeni / Potansiyel Müşteri,Hoş Geldin Kampanyası
13791,128,2,1516.0,United Kingdom,109.0909090909091,1.2463636363636363,Orta Segment,Çapraz Satış Önerisi
13792,66,3,383.95,United Kingdom,6.782608695652174,4.067391304347826,Orta Segment,Çapraz Satış Önerisi
13793,647,1,96.0,United Kingdom,7.428571428571429,1.9357142857142857,Pasif/Kaybedilmiş,Geri Kazanma Kampanyası
13794,547,1,126.03,United Kingdom,7.0,3.6655555555555557,Pasif/Kaybedilmiş,Geri Kazanma Kampanyası
13795,388,4,836.3,United Kingdom,43.10344827586207,1.8262068965517242,Orta Segment,Çapraz Satış Önerisi
13796,499,1,289.7,United Kingdom,9.909090909090908,2.2977272727272724,Pasif/Kaybedilmiş,Geri Kazanma Kampanyası
13797,437,3,1179.45,United Kingdom,7.346153846153846,3.7025641025641027,Orta Segment,Çapraz Satış Önerisi
13798,1,110,75428.87,United Kingdom,66.83356449375867,2.295908460471567,Sadık Müşteri,Sadakat Programı / Erken Erişim
13799,117,9,2803.57,United Kingdom,14.518867924528301,2.5949056603773584,Orta Segment,Çapraz Satış Önerisi
13800,310,3,1679.56,United Kingdom,12.205479452054794,2.672876712328767,Orta Segment,Çapraz Satış Önerisi
13801,67,1,324.8,United Kingdom,7.304347826086956,3.9543478260869565,Orta Segment,Çapraz Satış Önerisi
13802,139,19,26259.11,United Kingdom,31.537946428571427,2.885066964285714,Orta Segment,Çapraz Satış Önerisi
13803,255,3,1338.91,United Kingdom,10.653846153846153,2.7432051282051284,Orta Segment,Çapraz Satış Önerisi
13804,31,9,3161.12,United Kingdom,10.760479041916168,3.005868263473054,Sadık Müşteri,Sadakat Programı / Erken Erişim
13805,52,2,924.6,United Kingdom,146.15384615384616,0.5930769230769231,Yeni / Potansiyel Müşteri,Hoş Geldin Kampanyası
13806,64,1,256.38,United Kingdom,5.6,5.233,Orta Segment,Çapraz Satış Önerisi
13807,367,3,422.2,United Kingdom,4.64,6.99,Orta Segment,Çapraz Satış Önerisi
13808,6,5,1747.66,United Kingdom,10.289473684210526,3.7531578947368422,Sadık Müşteri,Sadakat Programı / Erken Erişim
13809,305,3,679.7,Cyprus,11.24,5.9879999999999995,Orta Segment,Çapraz Satış Önerisi
13810,29,2,827.51,Germany,9.59375,3.4134375,Yeni / Potansiyel Müşteri,Hoş Geldin Kampanyası
13811,184,2,519.75,Germany,6.3,8.25,Orta Segment,Çapraz Satış Önerisi
13812,42,3,485.0,Germany,10.0,2.275757575757576,Orta Segment,Çapraz Satış Önerisi
13813,40,8,2387.47,Germany,9.414814814814815,3.226,Sadık Müşteri,Sadakat Programı / Erken Erişim
13814,92,3,2257.32,Germany,15.367088607594937,3.1218987341772153,Orta Segment,Çapraz Satış Önerisi
13815,22,8,6737.74,Germany,15.300859598853869,2.3976217765042978,Sadık Müşteri,Sadakat Programı / Erken Erişim
13816,24,2,499.67,Germany,10.192307692307692,3.7223076923076923,Yeni / Potansiyel Müşteri,Hoş Geldin Kampanyası
13817,29,2,328.98,Germany,9.454545454545455,1.875909090909091,Yeni / Potansiyel Müşteri,Hoş Geldin Kampanyası
13818,430,1,61.28,United Kingdom,12.0,1.3439999999999999,Pasif/Kaybedilmiş,Geri Kazanma Kampanyası
13819,302,6,2642.35,United Kingdom,22.861386138613863,2.096930693069307,Kaybedilme Riski (Değerli),Yüksek İndirim / Kişisel Teklif
13820,418,3,652.75,United Kingdom,3.202247191011236,2.8431460674157303,Orta Segment,Çapraz Satış Önerisi
13821,145,6,1379.08,United Kingdom,2.338235294117647,3.507892156862745,Orta Segment,Çapraz Satış Önerisi
13822,6,2,632.0,United Kingdom,6.364583333333333,1.7905208333333331,Yeni / Potansiyel Müşteri,Hoş Geldin Kampanyası
13823,19,7,3403.45,United Kingdom,9.595092024539877,4.701165644171779,Sadık Müşteri,Sadakat Programı / Erken Erişim
13824,33,12,3314.76,United Kingdom,14.42,2.8638,Sadık Müşteri,Sadakat Programı / Erken Erişim
13825,622,2,255.59,United Kingdom,4.55,2.7575,Pasif/Kaybedilmiş,Geri Kazanma Kampanyası
13826,176,1,189.5,United Kingdom,8.2,5.7299999999999995,Orta Segment,Çapraz Satış Önerisi
13827,58,3,409.8,United Kingdom,1.5,3.7767391304347826,Orta Segment,Çapraz Satış Önerisi
13828,22,1,209.49,United Kingdom,20.733333333333334,1.9046666666666667,Yeni / Potansiyel Müşteri,Hoş Geldin Kampanyası
13829,421,1,102.0,United Kingdom,12.0,8.5,Pasif/Kaybedilmiş,Geri Kazanma Kampanyası
13830,582,1,156.85,United Kingdom,4.2727272727272725,7.177272727272728,Pasif/Kaybedilmiş,Geri Kazanma Kampanyası
13831,16,18,6585.54,United Kingdom,13.148351648351648,4.492802197802198,Sadık Müşteri,Sadakat Programı / Erken Erişim
13832,19,2,609.89,United Kingdom,7.636363636363637,2.6307272727272726,Yeni / Potansiyel Müşteri,Hoş Geldin Kampanyası
13833,159,2,700.41,United Kingdom,5.5227272727272725,4.690681818181819,Orta Segment,Çapraz Satış Önerisi
13834,577,2,324.19,United Kingdom,13.8125,5.724375,Pasif/Kaybedilmiş,Geri Kazanma Kampanyası
13835,25,7,1095.27,United Kingdom,7.323943661971831,3.7553521126760563,Sadık Müşteri,Sadakat Programı / Erken Erişim
13836,399,2,620.37,United Kingdom,8.806451612903226,4.034193548387097,Pasif/Kaybedilmiş,Geri Kazanma Kampanyası
13837,212,2,266.59,United Kingdom,10.11111111111111,2.0616666666666665,Pasif/Kaybedilmiş,Geri Kazanma Kampanyası
13838,6,10,1690.07,United Kingdom,1.7220843672456576,3.0783126550868487,Sadık Müşteri,Sadakat Programı / Erken Erişim
13839,486,1,139.95,United Kingdom,3.5714285714285716,5.635714285714286,Pasif/Kaybedilmiş,Geri Kazanma Kampanyası
13840,416,1,651.4,United Kingdom,8.95,2.8745000000000003,Pasif/Kaybedilmiş,Geri Kazanma Kampanyası
13841,253,1,85.0,United Kingdom,100.0,0.85,Pasif/Kaybedilmiş,Geri Kazanma Kampanyası
13842,59,18,5319.34,United Kingdom,8.107462686567164,4.190358208955224,Sadık Müşteri,Sadakat Programı / Erken Erişim
13843,381,1,319.75,United Kingdom,8.055555555555555,3.9166666666666665,Pasif/Kaybedilmiş,Geri Kazanma Kampanyası
13844,11,1,361.62,United Kingdom,9.8,2.4605,Yeni / Potansiyel Müşteri,Hoş Geldin Kampanyası
13845,65,1,312.98,United Kingdom,20.22222222222222,1.9544444444444444,Orta Segment,Çapraz Satış Önerisi
13846,25,4,1307.79,United Kingdom,8.703703703703704,3.1560493827160494,Orta Segment,Çapraz Satış Önerisi
13847,720,1,310.72,United Kingdom,5.052631578947368,5.931052631578948,Pasif/Kaybedilmiş,Geri Kazanma Kampanyası
13848,92,8,3015.0,United Kingdom,920.0,0.391,Orta Segment,Çapraz Satış Önerisi
13849,52,5,3469.3,United Kingdom,8.559090909090909,3.655363636363636,Sadık Müşteri,Sadakat Programı / Erken Erişim
13850,129,1,1595.48,United Kingdom,10.150537634408602,2.4186021505376343,Orta Segment,Çapraz Satış Önerisi
13851,96,8,4606.46,United Kingdom,18.035714285714285,2.665357142857143,Orta Segment,Çapraz Satış Önerisi
13852,611,1,187.35,United Kingdom,7.7272727272727275,3.7409090909090907,Pasif/Kaybedilmiş,Geri Kazanma Kampanyası
13853,57,1,1090.14,United Kingdom,13.565217391304348,4.546086956521739,Yeni / Potansiyel Müşteri,Hoş Geldin Kampanyası
13854,9,39,11944.56,United Kingdom,20.46067415730337,4.345,Sadık Müşteri,Sadakat Programı / Erken Erişim
13855,501,4,1310.34,United Kingdom,7.876712328767123,3.1505479452054796,Orta Segment,Çapraz Satış Önerisi
13856,169,11,1142.03,United Kingdom,20.462962962962962,3.580925925925926,Orta Segment,Çapraz Satış Önerisi
13857,393,6,1000.91,United Kingdom,6.149606299212598,2.163700787401575,Orta Segment,Çapraz Satış Önerisi
13858,57,1,216.17,United Kingdom,6.818181818181818,4.335454545454545,Yeni / Potansiyel Müşteri,Hoş Geldin Kampanyası
13859,326,2,515.86,United Kingdom,4.638888888888889,4.354444444444444,Pasif/Kaybedilmiş,Geri Kazanma Kampanyası
13860,1,5,1245.9,United Kingdom,7.776315789473684,3.514605263157895,Sadık Müşteri,Sadakat Programı / Erken Erişim
13861,429,2,273.26,United Kingdom,10.714285714285714,2.770952380952381,Pasif/Kaybedilmiş,Geri Kazanma Kampanyası
13862,18,9,2556.09,United Kingdom,12.04375,1.7403749999999998,Sadık Müşteri,Sadakat Programı / Erken Erişim
13863,248,4,1239.55,United Kingdom,7.9,4.389571428571428,Orta Segment,Çapraz Satış Önerisi
13864,387,1,662.4,United Kingdom,192.0,3.45,Pasif/Kaybedilmiş,Geri Kazanma Kampanyası
13865,58,4,501.56,United Kingdom,6.8,3.902333333333333,Orta Segment,Çapraz Satış Önerisi
13866,74,1,145.67,United Kingdom,8.142857142857142,3.375714285714286,Orta Segment,Çapraz Satış Önerisi
13867,31,3,1005.09,United Kingdom,8.35,3.9956666666666667,Orta Segment,Çapraz Satış Önerisi
13868,7,2,3192.54,United Kingdom,59.515151515151516,1.8542424242424242,Yeni / Potansiyel Müşteri,Hoş Geldin Kampanyası
13869,123,10,7996.87,United Kingdom,5.133651551312649,2.993090692124105,Orta Segment,Çapraz Satış Önerisi
13870,2,15,5712.08,United Kingdom,14.311203319502075,2.4407053941908714,Sadık Müşteri,Sadakat Programı / Erken Erişim
13871,23,17,7885.85,United Kingdom,8.711442786069652,3.691791044776119,Sadık Müşteri,Sadakat Programı / Erken Erişim
13872,527,3,919.57,United Kingdom,5.947368421052632,4.236666666666667,Orta Segment,Çapraz Satış Önerisi
13873,120,8,1038.92,United Kingdom,7.866666666666666,4.6055,Orta Segment,Çapraz Satış Önerisi
13874,358,7,2049.15,United Kingdom,12.521739130434783,3.7728985507246375,Kaybedilme Riski (Değerli),Yüksek İndirim / Kişisel Teklif
13875,54,14,4814.37,United Kingdom,11.377777777777778,3.3492962962962967,Sadık Müşteri,Sadakat Programı / Erken Erişim
13876,64,1,122.7,United Kingdom,5.142857142857143,5.114285714285714,Orta Segment,Çapraz Satış Önerisi
13877,86,3,449.68,United Kingdom,20.782608695652176,2.4439130434782608,Orta Segment,Çapraz Satış Önerisi
13878,55,4,2416.9,United Kingdom,9.088235294117647,4.507843137254902,Orta Segment,Çapraz Satış Önerisi
13879,646,1,395.5,United Kingdom,8.16,3.2724,Pasif/Kaybedilmiş,Geri Kazanma Kampanyası
13880,21,17,4293.86,United Kingdom,11.367713004484305,2.5401345291479824,Sadık Müşteri,Sadakat Programı / Erken Erişim
13881,4,43,45179.1,United Kingdom,65.12035010940919,2.7852516411378554,Sadık Müşteri,Sadakat Programı / Erken Erişim
13882,3,5,1191.13,United Kingdom,14.661538461538461,3.381846153846154,Sadık Müşteri,Sadakat Programı / Erken Erişim
13883,11,14,6535.37,United Kingdom,11.40764331210191,3.14875796178344,Sadık Müşteri,Sadakat Programı / Erken Erişim
13884,7,10,1825.03,United Kingdom,4.131868131868132,3.4921428571428574,Sadık Müşteri,Sadakat Programı / Erken Erişim
13885,189,2,506.8,United Kingdom,6.5,3.960714285714286,Pasif/Kaybedilmiş,Geri Kazanma Kampanyası
13886,71,1,243.56,United Kingdom,7.875,3.805,Orta Segment,Çapraz Satış Önerisi
13887,204,1,349.55,United Kingdom,7.7368421052631575,3.8542105263157898,Pasif/Kaybedilmiş,Geri Kazanma Kampanyası
13888,120,7,2001.59,United Kingdom,4.649122807017544,4.189122807017544,Orta Segment,Çapraz Satış Önerisi
13889,93,6,1991.23,United Kingdom,11.795180722891565,2.927951807228916,Orta Segment,Çapraz Satış Önerisi
13890,1,14,2927.38,United Kingdom,8.046242774566474,3.236300578034682,Sadık Müşteri,Sadakat Programı / Erken Erişim
13891,378,3,859.21,United Kingdom,4.808080808080808,2.578787878787879,Orta Segment,Çapraz Satış Önerisi
13892,27,6,1267.65,United Kingdom,86.80555555555556,0.9688888888888889,Sadık Müşteri,Sadakat Programı / Erken Erişim
13893,298,1,821.1,United Kingdom,9.047619047619047,6.199999999999999,Pasif/Kaybedilmiş,Geri Kazanma Kampanyası
13894,24,3,564.62,United Kingdom,13.11111111111111,2.6707407407407406,Orta Segment,Çapraz Satış Önerisi
13895,28,6,4008.52,United Kingdom,11.075268817204302,3.813333333333333,Sadık Müşteri,Sadakat Programı / Erken Erişim
13896,626,1,388.55,United Kingdom,7.095238095238095,3.2452380952380957,Pasif/Kaybedilmiş,Geri Kazanma Kampanyası
13897,50,3,1160.72,United Kingdom,13.898305084745763,2.2340677966101694,Orta Segment,Çapraz Satış Önerisi
13898,326,2,686.4,United Kingdom,11.826086956521738,2.03,Pasif/Kaybedilmiş,Geri Kazanma Kampanyası
13899,16,2,388.52,United Kingdom,8.210526315789474,3.0310526315789477,Yeni / Potansiyel Müşteri,Hoş Geldin Kampanyası
13900,183,6,1610.59,United Kingdom,9.873684210526315,2.912,Orta Segment,Çapraz Satış Önerisi
13901,72,15,5676.34,United Kingdom,10.787096774193548,3.7046129032258066,Orta Segment,Çapraz Satış Önerisi
13902,632,5,34023.26,Denmark,3558.0,0.55,Kaybedilme Riski (Değerli),Yüksek İndirim / Kişisel Teklif
13903,400,1,165.45,United Kingdom,10.3,3.18,Pasif/Kaybedilmiş,Geri Kazanma Kampanyası
13904,37,2,332.64,United Kingdom,12.76923076923077,1.323846153846154,Yeni / Potansiyel Müşteri,Hoş Geldin Kampanyası
13905,733,1,312.65,United Kingdom,11.25,4.833333333333333,Pasif/Kaybedilmiş,Geri Kazanma Kampanyası
13906,409,1,42.0,United Kingdom,100.0,0.42,Pasif/Kaybedilmiş,Geri Kazanma Kampanyası
13907,692,1,136.8,United Kingdom,17.0,2.1125,Pasif/Kaybedilmiş,Geri Kazanma Kampanyası
13908,80,4,2369.55,United Kingdom,12.114754098360656,2.867540983606557,Orta Segment,Çapraz Satış Önerisi
13909,423,2,282.85,United Kingdom,7.921052631578948,3.499473684210526,Pasif/Kaybedilmiş,Geri Kazanma Kampanyası
13911,57,20,4234.99,United Kingdom,18.852941176470587,2.2723949579831935,Sadık Müşteri,Sadakat Programı / Erken Erişim
13912,424,1,124.95,United Kingdom,4.142857142857143,4.95,Pasif/Kaybedilmiş,Geri Kazanma Kampanyası
13913,507,1,42.22,United Kingdom,3.3333333333333335,10.13,Pasif/Kaybedilmiş,Geri Kazanma Kampanyası
13914,12,2,626.45,United Kingdom,11.515151515151516,2.5521212121212122,Yeni / Potansiyel Müşteri,Hoş Geldin Kampanyası
13915,394,1,70.8,United Kingdom,12.0,2.95,Pasif/Kaybedilmiş,Geri Kazanma Kampanyası
13916,464,4,1275.81,United Kingdom,9.094594594594595,5.166486486486487,Orta Segment,Çapraz Satış Önerisi
13917,50,2,272.04,United Kingdom,12.666666666666666,2.022222222222222,Yeni / Potansiyel Müşteri,Hoş Geldin Kampanyası
13918,50,2,1212.84,United Kingdom,38.0,2.1853333333333333,Yeni / Potansiyel Müşteri,Hoş Geldin Kampanyası
13919,59,4,1252.68,Denmark,15.438356164383562,2.067808219178082,Orta Segment,Çapraz Satış Önerisi
13920,432,4,1774.68,United Kingdom,20.6046511627907,2.55453488372093,Orta Segment,Çapraz Satış Önerisi
13921,402,4,730.7,United Kingdom,4.7727272727272725,5.389772727272727,Orta Segment,Çapraz Satış Önerisi
13922,352,3,865.2,United Kingdom,15.566666666666666,3.0589999999999997,Orta Segment,Çapraz Satış Önerisi
13923,54,1,351.13,United Kingdom,9.25,2.9745,Yeni / Potansiyel Müşteri,Hoş Geldin Kampanyası
13924,2,6,1838.85,United Kingdom,13.461538461538462,2.6076068376068373,Sadık Müşteri,Sadakat Programı / Erken Erişim
13925,93,4,678.25,United Kingdom,8.073170731707316,5.914390243902439,Orta Segment,Çapraz Satış Önerisi
13926,23,1,223.85,United Kingdom,9.454545454545455,6.533636363636364,Yeni / Potansiyel Müşteri,Hoş Geldin Kampanyası
13927,75,2,708.26,United Kingdom,11.292682926829269,2.6780487804878046,Orta Segment,Çapraz Satış Önerisi
13928,11,4,464.57,United Kingdom,4.777777777777778,5.767407407407408,Orta Segment,Çapraz Satış Önerisi
13929,169,11,3494.1,United Kingdom,27.473684210526315,3.612280701754386,Orta Segment,Çapraz Satış Önerisi
13930,58,2,337.34,United Kingdom,16.11764705882353,1.6405882352941177,Yeni / Potansiyel Müşteri,Hoş Geldin Kampanyası
13931,96,11,5257.38,United Kingdom,12.870848708487085,2.376531365313653,Orta Segment,Çapraz Satış Önerisi
13932,295,1,307.4,United Kingdom,4.5,6.103125,Pasif/Kaybedilmiş,Geri Kazanma Kampanyası
13933,109,2,608.79,United Kingdom,8.91304347826087,3.460434782608696,Orta Segment,Çapraz Satış Önerisi
13934,264,1,922.1,United Kingdom,12.580645161290322,3.1870967741935483,Pasif/Kaybedilmiş,Geri Kazanma Kampanyası
13935,597,3,6116.92,United Kingdom,28.15,3.93925,Orta Segment,Çapraz Satış Önerisi
13936,180,3,939.66,United Kingdom,11.203389830508474,2.2974576271186438,Orta Segment,Çapraz Satış Önerisi
13937,169,2,880.13,United Kingdom,10.87037037037037,2.4622222222222225,Orta Segment,Çapraz Satış Önerisi
13938,35,1,71.66,United Kingdom,10.0,1.012857142857143,Yeni / Potansiyel Müşteri,Hoş Geldin Kampanyası
13939,23,7,1560.96,United Kingdom,14.618181818181819,1.7882727272727272,Sadık Müşteri,Sadakat Programı / Erken Erişim
13940,17,4,839.14,United Kingdom,10.53061224489796,3.121428571428571,Orta Segment,Çapraz Satış Önerisi
13941,22,15,10027.18,United Kingdom,50.87234042553192,3.4017021276595742,Sadık Müşteri,Sadakat Programı / Erken Erişim
13942,535,1,320.0,United Kingdom,1000.0,0.32,Pasif/Kaybedilmiş,Geri Kazanma Kampanyası
13943,578,1,246.54,United Kingdom,6.266666666666667,4.405333333333333,Pasif/Kaybedilmiş,Geri Kazanma Kampanyası
13944,653,1,200.43,United Kingdom,4.371428571428571,1.8194285714285714,Pasif/Kaybedilmiş,Geri Kazanma Kampanyası
13945,395,2,854.15,United Kingdom,8.098039215686274,3.369607843137255,Pasif/Kaybedilmiş,Geri Kazanma Kampanyası
13946,79,6,1876.23,United Kingdom,50.839285714285715,1.9380357142857143,Orta Segment,Çapraz Satış Önerisi
13947,65,1,90.6,United Kingdom,8.8,2.93,Orta Segment,Çapraz Satış Önerisi
13948,361,4,548.76,United Kingdom,10.333333333333334,3.518333333333333,Orta Segment,Çapraz Satış Önerisi
13949,3,6,2427.32,United Kingdom,15.4625,1.456625,Sadık Müşteri,Sadakat Programı / Erken Erişim
13950,11,4,745.06,United Kingdom,9.228571428571428,4.589714285714285,Orta Segment,Çapraz Satış Önerisi
13951,176,3,674.45,United Kingdom,11.76923076923077,3.4892307692307694,Orta Segment,Çapraz Satış Önerisi
13952,218,14,12823.52,United Kingdom,14.54034229828851,3.733963325183374,Kaybedilme Riski (Değerli),Yüksek İndirim / Kişisel Teklif
13953,7,12,6640.68,United Kingdom,208.96,2.0844,Sadık Müşteri,Sadakat Programı / Erken Erişim
13954,2,2,439.92,United Kingdom,6.0,5.4508,Yeni / Potansiyel Müşteri,Hoş Geldin Kampanyası
13955,154,3,544.07,United Kingdom,3.2,3.0007058823529413,Orta Segment,Çapraz Satış Önerisi
13956,5,5,1019.27,United Kingdom,3.306122448979592,3.4904761904761905,Sadık Müşteri,Sadakat Programı / Erken Erişim
13957,418,3,458.25,United Kingdom,5.814814814814815,5.2407407407407405,Orta Segment,Çapraz Satış Önerisi
13958,380,8,4709.23,United Kingdom,9.973568281938325,4.151277533039647,Kaybedilme Riski (Değerli),Yüksek İndirim / Kişisel Teklif
13959,79,6,1064.77,United Kingdom,4.420382165605096,2.4121019108280253,Orta Segment,Çapraz Satış Önerisi
13960,21,2,230.22,United Kingdom,11.833333333333334,2.105,Yeni / Potansiyel Müşteri,Hoş Geldin Kampanyası
13961,392,1,538.4,United Kingdom,11.894736842105264,3.2605263157894733,Pasif/Kaybedilmiş,Geri Kazanma Kampanyası
13962,22,3,362.8,United Kingdom,6.956521739130435,5.915652173913044,Orta Segment,Çapraz Satış Önerisi
13963,308,17,2860.57,United Kingdom,12.163636363636364,3.5609090909090906,Kaybedilme Riski (Değerli),Yüksek İndirim / Kişisel Teklif
13964,387,2,438.9,United Kingdom,9.5,2.8825000000000003,Pasif/Kaybedilmiş,Geri Kazanma Kampanyası
13965,477,3,996.61,United Kingdom,17.708333333333332,3.52125,Orta Segment,Çapraz Satış Önerisi
13966,435,1,384.26,United Kingdom,36.19047619047619,1.600952380952381,Pasif/Kaybedilmiş,Geri Kazanma Kampanyası
13967,146,2,166.3,United Kingdom,11.0,4.683333333333333,Orta Segment,Çapraz Satış Önerisi
13968,423,1,123.66,United Kingdom,21.75,1.00125,Pasif/Kaybedilmiş,Geri Kazanma Kampanyası
13969,7,35,12973.46,United Kingdom,6.2406015037593985,2.7063815789473686,Sadık Müşteri,Sadakat Programı / Erken Erişim
13970,386,2,846.55,United Kingdom,36.07692307692308,3.256153846153846,Pasif/Kaybedilmiş,Geri Kazanma Kampanyası
13971,19,14,4667.57,United Kingdom,12.094117647058823,2.3678823529411765,Sadık Müşteri,Sadakat Programı / Erken Erişim
13972,71,2,190.25,United Kingdom,12.466666666666667,2.546,Orta Segment,Çapraz Satış Önerisi
13973,287,1,264.7,United Kingdom,9.909090909090908,3.7563636363636363,Pasif/Kaybedilmiş,Geri Kazanma Kampanyası
13974,49,2,677.72,United Kingdom,8.279069767441861,2.6895348837209303,Yeni / Potansiyel Müşteri,Hoş Geldin Kampanyası
13975,31,12,5256.4,United Kingdom,5.270013568521032,1.9781275440976935,Sadık Müşteri,Sadakat Programı / Erken Erişim
13976,207,4,1192.36,United Kingdom,8.071428571428571,4.6571428571428575,Orta Segment,Çapraz Satış Önerisi
13977,411,1,519.81,United Kingdom,23.307692307692307,2.512307692307692,Pasif/Kaybedilmiş,Geri Kazanma Kampanyası
13978,15,2,196.79,United Kingdom,21.0,1.2106666666666668,Yeni / Potansiyel Müşteri,Hoş Geldin Kampanyası
13979,73,7,3373.63,United Kingdom,5.731457800511509,2.5864194373401532,Orta Segment,Çapraz Satış Önerisi
13980,60,5,768.82,United Kingdom,7.349206349206349,3.6795238095238094,Orta Segment,Çapraz Satış Önerisi
13981,416,1,331.14,United Kingdom,10.636363636363637,3.3954545454545455,Pasif/Kaybedilmiş,Geri Kazanma Kampanyası
13982,39,9,3954.29,United Kingdom,11.013333333333334,2.2460444444444443,Sadık Müşteri,Sadakat Programı / Erken Erişim
13983,30,21,6753.89,United Kingdom,12.076923076923077,3.6062153846153846,Sadık Müşteri,Sadakat Programı / Erken Erişim
13984,27,12,1893.8,United Kingdom,14.784090909090908,2.0098863636363635,Sadık Müşteri,Sadakat Programı / Erken Erişim
13985,4,22,10020.86,United Kingdom,10.283333333333333,2.482604166666667,Sadık Müşteri,Sadakat Programı / Erken Erişim
13986,17,1,320.46,United Kingdom,33.07692307692308,1.8615384615384616,Yeni / Potansiyel Müşteri,Hoş Geldin Kampanyası
13987,380,2,682.54,United Kingdom,10.695652173913043,1.9202173913043479,Pasif/Kaybedilmiş,Geri Kazanma Kampanyası
13988,20,8,4757.8,United Kingdom,11.474576271186441,2.9868474576271185,Sadık Müşteri,Sadakat Programı / Erken Erişim
13989,66,5,2026.06,United Kingdom,25.662790697674417,1.8384883720930232,Orta Segment,Çapraz Satış Önerisi
13990,213,1,311.3,United Kingdom,11.875,2.66,Pasif/Kaybedilmiş,Geri Kazanma Kampanyası
13991,12,6,851.88,United Kingdom,12.271604938271604,1.5151851851851852,Sadık Müşteri,Sadakat Programı / Erken Erişim
13992,30,3,219.5,United Kingdom,14.0,1.95,Orta Segment,Çapraz Satış Önerisi
13993,43,19,6775.71,United Kingdom,8.18007662835249,4.889540229885058,Sadık Müşteri,Sadakat Programı / Erken Erişim
13994,4,6,2274.14,United Kingdom,6.297297297297297,3.7539189189189193,Sadık Müşteri,Sadakat Programı / Erken Erişim
13995,15,14,3902.01,United Kingdom,10.256521739130434,2.395434782608696,Sadık Müşteri,Sadakat Programı / Erken Erişim
13996,386,2,895.76,United Kingdom,18.575757575757574,3.6136363636363638,Pasif/Kaybedilmiş,Geri Kazanma Kampanyası
13997,519,3,376.46,United Kingdom,3.25,4.535,Orta Segment,Çapraz Satış Önerisi
13998,447,3,566.7,United Kingdom,6.580645161290323,4.801612903225807,Orta Segment,Çapraz Satış Önerisi
13999,10,29,9502.26,United Kingdom,10.821888412017167,2.576502145922747,Sadık Müşteri,Sadakat Programı / Erken Erişim
14000,211,5,2046.34,United Kingdom,37.51020408163265,2.0512244897959184,Kaybedilme Riski (Değerli),Yüksek İndirim / Kişisel Teklif
14001,46,9,4228.85,United Kingdom,17.271844660194176,3.266699029126214,Sadık Müşteri,Sadakat Programı / Erken Erişim
14002,134,2,529.73,United Kingdom,18.659574468085108,2.411489361702128,Orta Segment,Çapraz Satış Önerisi
14003,733,1,209.41,United Kingdom,9.3125,2.946875,Pasif/Kaybedilmiş,Geri Kazanma Kampanyası
14004,43,11,6258.45,United Kingdom,14.21161825726141,3.1029045643153523,Sadık Müşteri,Sadakat Programı / Erken Erişim
14005,10,5,2874.72,United Kingdom,29.5,2.205238095238095,Sadık Müşteri,Sadakat Programı / Erken Erişim
14006,116,7,2196.67,United Kingdom,28.324675324675326,1.8636363636363635,Orta Segment,Çapraz Satış Önerisi
14007,513,1,79.48,United Kingdom,3.2,6.358,Pasif/Kaybedilmiş,Geri Kazanma Kampanyası
14008,432,1,509.04,United Kingdom,10.1875,2.13,Pasif/Kaybedilmiş,Geri Kazanma Kampanyası
14009,198,3,1099.91,United Kingdom,12.85135135135135,2.2901351351351353,Orta Segment,Çapraz Satış Önerisi
14010,565,2,445.15,United Kingdom,7.375,2.9145833333333333,Pasif/Kaybedilmiş,Geri Kazanma Kampanyası
14011,480,2,457.82,United Kingdom,20.125,1.283125,Pasif/Kaybedilmiş,Geri Kazanma Kampanyası
14012,278,1,328.8,United Kingdom,14.545454545454545,2.8318181818181816,Pasif/Kaybedilmiş,Geri Kazanma Kampanyası
14013,110,5,1084.57,United Kingdom,11.397058823529411,2.7166176470588232,Orta Segment,Çapraz Satış Önerisi
14014,77,3,1948.21,United Kingdom,26.36842105263158,2.0944736842105263,Orta Segment,Çapraz Satış Önerisi
14015,53,1,917.34,United Kingdom,18.9,3.107,Yeni / Potansiyel Müşteri,Hoş Geldin Kampanyası
14016,162,11,11403.41,EIRE,12.772321428571429,3.5088839285714286,Orta Segment,Çapraz Satış Önerisi
14017,571,1,229.75,United Kingdom,5.214285714285714,4.653571428571429,Pasif/Kaybedilmiş,Geri Kazanma Kampanyası
14018,645,1,367.15,United Kingdom,17.23076923076923,2.6284615384615386,Pasif/Kaybedilmiş,Geri Kazanma Kampanyası
14019,47,3,1421.61,United Kingdom,15.712121212121213,2.4148484848484846,Orta Segment,Çapraz Satış Önerisi
14020,17,4,1249.01,United Kingdom,9.0,3.7047222222222222,Orta Segment,Çapraz Satış Önerisi
14021,155,7,1716.58,United Kingdom,9.755555555555556,3.8238888888888884,Orta Segment,Çapraz Satış Önerisi
14022,225,2,792.15,United Kingdom,14.48936170212766,1.7827659574468087,Pasif/Kaybedilmiş,Geri Kazanma Kampanyası
14023,7,2,584.07,United Kingdom,11.129032258064516,2.870967741935484,Yeni / Potansiyel Müşteri,Hoş Geldin Kampanyası
14024,122,3,645.74,United Kingdom,7.0,4.7620588235294115,Orta Segment,Çapraz Satış Önerisi
14025,465,8,4057.9,United Kingdom,19.333333333333332,4.155656565656566,Kaybedilme Riski (Değerli),Yüksek İndirim / Kişisel Teklif
14026,471,2,713.11,United Kingdom,8.54,2.3936,Pasif/Kaybedilmiş,Geri Kazanma Kampanyası
14027,61,1,104.82,United Kingdom,10.333333333333334,2.143333333333333,Orta Segment,Çapraz Satış Önerisi
14028,550,3,10396.5,United Kingdom,796.6666666666666,1.45,Orta Segment,Çapraz Satış Önerisi
14029,63,2,467.66,United Kingdom,13.2,4.366,Orta Segment,Çapraz Satış Önerisi
14030,18,20,7521.8,United Kingdom,5.115291262135922,3.589417475728155,Sadık Müşteri,Sadakat Programı / Erken Erişim
14031,7,44,39019.51,United Kingdom,18.377333333333333,4.410186666666666,Sadık Müşteri,Sadakat Programı / Erken Erişim
14032,2,16,4546.41,United Kingdom,16.26086956521739,2.1433478260869565,Sadık Müşteri,Sadakat Programı / Erken Erişim
14033,555,1,109.44,United Kingdom,576.0,0.19,Pasif/Kaybedilmiş,Geri Kazanma Kampanyası
14034,22,3,648.89,United Kingdom,4.883720930232558,2.4025581395348836,Orta Segment,Çapraz Satış Önerisi
14035,29,9,2794.75,United Kingdom,9.689655172413794,2.8598620689655174,Sadık Müşteri,Sadakat Programı / Erken Erişim
14036,285,1,626.65,United Kingdom,7.052631578947368,4.371842105263158,Pasif/Kaybedilmiş,Geri Kazanma Kampanyası
14037,176,6,836.95,United Kingdom,5.175438596491228,2.313684210526316,Orta Segment,Çapraz Satış Önerisi
14038,78,5,3069.88,United Kingdom,10.608695652173912,2.317639751552795,Orta Segment,Çapraz Satış Önerisi
14039,33,2,267.28,United Kingdom,19.2,2.9450000000000003,Yeni / Potansiyel Müşteri,Hoş Geldin Kampanyası
14040,41,35,12523.81,United Kingdom,6.366197183098592,3.7702176696542895,Sadık Müşteri,Sadakat Programı / Erken Erişim
14041,266,1,141.41,United Kingdom,4.476190476190476,1.870952380952381,Pasif/Kaybedilmiş,Geri Kazanma Kampanyası
14042,725,1,431.98,United Kingdom,8.571428571428571,3.74,Pasif/Kaybedilmiş,Geri Kazanma Kampanyası
14043,491,2,302.6,United Kingdom,3.707317073170732,2.6529268292682926,Pasif/Kaybedilmiş,Geri Kazanma Kampanyası
14044,27,10,3073.95,United Kingdom,2.5442424242424244,2.5212242424242426,Sadık Müşteri,Sadakat Programı / Erken Erişim
14045,109,16,10986.63,United Kingdom,120.51351351351352,3.5367567567567573,Orta Segment,Çapraz Satış Önerisi
14046,284,1,151.59,United Kingdom,34.07692307692308,0.566923076923077,Pasif/Kaybedilmiş,Geri Kazanma Kampanyası
14047,9,14,3968.11,United Kingdom,10.138157894736842,4.0082894736842105,Sadık Müşteri,Sadakat Programı / Erken Erişim
14048,305,3,748.69,United Kingdom,3.3120567375886525,2.5860283687943264,Orta Segment,Çapraz Satış Önerisi
14049,17,13,13023.4,United Kingdom,7.9924599434495756,2.936371347785108,Sadık Müşteri,Sadakat Programı / Erken Erişim
14050,32,2,746.36,United Kingdom,12.75925925925926,1.5387037037037037,Yeni / Potansiyel Müşteri,Hoş Geldin Kampanyası
14051,1,37,21770.98,United Kingdom,17.952830188679247,4.395314465408805,Sadık Müşteri,Sadakat Programı / Erken Erişim
14052,20,2,466.66,United Kingdom,1.43801652892562,3.080578512396694,Yeni / Potansiyel Müşteri,Hoş Geldin Kampanyası
14053,124,4,572.3,United Kingdom,54.44444444444444,1.3533333333333333,Orta Segment,Çapraz Satış Önerisi
14054,65,1,92.46,United Kingdom,10.333333333333334,1.5133333333333334,Orta Segment,Çapraz Satış Önerisi
14055,106,3,1520.96,United Kingdom,21.818181818181817,4.233333333333333,Orta Segment,Çapraz Satış Önerisi
14056,1,23,8152.71,United Kingdom,3.9080882352941178,2.8171691176470586,Sadık Müşteri,Sadakat Programı / Erken Erişim
14057,24,22,8346.66,United Kingdom,14.40268456375839,2.0213422818791944,Sadık Müşteri,Sadakat Programı / Erken Erişim
14058,463,2,469.19,United Kingdom,8.791666666666666,3.595,Pasif/Kaybedilmiş,Geri Kazanma Kampanyası
14059,267,1,183.6,United Kingdom,16.0,2.3125,Pasif/Kaybedilmiş,Geri Kazanma Kampanyası
14060,5,30,8898.24,United Kingdom,28.75581395348837,1.551860465116279,Sadık Müşteri,Sadakat Programı / Erken Erişim
14061,507,3,917.43,United Kingdom,7.0,8.654736842105264,Orta Segment,Çapraz Satış Önerisi
14062,10,24,25585.65,United Kingdom,37.629411764705885,2.9450882352941177,Sadık Müşteri,Sadakat Programı / Erken Erişim
14063,687,7,9471.5,United Kingdom,101.26315789473684,5.390789473684211,Kaybedilme Riski (Değerli),Yüksek İndirim / Kişisel Teklif
14064,29,15,3260.24,United Kingdom,16.572033898305083,1.5083474576271187,Sadık Müşteri,Sadakat Programı / Erken Erişim
14065,389,3,891.02,United Kingdom,11.877551020408163,3.67530612244898,Orta Segment,Çapraz Satış Önerisi
14066,267,1,152.55,United Kingdom,6.428571428571429,4.364285714285715,Pasif/Kaybedilmiş,Geri Kazanma Kampanyası
14067,64,2,374.7,United Kingdom,6.9423076923076925,2.8625,Orta Segment,Çapraz Satış Önerisi
14068,320,4,1516.72,United Kingdom,4.722222222222222,4.555648148148148,Orta Segment,Çapraz Satış Önerisi
14069,515,2,225.81,United Kingdom,1.4146341463414633,4.188292682926829,Pasif/Kaybedilmiş,Geri Kazanma Kampanyası
14070,685,1,321.6,United Kingdom,2.073170731707317,4.763414634146342,Pasif/Kaybedilmiş,Geri Kazanma Kampanyası
14071,4,8,1422.75,United Kingdom,2.9781931464174454,2.419968847352025,Sadık Müşteri,Sadakat Programı / Erken Erişim
14072,667,1,390.85,United Kingdom,3.4210526315789473,6.4263157894736835,Pasif/Kaybedilmiş,Geri Kazanma Kampanyası
14073,32,1,151.04,United Kingdom,10.0,2.1415384615384614,Yeni / Potansiyel Müşteri,Hoş Geldin Kampanyası
14074,623,1,219.4,United Kingdom,38.0,0.9833333333333334,Pasif/Kaybedilmiş,Geri Kazanma Kampanyası
14075,5,5,1724.87,United Kingdom,18.6625,2.18,Sadık Müşteri,Sadakat Programı / Erken Erişim
14076,129,1,118.67,United Kingdom,1.7954545454545454,2.014090909090909,Orta Segment,Çapraz Satış Önerisi
14077,41,6,615.08,United Kingdom,6.714285714285714,2.6030357142857143,Sadık Müşteri,Sadakat Programı / Erken Erişim
14078,102,9,1551.82,United Kingdom,3.979591836734694,2.725578231292517,Orta Segment,Çapraz Satış Önerisi
14079,125,1,375.1,United Kingdom,25.083333333333332,3.2733333333333334,Orta Segment,Çapraz Satış Önerisi
14080,33,5,1115.68,United Kingdom,3.2289156626506026,7.993855421686747,Sadık Müşteri,Sadakat Programı / Erken Erişim
14081,302,10,4867.57,United Kingdom,4.0059241706161135,2.715781990521327,Kaybedilme Riski (Değerli),Yüksek İndirim / Kişisel Teklif
14082,365,2,413.36,United Kingdom,3.7846153846153845,2.2866153846153847,Pasif/Kaybedilmiş,Geri Kazanma Kampanyası
14083,4,11,1082.19,United Kingdom,4.108108108108108,2.8283783783783782,Sadık Müşteri,Sadakat Programı / Erken Erişim
14084,512,1,150.5,United Kingdom,43.714285714285715,0.8885714285714286,Pasif/Kaybedilmiş,Geri Kazanma Kampanyası
14085,2,32,9705.67,United Kingdom,6.161877394636015,2.705249042145594,Sadık Müşteri,Sadakat Programı / Erken Erişim
14086,463,1,39.95,United Kingdom,1.0,39.95,Pasif/Kaybedilmiş,Geri Kazanma Kampanyası
14087,3,3,829.47,United Kingdom,3.3708920187793425,1.9593427230046947,Orta Segment,Çapraz Satış Önerisi
14088,10,16,64036.8,United Kingdom,22.39882697947214,5.821480938416422,Sadık Müşteri,Sadakat Programı / Erken Erişim
14089,57,1,158.75,United Kingdom,10.23076923076923,2.2038461538461536,Yeni / Potansiyel Müşteri,Hoş Geldin Kampanyası
14090,325,1,76.32,United Kingdom,72.0,1.06,Pasif/Kaybedilmiş,Geri Kazanma Kampanyası
14091,654,2,9530.08,United Kingdom,255.07692307692307,3.141538461538462,Pasif/Kaybedilmiş,Geri Kazanma Kampanyası
14092,8,24,7229.45,United Kingdom,9.667560321715818,3.025576407506702,Sadık Müşteri,Sadakat Programı / Erken Erişim
14093,12,1,433.86,United Kingdom,3.91,1.5163,Yeni / Potansiyel Müşteri,Hoş Geldin Kampanyası
14094,440,1,311.77,United Kingdom,3.6744186046511627,2.7544186046511627,Pasif/Kaybedilmiş,Geri Kazanma Kampanyası
14095,723,1,2.95,United Kingdom,1.0,2.95,Pasif/Kaybedilmiş,Geri Kazanma Kampanyası
14096,4,17,53258.43,United Kingdom,3.206280667320903,4.2053169774288515,Sadık Müşteri,Sadakat Programı / Erken Erişim
14097,481,2,422.86,United Kingdom,8.8,2.175,Pasif/Kaybedilmiş,Geri Kazanma Kampanyası
14098,37,1,147.35,United Kingdom,4.9523809523809526,1.7047619047619047,Yeni / Potansiyel Müşteri,Hoş Geldin Kampanyası
14099,16,20,5750.91,United Kingdom,7.036468330134357,2.541746641074856,Sadık Müşteri,Sadakat Programı / Erken Erişim
14100,138,1,191.95,United Kingdom,2.52,3.406,Orta Segment,Çapraz Satış Önerisi
14101,74,13,9961.93,United Kingdom,117.13333333333334,1.6129999999999998,Orta Segment,Çapraz Satış Önerisi
14102,5,5,1105.88,United Kingdom,13.258620689655173,2.335,Sadık Müşteri,Sadakat Programı / Erken Erişim
14104,155,5,740.53,United Kingdom,3.6940298507462686,3.197313432835821,Orta Segment,Çapraz Satış Önerisi
14105,239,5,5988.83,United Kingdom,12.666666666666666,2.781469534050179,Kaybedilme Riski (Değerli),Yüksek İndirim / Kişisel Teklif
14106,737,1,214.8,United Kingdom,24.0,8.95,Pasif/Kaybedilmiş,Geri Kazanma Kampanyası
14107,52,11,4877.3,United Kingdom,14.783898305084746,2.748771186440678,Sadık Müşteri,Sadakat Programı / Erken Erişim
14108,31,4,1044.96,United Kingdom,12.692307692307692,2.8148076923076926,Orta Segment,Çapraz Satış Önerisi
14109,73,1,144.2,United Kingdom,9.777777777777779,2.466666666666667,Orta Segment,Çapraz Satış Önerisi
14110,4,33,12987.95,United Kingdom,14.598997493734336,2.712280701754386,Sadık Müşteri,Sadakat Programı / Erken Erişim
14111,14,4,692.85,United Kingdom,45.8,3.6799999999999997,Orta Segment,Çapraz Satış Önerisi
14112,23,13,5834.59,United Kingdom,10.855828220858896,2.413374233128834,Sadık Müşteri,Sadakat Programı / Erken Erişim
14113,4,16,7092.61,United Kingdom,28.188524590163933,2.6719672131147543,Sadık Müşteri,Sadakat Programı / Erken Erişim
14114,274,7,1364.09,United Kingdom,8.783783783783784,3.7590540540540545,Kaybedilme Riski (Değerli),Yüksek İndirim / Kişisel Teklif
14115,502,2,622.67,United Kingdom,23.136363636363637,2.1922727272727274,Pasif/Kaybedilmiş,Geri Kazanma Kampanyası
14116,20,5,1382.74,United Kingdom,9.819444444444445,3.251666666666667,Sadık Müşteri,Sadakat Programı / Erken Erişim
14117,144,1,90.0,United Kingdom,24.0,1.25,Orta Segment,Çapraz Satış Önerisi
14118,429,1,458.45,United Kingdom,6.466666666666667,5.22,Pasif/Kaybedilmiş,Geri Kazanma Kampanyası
14119,376,2,183.37,United Kingdom,16.09090909090909,3.2954545454545454,Pasif/Kaybedilmiş,Geri Kazanma Kampanyası
14121,4,4,2780.15,United Kingdom,13.09433962264151,2.2942138364779874,Orta Segment,Çapraz Satış Önerisi
14122,406,3,362.42,United Kingdom,8.76923076923077,4.86,Orta Segment,Çapraz Satış Önerisi
14123,733,1,436.18,United Kingdom,9.75,3.2745833333333336,Pasif/Kaybedilmiş,Geri Kazanma Kampanyası
14124,84,1,419.58,United Kingdom,323.6,0.358,Orta Segment,Çapraz Satış Önerisi
14125,11,3,2720.63,United Kingdom,9.80722891566265,3.170421686746988,Orta Segment,Çapraz Satış Önerisi
14126,8,4,1172.46,United Kingdom,20.627906976744185,2.8111627906976744,Orta Segment,Çapraz Satış Önerisi
14127,123,6,1900.08,United Kingdom,7.076923076923077,4.071196581196581,Orta Segment,Çapraz Satış Önerisi
14128,61,3,924.21,United Kingdom,12.523076923076923,1.8618461538461537,Orta Segment,Çapraz Satış Önerisi
14129,2,9,2591.34,United Kingdom,12.972477064220184,2.4286238532110094,Sadık Müşteri,Sadakat Programı / Erken Erişim
14130,319,4,1858.77,United Kingdom,5.5227272727272725,2.2807272727272725,Orta Segment,Çapraz Satış Önerisi
14131,649,1,168.22,United Kingdom,2.282608695652174,2.179782608695652,Pasif/Kaybedilmiş,Geri Kazanma Kampanyası
14132,2,11,3586.03,United Kingdom,16.84,1.71775,Sadık Müşteri,Sadakat Programı / Erken Erişim
14133,130,4,911.14,United Kingdom,11.055555555555555,6.498888888888889,Orta Segment,Çapraz Satış Önerisi
14134,383,15,11123.35,United Kingdom,32.3,3.354111111111111,Kaybedilme Riski (Değerli),Yüksek İndirim / Kişisel Teklif
14135,2,24,8839.67,United Kingdom,38.96803652968037,2.0907762557077625,Sadık Müşteri,Sadakat Programı / Erken Erişim
14136,401,5,1570.81,United Kingdom,10.830188679245284,2.8432075471698113,Kaybedilme Riski (Değerli),Yüksek İndirim / Kişisel Teklif
14137,696,1,332.7,United Kingdom,42.0,0.8772727272727273,Pasif/Kaybedilmiş,Geri Kazanma Kampanyası
14138,2,2,965.88,United Kingdom,13.043478260869565,2.3260869565217392,Yeni / Potansiyel Müşteri,Hoş Geldin Kampanyası
14139,46,4,1086.8,United Kingdom,15.202898550724637,1.9739130434782608,Orta Segment,Çapraz Satış Önerisi
14140,4,2,935.05,United Kingdom,12.287878787878787,1.823939393939394,Yeni / Potansiyel Müşteri,Hoş Geldin Kampanyası
14141,3,4,915.13,United Kingdom,8.875,3.5195,Orta Segment,Çapraz Satış Önerisi
14142,373,2,671.34,United Kingdom,11.772727272727273,2.400227272727273,Pasif/Kaybedilmiş,Geri Kazanma Kampanyası
14143,134,1,115.8,United Kingdom,4.285714285714286,5.485714285714286,Orta Segment,Çapraz Satış Önerisi
14144,486,1,30.6,United Kingdom,12.0,2.55,Pasif/Kaybedilmiş,Geri Kazanma Kampanyası
14145,47,7,7600.05,United Kingdom,66.2,4.782,Sadık Müşteri,Sadakat Programı / Erken Erişim
14146,9,12,9450.3,United Kingdom,12.675438596491228,2.8588377192982457,Sadık Müşteri,Sadakat Programı / Erken Erişim
14147,78,9,2590.2,United Kingdom,33.166666666666664,3.206,Orta Segment,Çapraz Satış Önerisi
14148,234,2,466.29,United Kingdom,13.117647058823529,3.1541176470588237,Pasif/Kaybedilmiş,Geri Kazanma Kampanyası
14149,221,1,446.62,United Kingdom,7.785714285714286,2.9699999999999998,Pasif/Kaybedilmiş,Geri Kazanma Kampanyası
14150,36,2,658.64,United Kingdom,19.076923076923077,1.6823076923076923,Yeni / Potansiyel Müşteri,Hoş Geldin Kampanyası
14151,673,2,679.45,United Kingdom,9.204545454545455,2.928181818181818,Pasif/Kaybedilmiş,Geri Kazanma Kampanyası
14152,75,7,1997.34,United Kingdom,13.864661654135338,1.48,Orta Segment,Çapraz Satış Önerisi
14153,483,1,233.4,United Kingdom,18.352941176470587,0.9076470588235294,Pasif/Kaybedilmiş,Geri Kazanma Kampanyası
14154,239,8,6460.7,United Kingdom,11.034246575342467,3.868253424657534,Kaybedilme Riski (Değerli),Yüksek İndirim / Kişisel Teklif
14155,266,1,118.75,United Kingdom,4.166666666666667,5.45,Pasif/Kaybedilmiş,Geri Kazanma Kampanyası
14156,10,145,304719.88,EIRE,40.80307921529675,3.8013409485969705,Sadık Müşteri,Sadakat Programı / Erken Erişim
14157,20,5,978.69,United Kingdom,6.129411764705883,2.5454117647058827,Sadık Müşteri,Sadakat Programı / Erken Erişim
14158,40,1,507.66,United Kingdom,19.048780487804876,1.5365853658536586,Yeni / Potansiyel Müşteri,Hoş Geldin Kampanyası
14159,20,20,7849.58,United Kingdom,3.5517993456924755,1.5872519083969465,Sadık Müşteri,Sadakat Programı / Erken Erişim
14160,610,7,8421.47,United Kingdom,43.5607476635514,2.5198130841121498,Kaybedilme Riski (Değerli),Yüksek İndirim / Kişisel Teklif
14161,216,7,2996.93,United Kingdom,5.342960288808665,2.7597111913357404,Kaybedilme Riski (Değerli),Yüksek İndirim / Kişisel Teklif
14162,174,2,289.36,United Kingdom,5.68,3.8892,Orta Segment,Çapraz Satış Önerisi
14163,87,5,2594.62,United Kingdom,16.379310344827587,4.4399999999999995,Orta Segment,Çapraz Satış Önerisi
14164,71,2,1631.77,United Kingdom,35.62068965517241,1.5541379310344827,Orta Segment,Çapraz Satış Önerisi
14165,276,1,120.44,United Kingdom,2.2083333333333335,3.285,Pasif/Kaybedilmiş,Geri Kazanma Kampanyası
14166,505,2,251.15,United Kingdom,1.607843137254902,3.303921568627451,Pasif/Kaybedilmiş,Geri Kazanma Kampanyası
14167,39,8,1274.29,United Kingdom,2.9565217391304346,4.158434782608696,Sadık Müşteri,Sadakat Programı / Erken Erişim
14168,421,2,370.45,United Kingdom,9.8,3.0233333333333334,Pasif/Kaybedilmiş,Geri Kazanma Kampanyası
14169,431,2,613.11,United Kingdom,3.1904761904761907,4.057936507936508,Pasif/Kaybedilmiş,Geri Kazanma Kampanyası
14170,375,3,570.18,United Kingdom,1.8620689655172413,2.4720689655172414,Orta Segment,Çapraz Satış Önerisi
14171,98,2,498.79,United Kingdom,3.296875,2.92109375,Orta Segment,Çapraz Satış Önerisi
14172,605,3,369.02,United Kingdom,1.7727272727272727,5.856590909090909,Orta Segment,Çapraz Satış Önerisi
14173,11,6,586.0,United Kingdom,5.878787878787879,4.466969696969697,Sadık Müşteri,Sadakat Programı / Erken Erişim
14174,33,1,134.46,United Kingdom,3.6153846153846154,1.9373076923076922,Yeni / Potansiyel Müşteri,Hoş Geldin Kampanyası
14175,60,8,7678.88,United Kingdom,9.090634441087614,4.29595166163142,Orta Segment,Çapraz Satış Önerisi
14176,297,5,756.46,United Kingdom,7.162162162162162,3.5983783783783787,Orta Segment,Çapraz Satış Önerisi
14177,86,13,2209.69,United Kingdom,5.087804878048781,4.017121951219512,Orta Segment,Çapraz Satış Önerisi
14178,9,7,1580.26,United Kingdom,4.7215189873417724,1.6439556962025317,Sadık Müşteri,Sadakat Programı / Erken Erişim
14179,41,2,701.57,United Kingdom,2.031847133757962,2.857197452229299,Yeni / Potansiyel Müşteri,Hoş Geldin Kampanyası
14180,11,33,6117.5,United Kingdom,2.930795847750865,10.26705882352941,Sadık Müşteri,Sadakat Programı / Erken Erişim
14181,411,2,308.35,United Kingdom,2.3076923076923075,2.714423076923077,Pasif/Kaybedilmiş,Geri Kazanma Kampanyası
14182,444,4,678.77,United Kingdom,3.48,4.9318,Orta Segment,Çapraz Satış Önerisi
14183,411,2,278.34,United Kingdom,1.7647058823529411,5.3167647058823535,Pasif/Kaybedilmiş,Geri Kazanma Kampanyası
14184,67,1,452.89,United Kingdom,5.291666666666667,5.418333333333333,Orta Segment,Çapraz Satış Önerisi
14185,331,1,197.65,United Kingdom,2.0,59.73333333333333,Pasif/Kaybedilmiş,Geri Kazanma Kampanyası
14186,427,5,1550.63,United Kingdom,14.903846153846153,1.4717307692307693,Kaybedilme Riski (Değerli),Yüksek İndirim / Kişisel Teklif
14187,474,1,123.5,United Kingdom,6.25,4.8,Pasif/Kaybedilmiş,Geri Kazanma Kampanyası
14188,31,6,2054.36,United Kingdom,17.876923076923077,1.975076923076923,Sadık Müşteri,Sadakat Programı / Erken Erişim
14189,2,16,5503.15,United Kingdom,14.306188925081432,2.4662214983713353,Sadık Müşteri,Sadakat Programı / Erken Erişim
14190,666,1,79.9,United Kingdom,2.0,39.95,Pasif/Kaybedilmiş,Geri Kazanma Kampanyası
14191,2,15,4817.66,United Kingdom,14.052830188679245,2.0149433962264154,Sadık Müşteri,Sadakat Programı / Erken Erişim
14192,388,1,293.74,United Kingdom,15.571428571428571,1.6742857142857144,Pasif/Kaybedilmiş,Geri Kazanma Kampanyası
14193,68,3,1210.19,United Kingdom,10.203125,2.67125,Orta Segment,Çapraz Satış Önerisi
14194,5,36,18670.59,United Kingdom,10.543067226890756,3.242142857142857,Sadık Müşteri,Sadakat Programı / Erken Erişim
14195,202,6,2615.6,United Kingdom,134.0,3.4625,Kaybedilme Riski (Değerli),Yüksek İndirim / Kişisel Teklif
14196,107,1,335.52,United Kingdom,23.666666666666668,3.265,Orta Segment,Çapraz Satış Önerisi
14197,411,1,390.05,United Kingdom,7.15,4.675,Pasif/Kaybedilmiş,Geri Kazanma Kampanyası
14198,18,9,1569.73,United Kingdom,6.846153846153846,5.273186813186813,Sadık Müşteri,Sadakat Programı / Erken Erişim
14199,218,4,1091.7,United Kingdom,14.11111111111111,4.938888888888889,Orta Segment,Çapraz Satış Önerisi
14200,617,1,379.2,United Kingdom,6.666666666666667,3.9642857142857144,Pasif/Kaybedilmiş,Geri Kazanma Kampanyası
14201,60,10,1193.54,United Kingdom,14.654545454545454,2.8018181818181818,Orta Segment,Çapraz Satış Önerisi
14202,381,3,847.76,United Kingdom,5.724137931034483,8.454482758620689,Orta Segment,Çapraz Satış Önerisi
14203,397,1,339.34,United Kingdom,5.0,5.39625,Pasif/Kaybedilmiş,Geri Kazanma Kampanyası
14204,2,4,1024.83,United Kingdom,2.131818181818182,2.7234545454545454,Orta Segment,Çapraz Satış Önerisi
14205,17,9,2414.2,United Kingdom,10.910569105691057,3.7777235772357725,Sadık Müşteri,Sadakat Programı / Erken Erişim
14206,239,3,1185.01,United Kingdom,13.098591549295774,2.2621126760563377,Orta Segment,Çapraz Satış Önerisi
14207,688,1,157.8,United Kingdom,18.0,4.45,Pasif/Kaybedilmiş,Geri Kazanma Kampanyası
14208,95,2,567.05,United Kingdom,15.114285714285714,2.7111428571428573,Orta Segment,Çapraz Satış Önerisi
14209,11,15,4993.27,United Kingdom,7.528138528138528,5.158441558441558,Sadık Müşteri,Sadakat Programı / Erken Erişim
14210,106,16,5556.57,United Kingdom,7.996815286624204,3.515764331210191,Orta Segment,Çapraz Satış Önerisi
14211,53,18,4402.29,United Kingdom,10.729166666666666,2.7282916666666663,Sadık Müşteri,Sadakat Programı / Erken Erişim
14212,90,2,2190.14,United Kingdom,97.42857142857143,1.5495238095238095,Orta Segment,Çapraz Satış Önerisi
14213,405,1,1192.2,United Kingdom,48.8,4.89,Pasif/Kaybedilmiş,Geri Kazanma Kampanyası
14214,31,5,1004.38,United Kingdom,11.208955223880597,2.3407462686567166,Sadık Müşteri,Sadakat Programı / Erken Erişim
14215,12,9,3250.33,United Kingdom,11.725806451612904,2.8288709677419352,Sadık Müşteri,Sadakat Programı / Erken Erişim
14216,3,5,2150.04,United Kingdom,9.246753246753247,4.729610389610389,Sadık Müşteri,Sadakat Programı / Erken Erişim
14217,2,23,3298.59,United Kingdom,7.068965517241379,5.51103448275862,Sadık Müşteri,Sadakat Programı / Erken Erişim
14218,43,1,169.48,United Kingdom,13.333333333333334,1.4400000000000002,Yeni / Potansiyel Müşteri,Hoş Geldin Kampanyası
14219,4,3,633.83,United Kingdom,8.44186046511628,3.8904651162790698,Orta Segment,Çapraz Satış Önerisi
14220,247,4,1515.0,United Kingdom,12.31578947368421,3.896578947368421,Orta Segment,Çapraz Satış Önerisi
14221,42,17,6517.49,United Kingdom,10.97406340057637,3.33014409221902,Sadık Müşteri,Sadakat Programı / Erken Erişim
14222,177,1,683.17,United Kingdom,14.804878048780488,1.706829268292683,Orta Segment,Çapraz Satış Önerisi
14223,92,3,991.13,United Kingdom,9.75,3.8998333333333335,Orta Segment,Çapraz Satış Önerisi
14224,110,9,1841.71,United Kingdom,3.606986899563319,4.171091703056768,Orta Segment,Çapraz Satış Önerisi
14225,435,4,2031.07,United Kingdom,13.569767441860465,2.8493023255813954,Orta Segment,Çapraz Satış Önerisi
14226,29,6,2985.13,United Kingdom,17.670103092783506,2.748144329896907,Sadık Müşteri,Sadakat Programı / Erken Erişim
14227,26,15,6366.16,United Kingdom,10.757978723404255,2.6111702127659573,Sadık Müşteri,Sadakat Programı / Erken Erişim
14228,438,3,745.5,United Kingdom,6.842105263157895,4.74921052631579,Orta Segment,Çapraz Satış Önerisi
14229,52,7,2594.04,United Kingdom,12.972222222222221,3.9316666666666666,Sadık Müşteri,Sadakat Programı / Erken Erişim
14230,436,3,979.8,United Kingdom,7.454545454545454,5.499393939393939,Orta Segment,Çapraz Satış Önerisi
14231,184,4,1235.62,United Kingdom,8.840579710144928,3.223333333333333,Orta Segment,Çapraz Satış Önerisi
14232,43,5,2048.07,United Kingdom,16.878260869565217,1.8238260869565217,Sadık Müşteri,Sadakat Programı / Erken Erişim
14233,49,7,2904.27,United Kingdom,17.273972602739725,3.1119178082191783,Sadık Müşteri,Sadakat Programı / Erken Erişim
14234,22,4,754.12,United Kingdom,6.469387755102041,1.57578231292517,Orta Segment,Çapraz Satış Önerisi
14235,75,9,4717.99,United Kingdom,20.364864864864863,2.141756756756757,Orta Segment,Çapraz Satış Önerisi
14236,81,5,1555.34,United Kingdom,16.46808510638298,2.7412765957446807,Orta Segment,Çapraz Satış Önerisi
14237,373,2,471.14,United Kingdom,9.153846153846153,4.460769230769231,Pasif/Kaybedilmiş,Geri Kazanma Kampanyası
14238,326,3,434.23,United Kingdom,14.538461538461538,3.303076923076923,Orta Segment,Çapraz Satış Önerisi
14239,43,21,4263.17,United Kingdom,8.233333333333333,3.709,Sadık Müşteri,Sadakat Programı / Erken Erişim
14240,30,3,1247.49,United Kingdom,10.737704918032787,3.184754098360656,Orta Segment,Çapraz Satış Önerisi
14241,184,2,333.7,United Kingdom,20.166666666666668,1.8375000000000001,Orta Segment,Çapraz Satış Önerisi
14242,235,2,280.55,United Kingdom,7.6875,3.720625,Pasif/Kaybedilmiş,Geri Kazanma Kampanyası
14243,9,17,7217.75,United Kingdom,10.002754820936639,3.697272727272727,Sadık Müşteri,Sadakat Programı / Erken Erişim
14244,661,1,366.42,United Kingdom,50.875,1.2475,Pasif/Kaybedilmiş,Geri Kazanma Kampanyası
14245,220,2,1693.45,United Kingdom,9.037037037037036,3.1289814814814814,Pasif/Kaybedilmiş,Geri Kazanma Kampanyası
14246,111,3,1474.06,United Kingdom,10.72,2.9734666666666665,Orta Segment,Çapraz Satış Önerisi
14247,278,5,753.56,United Kingdom,3.3451327433628317,3.864424778761062,Orta Segment,Çapraz Satış Önerisi
14248,318,3,1032.95,United Kingdom,14.72340425531915,2.538085106382979,Orta Segment,Çapraz Satış Önerisi
14249,411,12,5400.46,United Kingdom,8.761029411764707,4.038533088235294,Kaybedilme Riski (Değerli),Yüksek İndirim / Kişisel Teklif
14250,7,3,1904.05,United Kingdom,10.81081081081081,2.487207207207207,Orta Segment,Çapraz Satış Önerisi
14251,2,5,2879.7,United Kingdom,21.46153846153846,2.0692307692307694,Sadık Müşteri,Sadakat Programı / Erken Erişim
14252,381,1,350.99,United Kingdom,11.1,12.633,Pasif/Kaybedilmiş,Geri Kazanma Kampanyası
14253,493,2,363.4,United Kingdom,7.333333333333333,5.895833333333333,Pasif/Kaybedilmiş,Geri Kazanma Kampanyası
14254,433,1,601.03,United Kingdom,11.434782608695652,2.477826086956522,Pasif/Kaybedilmiş,Geri Kazanma Kampanyası
14256,260,5,2460.79,United Kingdom,8.62406015037594,4.07172932330827,Kaybedilme Riski (Değerli),Yüksek İndirim / Kişisel Teklif
14257,64,9,5954.45,United Kingdom,13.883333333333333,2.372583333333333,Orta Segment,Çapraz Satış Önerisi
14258,9,25,32051.34,United Kingdom,58.29333333333334,3.996133333333333,Sadık Müşteri,Sadakat Programı / Erken Erişim
14259,142,1,120.0,United Kingdom,13.6,2.83,Orta Segment,Çapraz Satış Önerisi
14260,471,3,824.28,United Kingdom,10.666666666666666,3.0609803921568624,Orta Segment,Çapraz Satış Önerisi
14261,51,2,1163.45,United Kingdom,7.8076923076923075,5.064038461538461,Yeni / Potansiyel Müşteri,Hoş Geldin Kampanyası
14262,8,8,2618.23,United Kingdom,11.503496503496503,2.090699300699301,Sadık Müşteri,Sadakat Programı / Erken Erişim
14263,423,1,322.93,United Kingdom,10.6875,2.35875,Pasif/Kaybedilmiş,Geri Kazanma Kampanyası
14264,155,6,1517.36,United Kingdom,7.0,5.675569620253165,Orta Segment,Çapraz Satış Önerisi
14265,109,4,1373.35,Unspecified,9.050632911392405,4.774556962025317,Orta Segment,Çapraz Satış Önerisi
14266,428,1,40.56,United Kingdom,24.0,1.69,Pasif/Kaybedilmiş,Geri Kazanma Kampanyası
14267,163,3,1516.24,United Kingdom,9.636363636363637,4.3910909090909085,Orta Segment,Çapraz Satış Önerisi
14268,471,1,354.85,United Kingdom,7.7368421052631575,3.4342105263157894,Pasif/Kaybedilmiş,Geri Kazanma Kampanyası
14269,439,1,295.73,United Kingdom,7.6875,4.935625,Pasif/Kaybedilmiş,Geri Kazanma Kampanyası
14270,332,1,492.65,United Kingdom,6.793103448275862,4.570689655172414,Pasif/Kaybedilmiş,Geri Kazanma Kampanyası
14271,226,2,214.18,United Kingdom,3.8947368421052633,2.4194736842105264,Pasif/Kaybedilmiş,Geri Kazanma Kampanyası
14272,74,4,920.81,United Kingdom,17.140625,2.3159375,Orta Segment,Çapraz Satış Önerisi
14273,51,4,559.97,United Kingdom,9.10344827586207,2.4848275862068965,Orta Segment,Çapraz Satış Önerisi
14274,686,1,256.6,United Kingdom,11.866666666666667,1.6666666666666667,Pasif/Kaybedilmiş,Geri Kazanma Kampanyası
14275,396,6,1189.38,United Kingdom,23.391304347826086,1.945217391304348,Orta Segment,Çapraz Satış Önerisi
14276,99,7,2102.68,United Kingdom,11.619834710743802,2.109586776859504,Orta Segment,Çapraz Satış Önerisi
14277,15,8,16789.16,France,238.83510638297872,2.843218085106383,Sadık Müşteri,Sadakat Programı / Erken Erişim
14278,410,1,205.83,United Kingdom,10.076923076923077,2.613076923076923,Pasif/Kaybedilmiş,Geri Kazanma Kampanyası
14279,521,2,191.86,United Kingdom,15.333333333333334,4.53,Pasif/Kaybedilmiş,Geri Kazanma Kampanyası
14280,197,1,134.04,United Kingdom,6.5,4.73375,Pasif/Kaybedilmiş,Geri Kazanma Kampanyası
14281,408,1,245.15,United Kingdom,6.428571428571429,6.714285714285714,Pasif/Kaybedilmiş,Geri Kazanma Kampanyası
14282,3,25,7250.76,United Kingdom,21.615062761506277,1.5736401673640168,Sadık Müşteri,Sadakat Programı / Erken Erişim
14283,463,4,628.44,United Kingdom,13.414634146341463,1.930487804878049,Orta Segment,Çapraz Satış Önerisi
14284,31,3,1299.65,United Kingdom,7.611940298507463,4.128059701492537,Orta Segment,Çapraz Satış Önerisi
14285,21,8,3284.42,United Kingdom,15.639344262295081,4.568524590163935,Sadık Müşteri,Sadakat Programı / Erken Erişim
14286,24,7,8479.76,United Kingdom,17.625250501002004,1.4286773547094187,Sadık Müşteri,Sadakat Programı / Erken Erişim
14287,8,3,176.63,United Kingdom,29.0,1.913333333333333,Orta Segment,Çapraz Satış Önerisi
14288,213,1,426.6,United Kingdom,11.75,3.00625,Pasif/Kaybedilmiş,Geri Kazanma Kampanyası
14289,9,6,911.26,United Kingdom,6.212765957446808,5.346382978723404,Sadık Müşteri,Sadakat Programı / Erken Erişim
14290,11,8,4516.56,United Kingdom,10.596026490066226,3.7719867549668877,Sadık Müşteri,Sadakat Programı / Erken Erişim
14291,2,23,7904.1,United Kingdom,12.441295546558704,2.3724291497975707,Sadık Müşteri,Sadakat Programı / Erken Erişim
14292,8,16,9226.25,United Kingdom,17.76683937823834,3.0748186528497414,Sadık Müşteri,Sadakat Programı / Erken Erişim
14293,3,9,2903.01,United Kingdom,13.092436974789916,2.987731092436975,Sadık Müşteri,Sadakat Programı / Erken Erişim
14294,407,1,375.34,United Kingdom,8.26086956521739,3.3465217391304347,Pasif/Kaybedilmiş,Geri Kazanma Kampanyası
14295,40,4,2352.91,United Kingdom,14.47887323943662,3.296478873239437,Orta Segment,Çapraz Satış Önerisi
14296,421,2,456.4,United Kingdom,11.62962962962963,3.4496296296296296,Pasif/Kaybedilmiş,Geri Kazanma Kampanyası
14297,18,4,1305.33,United Kingdom,13.951612903225806,2.3419354838709676,Orta Segment,Çapraz Satış Önerisi
14298,8,82,91194.49,United Kingdom,35.01117318435754,1.5781983240223463,Sadık Müşteri,Sadakat Programı / Erken Erişim
14299,8,27,14070.25,United Kingdom,24.286567164179104,2.9528059701492535,Sadık Müşteri,Sadakat Programı / Erken Erişim
14300,19,1,43.2,United Kingdom,10.666666666666666,1.383333333333333,Yeni / Potansiyel Müşteri,Hoş Geldin Kampanyası
14301,117,4,1992.18,United Kingdom,31.81132075471698,2.590188679245283,Orta Segment,Çapraz Satış Önerisi
14302,431,3,742.9,United Kingdom,10.642857142857142,2.9071428571428575,Orta Segment,Çapraz Satış Önerisi
14303,407,2,277.94,United Kingdom,9.909090909090908,1.4704545454545455,Pasif/Kaybedilmiş,Geri Kazanma Kampanyası
14304,223,3,1725.01,United Kingdom,8.806818181818182,3.7186363636363637,Orta Segment,Çapraz Satış Önerisi
14305,71,3,1858.96,United Kingdom,10.371428571428572,2.3532380952380954,Orta Segment,Çapraz Satış Önerisi
14306,51,6,3151.4,United Kingdom,44.891304347826086,3.2969565217391303,Sadık Müşteri,Sadakat Programı / Erken Erişim
14307,89,10,4287.92,United Kingdom,10.748091603053435,2.7525190839694655,Orta Segment,Çapraz Satış Önerisi
14309,8,11,3780.81,United Kingdom,13.666666666666666,2.5524867724867724,Sadık Müşteri,Sadakat Programı / Erken Erişim
14310,433,1,492.1,United Kingdom,10.454545454545455,2.3181818181818183,Pasif/Kaybedilmiş,Geri Kazanma Kampanyası
14311,243,2,516.45,United Kingdom,7.580645161290323,4.266129032258065,Pasif/Kaybedilmiş,Geri Kazanma Kampanyası
14312,47,11,3090.29,United Kingdom,10.577777777777778,4.010888888888889,Sadık Müşteri,Sadakat Programı / Erken Erişim
14314,107,2,229.8,United Kingdom,33.2,1.053,Orta Segment,Çapraz Satış Önerisi
14315,45,8,3197.82,United Kingdom,10.105263157894736,3.6578195488721805,Sadık Müşteri,Sadakat Programı / Erken Erişim
14316,422,5,1370.34,United Kingdom,144.96774193548387,0.8483870967741935,Kaybedilme Riski (Değerli),Yüksek İndirim / Kişisel Teklif
14317,65,1,508.58,United Kingdom,10.625,3.0975,Orta Segment,Çapraz Satış Önerisi
14318,460,1,158.02,United Kingdom,16.88888888888889,1.6377777777777778,Pasif/Kaybedilmiş,Geri Kazanma Kampanyası
14319,424,1,494.85,United Kingdom,12.653846153846153,1.9026923076923077,Pasif/Kaybedilmiş,Geri Kazanma Kampanyası
14320,207,5,1346.75,United Kingdom,8.802469135802468,3.6590123456790122,Kaybedilme Riski (Değerli),Yüksek İndirim / Kişisel Teklif
14321,11,7,2218.06,United Kingdom,18.29608938547486,1.6817318435754192,Sadık Müşteri,Sadakat Programı / Erken Erişim
14322,429,4,474.1,United Kingdom,12.153846153846153,4.073076923076924,Orta Segment,Çapraz Satış Önerisi
14323,115,2,605.06,United Kingdom,9.722222222222221,2.996388888888889,Orta Segment,Çapraz Satış Önerisi
14324,410,2,701.61,United Kingdom,9.804878048780488,3.0782926829268296,Pasif/Kaybedilmiş,Geri Kazanma Kampanyası
14325,570,1,245.48,United Kingdom,17.77777777777778,1.1527777777777777,Pasif/Kaybedilmiş,Geri Kazanma Kampanyası
14326,242,3,940.98,United Kingdom,10.035087719298245,3.2049122807017545,Orta Segment,Çapraz Satış Önerisi
14327,163,6,1894.93,United Kingdom,12.226415094339623,2.2089622641509434,Orta Segment,Çapraz Satış Önerisi
14329,17,15,9887.62,United Kingdom,10.71195652173913,3.1950000000000003,Sadık Müşteri,Sadakat Programı / Erken Erişim
14330,624,1,200.63,United Kingdom,7.923076923076923,2.6146153846153846,Pasif/Kaybedilmiş,Geri Kazanma Kampanyası
14331,124,2,462.66,United Kingdom,9.0,3.019285714285714,Orta Segment,Çapraz Satış Önerisi
14332,23,5,1917.41,United Kingdom,14.112903225806452,2.6488709677419355,Sadık Müşteri,Sadakat Programı / Erken Erişim
14333,68,1,415.2,United Kingdom,3.8666666666666667,8.063333333333334,Orta Segment,Çapraz Satış Önerisi
14334,17,12,4318.48,United Kingdom,11.573643410852712,3.10937984496124,Sadık Müşteri,Sadakat Programı / Erken Erişim
14335,16,2,454.86,Germany,6.25,2.2431666666666668,Yeni / Potansiyel Müşteri,Hoş Geldin Kampanyası
14336,17,4,1614.91,United Kingdom,19.544444444444444,1.6151111111111112,Orta Segment,Çapraz Satış Önerisi
14338,161,3,928.1,United Kingdom,12.44,2.9657999999999998,Orta Segment,Çapraz Satış Önerisi
14339,243,2,620.27,United Kingdom,19.82608695652174,1.9978260869565219,Pasif/Kaybedilmiş,Geri Kazanma Kampanyası
14340,219,1,134.7,United Kingdom,9.666666666666666,2.9333333333333336,Pasif/Kaybedilmiş,Geri Kazanma Kampanyası
14341,45,18,4452.02,United Kingdom,10.615094339622642,2.526301886792453,Sadık Müşteri,Sadakat Programı / Erken Erişim
14342,21,6,918.44,United Kingdom,15.787878787878787,3.1136363636363638,Sadık Müşteri,Sadakat Programı / Erken Erişim
14343,421,4,1079.66,United Kingdom,2.675213675213675,2.4174358974358974,Orta Segment,Çapraz Satış Önerisi
14344,127,20,2993.05,United Kingdom,6.721739130434782,3.501,Orta Segment,Çapraz Satış Önerisi
14345,39,1,108.98,United Kingdom,8.333333333333334,3.49,Yeni / Potansiyel Müşteri,Hoş Geldin Kampanyası
14346,121,5,2315.75,United Kingdom,12.863013698630137,3.476232876712329,Orta Segment,Çapraz Satış Önerisi
14347,737,1,82.6,United Kingdom,8.0,2.733333333333333,Pasif/Kaybedilmiş,Geri Kazanma Kampanyası
14348,260,1,409.57,United Kingdom,10.166666666666666,2.962222222222222,Pasif/Kaybedilmiş,Geri Kazanma Kampanyası
14349,10,1,133.5,United Kingdom,2.774193548387097,2.3193548387096774,Yeni / Potansiyel Müşteri,Hoş Geldin Kampanyası
14350,274,3,972.03,United Kingdom,9.203389830508474,4.105084745762712,Orta Segment,Çapraz Satış Önerisi
14351,165,1,51.0,United Kingdom,12.0,4.25,Orta Segment,Çapraz Satış Önerisi
14352,157,4,1078.96,United Kingdom,11.446808510638299,3.8659574468085105,Orta Segment,Çapraz Satış Önerisi
14353,215,3,376.5,United Kingdom,13.76,1.666,Orta Segment,Çapraz Satış Önerisi
14354,6,2,163.62,United Kingdom,23.333333333333332,1.2377777777777779,Yeni / Potansiyel Müşteri,Hoş Geldin Kampanyası
14355,366,3,840.05,United Kingdom,10.283333333333333,2.1738333333333335,Orta Segment,Çapraz Satış Önerisi
14356,80,2,701.23,United Kingdom,8.393939393939394,3.9027272727272724,Orta Segment,Çapraz Satış Önerisi
14357,43,1,225.12,United Kingdom,3.675,1.98275,Yeni / Potansiyel Müşteri,Hoş Geldin Kampanyası
14358,389,2,400.06,United Kingdom,13.52,1.5916,Pasif/Kaybedilmiş,Geri Kazanma Kampanyası
14359,19,3,912.18,United Kingdom,6.745454545454545,3.922727272727273,Orta Segment,Çapraz Satış Önerisi
14360,32,4,2118.03,United Kingdom,9.735042735042734,3.1196581196581197,Orta Segment,Çapraz Satış Önerisi
14361,579,1,214.71,United Kingdom,17.928571428571427,2.71,Pasif/Kaybedilmiş,Geri Kazanma Kampanyası
14362,22,1,151.5,United Kingdom,2.5945945945945947,2.318108108108108,Yeni / Potansiyel Müşteri,Hoş Geldin Kampanyası
14363,402,2,227.47,United Kingdom,13.125,3.4275,Pasif/Kaybedilmiş,Geri Kazanma Kampanyası
14364,109,8,3717.35,United Kingdom,28.507246376811594,3.0260869565217394,Orta Segment,Çapraz Satış Önerisi
14365,395,2,634.68,United Kingdom,10.92156862745098,1.9623529411764706,Pasif/Kaybedilmiş,Geri Kazanma Kampanyası
14366,525,1,136.0,United Kingdom,16.0,8.5,Pasif/Kaybedilmiş,Geri Kazanma Kampanyası
14367,8,16,9227.82,United Kingdom,8.495201535508638,3.1652591170825333,Sadık Müşteri,Sadakat Programı / Erken Erişim
14368,320,1,155.0,United Kingdom,4.5,6.125,Pasif/Kaybedilmiş,Geri Kazanma Kampanyası
14369,642,2,469.13,United Kingdom,9.807692307692308,2.9269230769230767,Pasif/Kaybedilmiş,Geri Kazanma Kampanyası
14370,451,6,1175.78,United Kingdom,6.045454545454546,6.598636363636363,Orta Segment,Çapraz Satış Önerisi
14371,295,1,100.5,United Kingdom,8.5,3.775,Pasif/Kaybedilmiş,Geri Kazanma Kampanyası
14372,443,2,860.08,United Kingdom,9.947368421052632,4.201842105263157,Pasif/Kaybedilmiş,Geri Kazanma Kampanyası
14373,358,1,76.55,United Kingdom,4.25,11.625,Pasif/Kaybedilmiş,Geri Kazanma Kampanyası
14374,541,1,108.0,United Kingdom,2.857142857142857,8.364285714285714,Pasif/Kaybedilmiş,Geri Kazanma Kampanyası
14375,185,3,1106.82,United Kingdom,3.15609756097561,2.768731707317073,Orta Segment,Çapraz Satış Önerisi
14376,683,1,215.46,United Kingdom,2.7777777777777777,3.9299999999999997,Pasif/Kaybedilmiş,Geri Kazanma Kampanyası
14377,191,2,617.05,United Kingdom,19.90909090909091,9.15,Pasif/Kaybedilmiş,Geri Kazanma Kampanyası
14378,622,1,131.25,United Kingdom,6.333333333333333,3.6944444444444446,Pasif/Kaybedilmiş,Geri Kazanma Kampanyası
14379,44,4,1265.16,United Kingdom,5.5625,3.311953125,Orta Segment,Çapraz Satış Önerisi
14381,52,2,625.94,United Kingdom,4.008928571428571,1.6452678571428572,Yeni / Potansiyel Müşteri,Hoş Geldin Kampanyası
14382,26,2,1193.63,United Kingdom,5.974910394265233,1.811863799283154,Yeni / Potansiyel Müşteri,Hoş Geldin Kampanyası
14383,38,3,1247.69,United Kingdom,13.847457627118644,3.32593220338983,Orta Segment,Çapraz Satış Önerisi
14384,501,1,58.5,United Kingdom,10.0,1.95,Pasif/Kaybedilmiş,Geri Kazanma Kampanyası
14385,9,3,202.11,United Kingdom,11.357142857142858,1.6164285714285715,Orta Segment,Çapraz Satış Önerisi
14386,297,1,142.4,United Kingdom,7.714285714285714,3.885714285714286,Pasif/Kaybedilmiş,Geri Kazanma Kampanyası
14387,33,3,1727.6,United Kingdom,5.719424460431655,3.393597122302158,Orta Segment,Çapraz Satış Önerisi
14388,10,16,6388.2,United Kingdom,10.661577608142494,2.7071501272264635,Sadık Müşteri,Sadakat Programı / Erken Erişim
14389,65,5,1898.01,United Kingdom,15.954022988505747,2.052758620689655,Orta Segment,Çapraz Satış Önerisi
14390,10,13,6150.03,United Kingdom,6.16557734204793,3.2707407407407407,Sadık Müşteri,Sadakat Programı / Erken Erişim
14391,577,1,135.6,United Kingdom,12.0,0.8071428571428572,Pasif/Kaybedilmiş,Geri Kazanma Kampanyası
14392,432,1,266.4,United Kingdom,8.142857142857142,2.7142857142857144,Pasif/Kaybedilmiş,Geri Kazanma Kampanyası
14393,218,1,67.95,United Kingdom,2.6,5.390000000000001,Pasif/Kaybedilmiş,Geri Kazanma Kampanyası
14394,565,1,93.8,United Kingdom,9.666666666666666,2.6,Pasif/Kaybedilmiş,Geri Kazanma Kampanyası
14395,2,20,7801.93,United Kingdom,4.970474967907574,2.8884980744544286,Sadık Müşteri,Sadakat Programı / Erken Erişim
14396,65,7,1969.38,United Kingdom,3.8514056224899598,2.756425702811245,Orta Segment,Çapraz Satış Önerisi
14397,3,19,2612.96,United Kingdom,21.724137931034484,2.0789655172413792,Sadık Müşteri,Sadakat Programı / Erken Erişim
14398,401,2,707.79,United Kingdom,5.037735849056604,3.919433962264151,Pasif/Kaybedilmiş,Geri Kazanma Kampanyası
14399,394,8,2108.21,United Kingdom,5.026041666666667,2.6467708333333335,Kaybedilme Riski (Değerli),Yüksek İndirim / Kişisel Teklif
14400,149,3,1732.47,United Kingdom,23.36986301369863,1.6502739726027398,Orta Segment,Çapraz Satış Önerisi
14401,4,22,6795.9,United Kingdom,24.06390977443609,1.7773684210526317,Sadık Müşteri,Sadakat Programı / Erken Erişim
14402,652,1,285.6,United Kingdom,30.0,1.15,Pasif/Kaybedilmiş,Geri Kazanma Kampanyası
14403,130,6,1880.51,United Kingdom,29.48,5.8796,Orta Segment,Çapraz Satış Önerisi
14404,34,13,2724.13,United Kingdom,8.712707182320441,3.264088397790055,Sadık Müşteri,Sadakat Programı / Erken Erişim
14405,387,1,195.0,United Kingdom,50.0,1.95,Pasif/Kaybedilmiş,Geri Kazanma Kampanyası
14406,119,1,156.75,United Kingdom,9.625,3.795,Orta Segment,Çapraz Satış Önerisi
14407,107,5,2142.73,United Kingdom,19.63888888888889,3.3922222222222222,Orta Segment,Çapraz Satış Önerisi
14408,11,11,4102.27,United Kingdom,19.046875,1.8975,Sadık Müşteri,Sadakat Programı / Erken Erişim
14409,71,9,3427.29,United Kingdom,21.471153846153847,2.3874038461538465,Orta Segment,Çapraz Satış Önerisi
14410,92,11,2630.9,United Kingdom,3.5598958333333335,2.516822916666667,Orta Segment,Çapraz Satış Önerisi
14411,311,1,1063.0,United Kingdom,14.0,8.175,Pasif/Kaybedilmiş,Geri Kazanma Kampanyası
14412,43,3,1426.19,United Kingdom,17.0,1.7598809523809524,Orta Segment,Çapraz Satış Önerisi
14413,362,3,421.72,United Kingdom,2.905263157894737,2.546315789473684,Orta Segment,Çapraz Satış Önerisi
14414,92,8,2399.33,United Kingdom,24.38135593220339,1.7971186440677966,Orta Segment,Çapraz Satış Önerisi
14415,1,23,11980.09,United Kingdom,5.075364667747164,3.1069205834683955,Sadık Müşteri,Sadakat Programı / Erken Erişim
14416,22,2,490.22,United Kingdom,23.285714285714285,1.6685714285714286,Yeni / Potansiyel Müşteri,Hoş Geldin Kampanyası
14417,388,1,524.65,United Kingdom,4.641025641025641,2.2529059829059825,Pasif/Kaybedilmiş,Geri Kazanma Kampanyası
14418,4,3,1937.25,United Kingdom,13.798387096774194,2.1406451612903226,Orta Segment,Çapraz Satış Önerisi
14419,11,7,1254.64,United Kingdom,2.453333333333333,2.5768444444444443,Sadık Müşteri,Sadakat Programı / Erken Erişim
14420,99,4,1639.17,United Kingdom,12.043010752688172,2.815698924731183,Orta Segment,Çapraz Satış Önerisi
14421,57,6,2469.37,United Kingdom,13.979166666666666,2.5414583333333334,Sadık Müşteri,Sadakat Programı / Erken Erişim
14422,1,19,10271.52,United Kingdom,10.990942028985508,2.9489492753623185,Sadık Müşteri,Sadakat Programı / Erken Erişim
14423,218,3,916.61,United Kingdom,27.933333333333334,2.508,Orta Segment,Çapraz Satış Önerisi
14424,18,1,322.08,United Kingdom,48.0,6.71,Yeni / Potansiyel Müşteri,Hoş Geldin Kampanyası
14425,435,3,661.39,United Kingdom,8.333333333333334,3.2866666666666666,Orta Segment,Çapraz Satış Önerisi
14426,24,17,11727.94,United Kingdom,11.62748344370861,3.3138245033112583,Sadık Müşteri,Sadakat Programı / Erken Erişim
14427,50,4,1263.52,United Kingdom,12.227272727272727,9.55,Orta Segment,Çapraz Satış Önerisi
14428,7,5,1224.06,United Kingdom,3.124087591240876,4.2707299270073,Sadık Müşteri,Sadakat Programı / Erken Erişim
14429,404,1,516.28,United Kingdom,13.0,2.4213636363636364,Pasif/Kaybedilmiş,Geri Kazanma Kampanyası
14430,512,3,1220.9,United Kingdom,12.742857142857142,3.9128571428571424,Orta Segment,Çapraz Satış Önerisi
14431,303,4,2614.2,United Kingdom,14.839506172839506,3.385925925925926,Orta Segment,Çapraz Satış Önerisi
14432,10,6,2248.5,United Kingdom,5.339522546419098,1.4661007957559682,Sadık Müşteri,Sadakat Programı / Erken Erişim
14433,466,1,280.7,United Kingdom,1.7702702702702702,2.462162162162162,Pasif/Kaybedilmiş,Geri Kazanma Kampanyası
14434,22,6,1372.8,United Kingdom,30.666666666666668,4.451666666666667,Sadık Müşteri,Sadakat Programı / Erken Erişim
14435,502,1,90.42,United Kingdom,94.0,0.5566666666666666,Pasif/Kaybedilmiş,Geri Kazanma Kampanyası
14436,99,2,271.7,United Kingdom,27.0,1.9427272727272729,Orta Segment,Çapraz Satış Önerisi
14437,366,5,873.34,United Kingdom,10.0,3.3011904761904765,Orta Segment,Çapraz Satış Önerisi
14438,306,1,131.9,United Kingdom,9.11111111111111,1.5944444444444443,Pasif/Kaybedilmiş,Geri Kazanma Kampanyası
14439,320,5,9443.04,Greece,17.3953488372093,5.3134883720930235,Kaybedilme Riski (Değerli),Yüksek İndirim / Kişisel Teklif
14440,8,13,5982.03,United Kingdom,12.5390625,4.442578125,Sadık Müşteri,Sadakat Programı / Erken Erişim
14441,1,11,4611.69,United Kingdom,8.181818181818182,5.5662987012987015,Sadık Müşteri,Sadakat Programı / Erken Erişim
14442,205,7,5367.02,Channel Islands,7.819672131147541,8.020382513661202,Kaybedilme Riski (Değerli),Yüksek İndirim / Kişisel Teklif
14443,54,5,2082.97,United Kingdom,10.203007518796992,2.470751879699248,Sadık Müşteri,Sadakat Programı / Erken Erişim
14444,456,1,120.44,United Kingdom,15.636363636363637,1.230909090909091,Pasif/Kaybedilmiş,Geri Kazanma Kampanyası
14445,456,1,221.65,United Kingdom,2.59375,2.7171875,Pasif/Kaybedilmiş,Geri Kazanma Kampanyası
14446,1,5,1195.48,United Kingdom,3.242138364779874,1.7816037735849055,Sadık Müşteri,Sadakat Programı / Erken Erişim
14447,19,6,1711.73,United Kingdom,8.61320754716981,2.603301886792453,Sadık Müşteri,Sadakat Programı / Erken Erişim
14448,9,2,375.35,United Kingdom,5.2,2.7175000000000002,Yeni / Potansiyel Müşteri,Hoş Geldin Kampanyası
14449,19,8,2230.96,United Kingdom,3.320910973084886,1.8116770186335402,Sadık Müşteri,Sadakat Programı / Erken Erişim
14450,181,7,1128.44,United Kingdom,6.868421052631579,2.953289473684211,Orta Segment,Çapraz Satış Önerisi
14451,60,12,3258.68,United Kingdom,3.392578125,2.1698828125,Orta Segment,Çapraz Satış Önerisi
14452,11,4,658.95,United Kingdom,2.2093023255813953,3.1401550387596897,Orta Segment,Çapraz Satış Önerisi
14453,190,1,119.93,United Kingdom,2.227272727272727,3.777272727272727,Pasif/Kaybedilmiş,Geri Kazanma Kampanyası
14454,376,5,977.3,United Kingdom,3.6363636363636362,3.446272727272727,Orta Segment,Çapraz Satış Önerisi
14455,432,4,617.72,United Kingdom,9.168831168831169,1.3909090909090909,Orta Segment,Çapraz Satış Önerisi
14456,5,9,3014.32,United Kingdom,3.013756613756614,1.7748253968253969,Sadık Müşteri,Sadakat Programı / Erken Erişim
14457,311,1,113.64,United Kingdom,22.0,1.2550000000000001,Pasif/Kaybedilmiş,Geri Kazanma Kampanyası
14458,381,1,219.27,United Kingdom,6.866666666666666,1.3195555555555556,Pasif/Kaybedilmiş,Geri Kazanma Kampanyası
14459,155,2,5375.74,United Kingdom,20.38053097345133,3.6253185840707967,Orta Segment,Çapraz Satış Önerisi
14460,110,9,1093.5,United Kingdom,44.73809523809524,1.233095238095238,Orta Segment,Çapraz Satış Önerisi
14461,148,13,6676.52,United Kingdom,4.730708661417323,3.477055118110236,Orta Segment,Çapraz Satış Önerisi
14462,66,12,2237.81,United Kingdom,3.789285714285714,2.91025,Orta Segment,Çapraz Satış Önerisi
14463,98,4,786.57,United Kingdom,26.25,6.5325,Orta Segment,Çapraz Satış Önerisi
14464,568,2,111.0,United Kingdom,15.5,3.6875,Pasif/Kaybedilmiş,Geri Kazanma Kampanyası
14465,247,11,3925.85,United Kingdom,13.155440414507773,2.574663212435233,Kaybedilme Riski (Değerli),Yüksek İndirim / Kişisel Teklif
14466,29,13,4267.15,United Kingdom,12.169902912621358,2.8522815533980586,Sadık Müşteri,Sadakat Programı / Erken Erişim
14467,18,12,2203.24,United Kingdom,3.9174917491749173,2.3858415841584155,Sadık Müşteri,Sadakat Programı / Erken Erişim
14468,734,1,204.24,United Kingdom,13.666666666666666,5.289166666666667,Pasif/Kaybedilmiş,Geri Kazanma Kampanyası
14469,416,4,2093.46,United Kingdom,6.710344827586207,3.9252413793103447,Orta Segment,Çapraz Satış Önerisi
14470,12,3,712.04,United Kingdom,4.7,4.691999999999999,Orta Segment,Çapraz Satış Önerisi
14471,591,2,400.95,United Kingdom,4.560975609756097,3.1514634146341467,Pasif/Kaybedilmiş,Geri Kazanma Kampanyası
14472,104,9,2118.72,United Kingdom,4.11326860841424,2.7223948220064726,Orta Segment,Çapraz Satış Önerisi
14473,74,2,234.34,United Kingdom,12.571428571428571,4.107142857142857,Orta Segment,Çapraz Satış Önerisi
14474,46,2,1258.89,United Kingdom,3.52755905511811,4.138661417322835,Yeni / Potansiyel Müşteri,Hoş Geldin Kampanyası
14475,72,4,1151.15,United Kingdom,11.270833333333334,3.061666666666667,Orta Segment,Çapraz Satış Önerisi
14476,257,1,193.0,United Kingdom,6.470588235294118,3.5323529411764705,Pasif/Kaybedilmiş,Geri Kazanma Kampanyası
14477,20,7,1969.6,United Kingdom,80.0,1.8228571428571427,Sadık Müşteri,Sadakat Programı / Erken Erişim
14478,382,4,1276.66,United Kingdom,18.029411764705884,2.2101470588235292,Orta Segment,Çapraz Satış Önerisi
14479,254,4,1124.71,United Kingdom,4.043165467625899,3.065611510791367,Orta Segment,Çapraz Satış Önerisi
14480,11,4,1299.52,United Kingdom,10.307692307692308,2.7936923076923077,Orta Segment,Çapraz Satış Önerisi
14481,165,5,2284.69,United Kingdom,10.453333333333333,2.3326666666666664,Orta Segment,Çapraz Satış Önerisi
14482,18,12,4306.72,United Kingdom,11.758196721311476,2.5574180327868854,Sadık Müşteri,Sadakat Programı / Erken Erişim
14483,282,2,257.1,United Kingdom,14.846153846153847,1.666923076923077,Pasif/Kaybedilmiş,Geri Kazanma Kampanyası
14484,50,4,1070.98,United Kingdom,14.037735849056604,2.091509433962264,Orta Segment,Çapraz Satış Önerisi
14485,39,1,162.8,United Kingdom,1.5217391304347827,2.6771739130434784,Yeni / Potansiyel Müşteri,Hoş Geldin Kampanyası
14486,512,2,175.5,United Kingdom,15.0,1.95,Pasif/Kaybedilmiş,Geri Kazanma Kampanyası
14487,27,7,1266.27,United Kingdom,4.529761904761905,2.4792261904761905,Sadık Müşteri,Sadakat Programı / Erken Erişim
14488,68,1,1064.28,United Kingdom,17.369565217391305,2.131304347826087,Orta Segment,Çapraz Satış Önerisi
14489,207,4,1574.93,United Kingdom,10.11,2.1586000000000003,Orta Segment,Çapraz Satış Önerisi
14490,406,2,1273.47,United Kingdom,11.6625,1.910875,Pasif/Kaybedilmiş,Geri Kazanma Kampanyası
14491,175,2,340.93,United Kingdom,8.176470588235293,4.54235294117647,Orta Segment,Çapraz Satış Önerisi
14492,430,7,1921.91,United Kingdom,8.16304347826087,4.3673913043478265,Kaybedilme Riski (Değerli),Yüksek İndirim / Kişisel Teklif
14493,7,10,5087.86,United Kingdom,8.867605633802818,2.857718309859155,Sadık Müşteri,Sadakat Programı / Erken Erişim
14494,26,3,401.46,United Kingdom,12.352941176470589,1.8523529411764705,Orta Segment,Çapraz Satış Önerisi
14495,51,3,174.8,United Kingdom,9.714285714285714,2.935714285714286,Orta Segment,Çapraz Satış Önerisi
14496,312,7,2363.89,United Kingdom,8.537735849056604,5.249056603773584,Kaybedilme Riski (Değerli),Yüksek İndirim / Kişisel Teklif
14497,309,2,697.06,United Kingdom,8.3,4.2715000000000005,Pasif/Kaybedilmiş,Geri Kazanma Kampanyası
14498,43,10,3900.83,United Kingdom,5.745257452574526,3.0247154471544717,Sadık Müşteri,Sadakat Programı / Erken Erişim
14499,26,7,2101.79,United Kingdom,3.9581993569131835,2.0912218649517684,Sadık Müşteri,Sadakat Programı / Erken Erişim
14500,88,3,356.85,United Kingdom,16.714285714285715,6.214285714285714,Orta Segment,Çapraz Satış Önerisi
14501,184,2,251.21,United Kingdom,16.1,2.175,Orta Segment,Çapraz Satış Önerisi
14502,20,11,2426.79,United Kingdom,2.411861614497529,2.3934102141680396,Sadık Müşteri,Sadakat Programı / Erken Erişim
14503,3,6,3543.26,United Kingdom,12.21951219512195,2.6662195121951218,Sadık Müşteri,Sadakat Programı / Erken Erişim
14504,47,4,673.26,United Kingdom,2.878504672897196,3.4827102803738317,Orta Segment,Çapraz Satış Önerisi
14505,17,19,11873.08,United Kingdom,3.3839796567069294,2.9984233947870313,Sadık Müşteri,Sadakat Programı / Erken Erişim
14506,17,7,2960.25,United Kingdom,2.351758793969849,3.7305527638190954,Sadık Müşteri,Sadakat Programı / Erken Erişim
14507,24,11,3216.74,United Kingdom,5.77906976744186,3.4263565891472867,Sadık Müşteri,Sadakat Programı / Erken Erişim
14508,22,5,822.92,United Kingdom,1.96045197740113,3.385310734463277,Sadık Müşteri,Sadakat Programı / Erken Erişim
14509,534,1,110.95,United Kingdom,1.52,3.51,Pasif/Kaybedilmiş,Geri Kazanma Kampanyası
14510,376,3,979.85,United Kingdom,10.573333333333334,2.009333333333333,Orta Segment,Çapraz Satış Önerisi
14511,11,5,1314.81,United Kingdom,11.529411764705882,2.501764705882353,Sadık Müşteri,Sadakat Programı / Erken Erişim
14512,188,7,1215.97,United Kingdom,9.316455696202532,2.97126582278481,Kaybedilme Riski (Değerli),Yüksek İndirim / Kişisel Teklif
14513,101,6,788.01,United Kingdom,31.210526315789473,2.2689473684210526,Orta Segment,Çapraz Satış Önerisi
14514,61,9,4380.04,United Kingdom,7.4043887147335425,2.5878996865203763,Orta Segment,Çapraz Satış Önerisi
14515,18,12,3724.06,United Kingdom,10.942196531791907,2.8230057803468207,Sadık Müşteri,Sadakat Programı / Erken Erişim
14516,516,1,151.17,United Kingdom,1.8,2.86,Pasif/Kaybedilmiş,Geri Kazanma Kampanyası
14517,33,2,330.45,United Kingdom,5.055555555555555,5.333333333333333,Yeni / Potansiyel Müşteri,Hoş Geldin Kampanyası
14518,64,1,174.37,United Kingdom,17.375,2.699375,Orta Segment,Çapraz Satış Önerisi
14519,684,2,203.14,United Kingdom,2.1315789473684212,2.8023684210526314,Pasif/Kaybedilmiş,Geri Kazanma Kampanyası
14520,2,2,270.6,United Kingdom,36.5,3.2075,Yeni / Potansiyel Müşteri,Hoş Geldin Kampanyası
14521,491,1,199.45,United Kingdom,12.411764705882353,2.4147058823529415,Pasif/Kaybedilmiş,Geri Kazanma Kampanyası
14522,24,8,1748.42,United Kingdom,21.244444444444444,2.6375555555555557,Sadık Müşteri,Sadakat Programı / Erken Erişim
14523,108,1,241.09,United Kingdom,20.916666666666668,2.72,Orta Segment,Çapraz Satış Önerisi
14524,32,13,2909.86,United Kingdom,3.630434782608696,3.6690372670807454,Sadık Müşteri,Sadakat Programı / Erken Erişim
14525,20,17,8018.59,United Kingdom,9.723809523809523,2.889695238095238,Sadık Müşteri,Sadakat Programı / Erken Erişim
14526,389,1,258.65,United Kingdom,4.341463414634147,1.9702439024390244,Pasif/Kaybedilmiş,Geri Kazanma Kampanyası
14527,3,122,27205.08,United Kingdom,2.515553869499241,5.196570561456753,Sadık Müşteri,Sadakat Programı / Erken Erişim
14528,37,1,364.22,United Kingdom,15.444444444444445,1.973888888888889,Yeni / Potansiyel Müşteri,Hoş Geldin Kampanyası
14529,60,3,578.61,United Kingdom,1.5258215962441315,1.986619718309859,Orta Segment,Çapraz Satış Önerisi
14530,26,16,6088.87,United Kingdom,6.319238900634249,3.671205073995772,Sadık Müşteri,Sadakat Programı / Erken Erişim
14531,480,1,376.34,United Kingdom,8.96551724137931,2.464827586206897,Pasif/Kaybedilmiş,Geri Kazanma Kampanyası
14532,236,11,3845.78,United Kingdom,3.538216560509554,4.62359872611465,Kaybedilme Riski (Değerli),Yüksek İndirim / Kişisel Teklif
14533,25,11,3466.37,United Kingdom,67.84269662921348,2.1730337078651685,Sadık Müşteri,Sadakat Programı / Erken Erişim
14534,3,26,6183.06,United Kingdom,3.9551192145862553,3.2813464235624124,Sadık Müşteri,Sadakat Programı / Erken Erişim
14535,60,9,5961.89,United Kingdom,3.8724179829890644,2.835127582017011,Orta Segment,Çapraz Satış Önerisi
14536,260,1,170.95,United Kingdom,2.1666666666666665,5.052777777777778,Pasif/Kaybedilmiş,Geri Kazanma Kampanyası
14537,58,2,641.4,United Kingdom,9.91304347826087,3.957391304347826,Yeni / Potansiyel Müşteri,Hoş Geldin Kampanyası
14538,65,5,1370.84,United Kingdom,5.461538461538462,7.691923076923077,Orta Segment,Çapraz Satış Önerisi
14539,16,2,537.48,United Kingdom,13.375,2.0790625,Yeni / Potansiyel Müşteri,Hoş Geldin Kampanyası
14540,10,11,3709.64,United Kingdom,6.041666666666667,3.7460227272727273,Sadık Müşteri,Sadakat Programı / Erken Erişim
14541,59,14,2491.38,United Kingdom,6.417142857142857,2.6886285714285716,Sadık Müşteri,Sadakat Programı / Erken Erişim
14542,186,1,103.25,United Kingdom,3.8,5.41,Orta Segment,Çapraz Satış Önerisi
14543,29,39,14548.22,United Kingdom,12.607655502392344,6.933875598086125,Sadık Müşteri,Sadakat Programı / Erken Erişim
14544,24,3,2938.53,United Kingdom,12.898395721925134,2.1405347593582884,Orta Segment,Çapraz Satış Önerisi
14545,674,1,349.25,United Kingdom,10.26086956521739,4.127826086956522,Pasif/Kaybedilmiş,Geri Kazanma Kampanyası
14546,5,11,5184.84,United Kingdom,3.40253164556962,2.521886075949367,Sadık Müşteri,Sadakat Programı / Erken Erişim
14547,4,8,3974.75,United Kingdom,7.433802816901409,2.8969577464788734,Sadık Müşteri,Sadakat Programı / Erken Erişim
14548,151,9,2541.29,United Kingdom,8.963636363636363,3.067,Orta Segment,Çapraz Satış Önerisi
14549,311,4,913.6,United Kingdom,2.7552447552447554,2.9225874125874127,Orta Segment,Çapraz Satış Önerisi
14550,11,4,1345.06,United Kingdom,7.948453608247423,2.46659793814433,Orta Segment,Çapraz Satış Önerisi
14551,18,7,878.09,United Kingdom,6.151898734177215,3.153924050632911,Sadık Müşteri,Sadakat Programı / Erken Erişim
14552,152,3,507.93,United Kingdom,1.6753246753246753,2.0437662337662337,Orta Segment,Çapraz Satış Önerisi
14553,19,9,1818.6,United Kingdom,3.8819444444444446,2.6553819444444446,Sadık Müşteri,Sadakat Programı / Erken Erişim
14554,10,4,2279.49,United Kingdom,7.108374384236453,2.6990640394088667,Orta Segment,Çapraz Satış Önerisi
14555,57,6,2304.03,United Kingdom,7.196581196581197,3.8422222222222224,Sadık Müşteri,Sadakat Programı / Erken Erişim
14556,596,3,815.69,United Kingdom,1.6479591836734695,2.759642857142857,Orta Segment,Çapraz Satış Önerisi
14557,85,1,788.38,United Kingdom,31.875,1.59,Orta Segment,Çapraz Satış Önerisi
14558,654,3,655.5,United Kingdom,10.8,7.963333333333334,Orta Segment,Çapraz Satış Önerisi
14559,390,1,75.6,United Kingdom,36.0,1.05,Pasif/Kaybedilmiş,Geri Kazanma Kampanyası
14560,7,44,6114.03,United Kingdom,22.9,4.35025,Sadık Müşteri,Sadakat Programı / Erken Erişim
14561,76,3,1080.76,United Kingdom,14.695652173913043,1.9856521739130433,Orta Segment,Çapraz Satış Önerisi
14562,4,26,6638.15,United Kingdom,4.282861896838602,3.177321131447587,Sadık Müşteri,Sadakat Programı / Erken Erişim
14563,510,2,625.42,United Kingdom,2.3142857142857145,4.360380952380952,Pasif/Kaybedilmiş,Geri Kazanma Kampanyası
14564,435,2,2605.62,Channel Islands,12.102803738317757,3.494299065420561,Pasif/Kaybedilmiş,Geri Kazanma Kampanyası
14565,96,5,3859.22,United Kingdom,12.125,3.7155625,Orta Segment,Çapraz Satış Önerisi
14566,111,4,4092.0,Channel Islands,150.0,1.71,Orta Segment,Çapraz Satış Önerisi
14567,57,2,1530.36,United Kingdom,12.484848484848484,3.7118181818181815,Yeni / Potansiyel Müşteri,Hoş Geldin Kampanyası
14568,435,1,919.7,Channel Islands,13.72340425531915,1.9600000000000002,Pasif/Kaybedilmiş,Geri Kazanma Kampanyası
14569,1,4,597.33,United Kingdom,7.5588235294117645,2.882647058823529,Orta Segment,Çapraz Satış Önerisi
14570,281,3,512.4,United Kingdom,5.5,3.350757575757576,Orta Segment,Çapraz Satış Önerisi
14571,425,1,160.0,United Kingdom,1.8666666666666667,2.875,Pasif/Kaybedilmiş,Geri Kazanma Kampanyası
14572,3,11,5520.98,United Kingdom,5.683794466403162,3.145237154150198,Sadık Müşteri,Sadakat Programı / Erken Erişim
14573,180,13,2163.12,United Kingdom,2.203225806451613,4.498806451612903,Orta Segment,Çapraz Satış Önerisi
14574,733,1,143.7,United Kingdom,5.7272727272727275,2.768181818181818,Pasif/Kaybedilmiş,Geri Kazanma Kampanyası
14575,488,1,420.22,United Kingdom,2.263888888888889,3.2468055555555555,Pasif/Kaybedilmiş,Geri Kazanma Kampanyası
14576,372,1,35.4,United Kingdom,12.0,2.95,Pasif/Kaybedilmiş,Geri Kazanma Kampanyası
14577,13,7,1364.15,United Kingdom,3.1263736263736264,2.6605494505494507,Sadık Müşteri,Sadakat Programı / Erken Erişim
14578,3,1,168.63,United Kingdom,10.0,2.45125,Yeni / Potansiyel Müşteri,Hoş Geldin Kampanyası
14579,432,1,105.56,United Kingdom,2.24,1.992,Pasif/Kaybedilmiş,Geri Kazanma Kampanyası
14580,518,1,14.85,United Kingdom,3.0,4.95,Pasif/Kaybedilmiş,Geri Kazanma Kampanyası
14581,17,2,409.65,United Kingdom,5.066666666666666,2.7993333333333337,Yeni / Potansiyel Müşteri,Hoş Geldin Kampanyası
14582,41,1,114.11,United Kingdom,12.166666666666666,3.39,Yeni / Potansiyel Müşteri,Hoş Geldin Kampanyası
14583,6,8,1660.29,United Kingdom,2.3081896551724137,2.248405172413793,Sadık Müşteri,Sadakat Programı / Erken Erişim
14584,169,8,1738.16,United Kingdom,4.4036697247706424,2.7338073394495415,Orta Segment,Çapraz Satış Önerisi
14585,50,5,1143.27,United Kingdom,5.675675675675675,1.8475675675675676,Sadık Müşteri,Sadakat Programı / Erken Erişim
14586,277,1,237.36,United Kingdom,23.36842105263158,0.6984210526315789,Pasif/Kaybedilmiş,Geri Kazanma Kampanyası
14587,19,9,1580.29,United Kingdom,2.018867924528302,2.4101078167115904,Sadık Müşteri,Sadakat Programı / Erken Erişim
14588,578,1,135.39,United Kingdom,3.875,2.799375,Pasif/Kaybedilmiş,Geri Kazanma Kampanyası
14589,372,1,39.75,United Kingdom,1.6666666666666667,7.95,Pasif/Kaybedilmiş,Geri Kazanma Kampanyası
14590,425,20,2993.37,United Kingdom,4.46039603960396,3.8271782178217824,Kaybedilme Riski (Değerli),Yüksek İndirim / Kişisel Teklif
14591,15,4,1320.21,United Kingdom,6.9772727272727275,2.7223295454545453,Orta Segment,Çapraz Satış Önerisi
14592,35,3,557.94,United Kingdom,2.5759493670886076,2.047974683544304,Orta Segment,Çapraz Satış Önerisi
14593,22,12,3658.03,United Kingdom,3.0262295081967214,2.5148032786885244,Sadık Müşteri,Sadakat Programı / Erken Erişim
14594,7,2,363.33,United Kingdom,3.519230769230769,3.255,Yeni / Potansiyel Müşteri,Hoş Geldin Kampanyası
14595,20,8,2164.45,United Kingdom,9.029411764705882,2.608308823529412,Sadık Müşteri,Sadakat Programı / Erken Erişim
14596,627,1,222.22,United Kingdom,1.4150943396226414,3.500566037735849,Pasif/Kaybedilmiş,Geri Kazanma Kampanyası
14597,11,6,2184.63,United Kingdom,15.115789473684211,1.8841052631578947,Sadık Müşteri,Sadakat Programı / Erken Erişim
14598,44,2,384.04,United Kingdom,3.933333333333333,1.4463333333333332,Yeni / Potansiyel Müşteri,Hoş Geldin Kampanyası
14599,390,2,457.89,United Kingdom,3.6962025316455698,2.2720253164556965,Pasif/Kaybedilmiş,Geri Kazanma Kampanyası
14600,306,2,865.17,United Kingdom,9.018518518518519,3.7948148148148153,Pasif/Kaybedilmiş,Geri Kazanma Kampanyası
14601,11,1,213.96,United Kingdom,24.0,1.4342857142857142,Yeni / Potansiyel Müşteri,Hoş Geldin Kampanyası
14602,656,1,205.36,United Kingdom,2.5806451612903225,3.558709677419355,Pasif/Kaybedilmiş,Geri Kazanma Kampanyası
14603,275,1,660.0,United Kingdom,200.0,1.65,Pasif/Kaybedilmiş,Geri Kazanma Kampanyası
14604,633,1,136.36,United Kingdom,3.909090909090909,1.9504545454545452,Pasif/Kaybedilmiş,Geri Kazanma Kampanyası
14605,374,4,920.71,United Kingdom,3.878504672897196,3.404859813084112,Orta Segment,Çapraz Satış Önerisi
14606,1,184,29648.75,United Kingdom,2.394044430439578,2.8011202142744605,Sadık Müşteri,Sadakat Programı / Erken Erişim
14607,16,20,22575.13,United Kingdom,72.715,2.64205,Sadık Müşteri,Sadakat Programı / Erken Erişim
14608,4,10,3342.94,United Kingdom,22.047619047619047,3.782857142857143,Sadık Müşteri,Sadakat Programı / Erken Erişim
14609,72,10,1486.2,United Kingdom,978.4615384615385,0.26153846153846155,Orta Segment,Çapraz Satış Önerisi
14610,396,2,24.35,United Kingdom,1.5,2.0100000000000002,Pasif/Kaybedilmiş,Geri Kazanma Kampanyası
14611,444,2,604.33,United Kingdom,15.31578947368421,2.1657894736842103,Pasif/Kaybedilmiş,Geri Kazanma Kampanyası
14612,415,1,877.7,United Kingdom,9.571428571428571,7.028571428571429,Pasif/Kaybedilmiş,Geri Kazanma Kampanyası
14613,680,1,76.32,United Kingdom,72.0,1.06,Pasif/Kaybedilmiş,Geri Kazanma Kampanyası
14614,386,1,295.13,United Kingdom,9.947368421052632,2.7663157894736843,Pasif/Kaybedilmiş,Geri Kazanma Kampanyası
14615,394,5,951.76,United Kingdom,10.3125,3.408541666666667,Orta Segment,Çapraz Satış Önerisi
14616,243,5,527.78,United Kingdom,34.0,3.224,Orta Segment,Çapraz Satış Önerisi
14617,403,2,190.47,United Kingdom,9.0,2.8633333333333333,Pasif/Kaybedilmiş,Geri Kazanma Kampanyası
14618,9,7,1342.32,United Kingdom,13.803921568627452,4.51,Sadık Müşteri,Sadakat Programı / Erken Erişim
14619,246,2,1291.24,United Kingdom,9.9,3.7811666666666666,Pasif/Kaybedilmiş,Geri Kazanma Kampanyası
14620,206,2,412.78,United Kingdom,8.23076923076923,3.4223076923076925,Pasif/Kaybedilmiş,Geri Kazanma Kampanyası
14621,1,9,3000.57,United Kingdom,10.729559748427674,2.697735849056604,Sadık Müşteri,Sadakat Programı / Erken Erişim
14622,185,1,320.58,United Kingdom,6.9523809523809526,3.212380952380953,Orta Segment,Çapraz Satış Önerisi
14623,32,10,2012.3,United Kingdom,3.604982206405694,2.9176156583629895,Sadık Müşteri,Sadakat Programı / Erken Erişim
14624,57,6,814.07,United Kingdom,12.647058823529411,2.349607843137255,Sadık Müşteri,Sadakat Programı / Erken Erişim
14625,196,11,4497.88,United Kingdom,8.101503759398497,3.944022556390977,Kaybedilme Riski (Değerli),Yüksek İndirim / Kişisel Teklif
14626,24,11,5410.92,United Kingdom,13.512931034482758,2.973448275862069,Sadık Müşteri,Sadakat Programı / Erken Erişim
14627,379,1,462.75,United Kingdom,9.793103448275861,2.6017241379310345,Pasif/Kaybedilmiş,Geri Kazanma Kampanyası
14628,91,5,1998.0,United Kingdom,13.337209302325581,3.5344186046511625,Orta Segment,Çapraz Satış Önerisi
14629,4,2,955.26,United Kingdom,2.52,3.7636666666666665,Yeni / Potansiyel Müşteri,Hoş Geldin Kampanyası
14630,484,1,338.65,United Kingdom,5.285714285714286,5.104761904761905,Pasif/Kaybedilmiş,Geri Kazanma Kampanyası
14631,51,6,2025.69,United Kingdom,15.461538461538462,2.6604395604395603,Sadık Müşteri,Sadakat Programı / Erken Erişim
14632,263,1,114.56,United Kingdom,12.0,2.54,Pasif/Kaybedilmiş,Geri Kazanma Kampanyası
14633,266,1,344.9,United Kingdom,4.8,5.4025,Pasif/Kaybedilmiş,Geri Kazanma Kampanyası
14634,438,4,2124.46,United Kingdom,17.486238532110093,2.096238532110092,Orta Segment,Çapraz Satış Önerisi
14635,454,1,215.22,United Kingdom,7.866666666666666,3.8766666666666665,Pasif/Kaybedilmiş,Geri Kazanma Kampanyası
14636,36,2,609.85,United Kingdom,8.607142857142858,3.038214285714286,Yeni / Potansiyel Müşteri,Hoş Geldin Kampanyası
14637,677,1,106.68,United Kingdom,14.285714285714286,1.4457142857142855,Pasif/Kaybedilmiş,Geri Kazanma Kampanyası
14638,51,1,443.6,United Kingdom,10.375,4.159375,Yeni / Potansiyel Müşteri,Hoş Geldin Kampanyası
14639,52,9,4978.96,United Kingdom,8.253424657534246,4.441027397260274,Sadık Müşteri,Sadakat Programı / Erken Erişim
14640,24,10,3649.36,United Kingdom,8.10344827586207,3.4376354679802956,Sadık Müşteri,Sadakat Programı / Erken Erişim
14641,22,1,110.46,United Kingdom,12.857142857142858,1.2900000000000003,Yeni / Potansiyel Müşteri,Hoş Geldin Kampanyası
14642,59,1,96.12,United Kingdom,38.0,3.005,Yeni / Potansiyel Müşteri,Hoş Geldin Kampanyası
14643,170,5,1679.89,United Kingdom,22.20967741935484,2.771774193548387,Orta Segment,Çapraz Satış Önerisi
14644,68,7,2247.72,United Kingdom,12.419354838709678,4.912096774193548,Orta Segment,Çapraz Satış Önerisi
14645,157,3,876.89,United Kingdom,12.229166666666666,3.4189583333333338,Orta Segment,Çapraz Satış Önerisi
14646,2,145,526751.52,Netherlands,96.11730819586279,2.3506362922230952,Sadık Müşteri,Sadakat Programı / Erken Erişim
14647,201,2,506.04,United Kingdom,3.6458333333333335,3.332708333333333,Pasif/Kaybedilmiş,Geri Kazanma Kampanyası
14648,416,15,4463.39,United Kingdom,7.614485981308412,2.126635514018692,Kaybedilme Riski (Değerli),Yüksek İndirim / Kişisel Teklif
14649,5,9,3651.19,United Kingdom,4.582542694497154,3.0350094876660343,Sadık Müşteri,Sadakat Programı / Erken Erişim
14650,589,1,62.5,United Kingdom,5.5,6.85,Pasif/Kaybedilmiş,Geri Kazanma Kampanyası
14651,67,9,2025.52,United Kingdom,3.1095406360424027,3.138303886925795,Orta Segment,Çapraz Satış Önerisi
14652,77,1,114.18,United Kingdom,1.8275862068965518,2.986206896551724,Orta Segment,Çapraz Satış Önerisi
14653,1,11,3404.8,United Kingdom,5.176315789473684,3.138342105263158,Sadık Müşteri,Sadakat Programı / Erken Erişim
14654,738,1,246.86,United Kingdom,10.11111111111111,1.3277777777777777,Pasif/Kaybedilmiş,Geri Kazanma Kampanyası
14655,8,7,3878.51,United Kingdom,22.728155339805824,2.8919417475728157,Sadık Müşteri,Sadakat Programı / Erken Erişim
14656,169,5,790.0,United Kingdom,1.4927536231884058,3.0,Orta Segment,Çapraz Satış Önerisi
14657,18,6,1450.19,United Kingdom,4.205741626794258,2.6434449760765553,Sadık Müşteri,Sadakat Programı / Erken Erişim
14658,5,2,247.15,United Kingdom,1.6206896551724137,5.588275862068966,Yeni / Potansiyel Müşteri,Hoş Geldin Kampanyası
14659,9,9,2529.93,United Kingdom,4.723320158102767,2.9375098814229252,Sadık Müşteri,Sadakat Programı / Erken Erişim
14660,87,2,285.74,United Kingdom,7.6,2.3586666666666667,Orta Segment,Çapraz Satış Önerisi
14661,27,1,107.95,United Kingdom,8.75,3.95,Yeni / Potansiyel Müşteri,Hoş Geldin Kampanyası
14662,29,7,1376.43,United Kingdom,3.810924369747899,2.529327731092437,Sadık Müşteri,Sadakat Programı / Erken Erişim
14663,430,2,490.6,United Kingdom,5.838235294117647,2.2492647058823527,Pasif/Kaybedilmiş,Geri Kazanma Kampanyası
14664,20,2,636.24,United Kingdom,4.744897959183674,1.9861224489795917,Yeni / Potansiyel Müşteri,Hoş Geldin Kampanyası
14665,61,7,2749.65,United Kingdom,8.666666666666666,3.83219696969697,Orta Segment,Çapraz Satış Önerisi
14666,24,1,179.95,United Kingdom,11.923076923076923,1.8038461538461539,Yeni / Potansiyel Müşteri,Hoş Geldin Kampanyası
14667,11,54,20359.59,United Kingdom,9.363062352012628,3.238934490923441,Sadık Müşteri,Sadakat Programı / Erken Erişim
14668,445,1,111.63,United Kingdom,4.083333333333333,2.195,Pasif/Kaybedilmiş,Geri Kazanma Kampanyası
14669,242,7,3216.78,United Kingdom,5.27906976744186,2.659741602067183,Kaybedilme Riski (Değerli),Yüksek İndirim / Kişisel Teklif
14670,280,3,583.33,United Kingdom,2.363128491620112,1.8227932960893853,Orta Segment,Çapraz Satış Önerisi
14671,549,2,1127.45,United Kingdom,10.381818181818181,3.2132727272727273,Pasif/Kaybedilmiş,Geri Kazanma Kampanyası
14672,235,4,1113.14,United Kingdom,6.09433962264151,2.8287735849056608,Orta Segment,Çapraz Satış Önerisi
14673,3,7,3037.32,United Kingdom,12.31081081081081,2.2869594594594598,Sadık Müşteri,Sadakat Programı / Erken Erişim
14674,509,1,173.66,United Kingdom,7.357142857142857,2.6799999999999997,Pasif/Kaybedilmiş,Geri Kazanma Kampanyası
14675,16,2,1015.58,United Kingdom,2.986425339366516,2.122262443438914,Yeni / Potansiyel Müşteri,Hoş Geldin Kampanyası
14676,31,12,8356.79,United Kingdom,66.10526315789474,1.6543609022556391,Sadık Müşteri,Sadakat Programı / Erken Erişim
14677,593,1,184.91,United Kingdom,9.928571428571429,2.37,Pasif/Kaybedilmiş,Geri Kazanma Kampanyası
14678,579,1,403.39,United Kingdom,7.458333333333333,3.4783333333333335,Pasif/Kaybedilmiş,Geri Kazanma Kampanyası
14679,382,3,1289.44,United Kingdom,12.603174603174603,3.1695238095238096,Orta Segment,Çapraz Satış Önerisi
14680,25,58,55688.5,United Kingdom,21.10989010989011,2.7330533751962323,Sadık Müşteri,Sadakat Programı / Erken Erişim
14681,71,6,875.15,United Kingdom,8.6,6.13,Orta Segment,Çapraz Satış Önerisi
14682,188,6,1514.81,United Kingdom,11.034883720930232,3.046976744186047,Kaybedilme Riski (Değerli),Yüksek İndirim / Kişisel Teklif
14683,588,1,146.56,United Kingdom,18.38095238095238,1.1690476190476191,Pasif/Kaybedilmiş,Geri Kazanma Kampanyası
14684,26,6,1430.03,United Kingdom,2.067901234567901,1.745329218106996,Sadık Müşteri,Sadakat Programı / Erken Erişim
14685,576,8,4536.64,United Kingdom,10.529411764705882,3.2058823529411766,Kaybedilme Riski (Değerli),Yüksek İndirim / Kişisel Teklif
14686,414,5,852.53,United Kingdom,2.08675799086758,2.2678995433789955,Orta Segment,Çapraz Satış Önerisi
14687,107,3,1402.06,United Kingdom,21.25,2.9842500000000003,Orta Segment,Çapraz Satış Önerisi
14688,8,28,7190.42,United Kingdom,10.30879345603272,2.1635787321063393,Sadık Müşteri,Sadakat Programı / Erken Erişim
14689,209,1,112.8,United Kingdom,5.846153846153846,2.180769230769231,Pasif/Kaybedilmiş,Geri Kazanma Kampanyası
14690,44,4,777.68,United Kingdom,3.3106796116504853,3.060873786407767,Orta Segment,Çapraz Satış Önerisi
14691,31,5,2114.33,United Kingdom,9.95774647887324,3.6664788732394364,Sadık Müşteri,Sadakat Programı / Erken Erişim
14692,137,12,1715.14,United Kingdom,5.59748427672956,2.9514465408805033,Orta Segment,Çapraz Satış Önerisi
14693,265,7,1165.36,United Kingdom,5.173333333333333,3.4754666666666663,Orta Segment,Çapraz Satış Önerisi
14694,617,1,244.31,United Kingdom,12.866666666666667,2.7386666666666666,Pasif/Kaybedilmiş,Geri Kazanma Kampanyası
14695,519,3,1534.22,United Kingdom,8.060975609756097,3.43719512195122,Orta Segment,Çapraz Satış Önerisi
14696,4,8,2473.28,United Kingdom,12.123376623376624,2.5068831168831167,Sadık Müşteri,Sadakat Programı / Erken Erişim
14697,218,2,188.61,United Kingdom,8.227272727272727,3.2372727272727273,Pasif/Kaybedilmiş,Geri Kazanma Kampanyası
14698,2,5,1217.27,United Kingdom,3.01,2.8583499999999997,Sadık Müşteri,Sadakat Programı / Erken Erişim
14699,214,4,702.6,United Kingdom,9.68,2.221,Orta Segment,Çapraz Satış Önerisi
14700,32,5,3076.06,United Kingdom,9.616766467065869,2.7092814371257483,Sadık Müşteri,Sadakat Programı / Erken Erişim
14701,11,15,4487.11,United Kingdom,2.9310924369747897,3.0981008403361345,Sadık Müşteri,Sadakat Programı / Erken Erişim
14702,1,29,6356.98,United Kingdom,4.238938053097345,3.7650589970501476,Sadık Müşteri,Sadakat Programı / Erken Erişim
14703,15,1,318.17,United Kingdom,8.318181818181818,2.0513636363636363,Yeni / Potansiyel Müşteri,Hoş Geldin Kampanyası
14704,20,9,1720.58,United Kingdom,2.5575221238938055,2.236128318584071,Sadık Müşteri,Sadakat Programı / Erken Erişim
14705,199,1,179.0,United Kingdom,100.0,1.79,Pasif/Kaybedilmiş,Geri Kazanma Kampanyası
14706,619,1,367.54,United Kingdom,9.84,2.6275999999999997,Pasif/Kaybedilmiş,Geri Kazanma Kampanyası
14707,436,2,139.2,United Kingdom,48.0,1.45,Pasif/Kaybedilmiş,Geri Kazanma Kampanyası
14708,3,5,1793.22,United Kingdom,28.26829268292683,4.585853658536585,Sadık Müşteri,Sadakat Programı / Erken Erişim
14709,15,25,8886.33,United Kingdom,11.599439775910364,3.4132773109243697,Sadık Müşteri,Sadakat Programı / Erken Erişim
14710,14,13,1899.79,United Kingdom,2.627314814814815,2.065462962962963,Sadık Müşteri,Sadakat Programı / Erken Erişim
14711,10,11,2839.62,United Kingdom,2.8,4.836927536231884,Sadık Müşteri,Sadakat Programı / Erken Erişim
14712,29,4,1328.07,United Kingdom,12.84375,3.5421875000000003,Orta Segment,Çapraz Satış Önerisi
14713,9,21,5115.36,United Kingdom,4.928888888888889,2.236177777777778,Sadık Müşteri,Sadakat Programı / Erken Erişim
14714,24,4,906.24,United Kingdom,6.903225806451613,2.69258064516129,Orta Segment,Çapraz Satış Önerisi
14715,25,8,1809.55,United Kingdom,7.5588235294117645,3.3158823529411765,Sadık Müşteri,Sadakat Programı / Erken Erişim
14716,43,3,543.28,United Kingdom,6.697916666666667,1.6623958333333333,Orta Segment,Çapraz Satış Önerisi
14717,733,1,81.3,United Kingdom,2.909090909090909,3.313636363636364,Pasif/Kaybedilmiş,Geri Kazanma Kampanyası
14718,410,1,226.42,United Kingdom,18.363636363636363,1.9745454545454544,Pasif/Kaybedilmiş,Geri Kazanma Kampanyası
14719,2,5,1581.84,United Kingdom,4.361702127659575,2.3554893617021273,Sadık Müşteri,Sadakat Programı / Erken Erişim
14720,6,3,663.81,United Kingdom,5.918918918918919,5.744594594594595,Orta Segment,Çapraz Satış Önerisi
14721,379,1,109.07,United Kingdom,2.28,2.6148000000000002,Pasif/Kaybedilmiş,Geri Kazanma Kampanyası
14722,147,3,489.52,United Kingdom,2.4597701149425286,3.347126436781609,Orta Segment,Çapraz Satış Önerisi
14723,10,11,1801.36,United Kingdom,2.8096385542168676,2.1101445783132533,Sadık Müşteri,Sadakat Programı / Erken Erişim
14724,590,1,341.9,United Kingdom,4.487804878048781,2.5709756097560974,Pasif/Kaybedilmiş,Geri Kazanma Kampanyası
14725,25,4,1246.86,United Kingdom,13.202020202020202,2.51010101010101,Orta Segment,Çapraz Satış Önerisi
14726,655,1,116.5,United Kingdom,5.466666666666667,2.256666666666667,Pasif/Kaybedilmiş,Geri Kazanma Kampanyası
14727,274,3,461.03,United Kingdom,10.044444444444444,2.4444444444444446,Orta Segment,Çapraz Satış Önerisi
14728,413,1,190.58,United Kingdom,4.857142857142857,3.4771428571428573,Pasif/Kaybedilmiş,Geri Kazanma Kampanyası
14729,374,3,586.24,United Kingdom,2.8181818181818183,2.044848484848485,Orta Segment,Çapraz Satış Önerisi
14730,1,8,1897.57,United Kingdom,2.3333333333333335,2.5628138528138527,Sadık Müşteri,Sadakat Programı / Erken Erişim
14731,47,3,380.02,United Kingdom,5.688888888888889,2.102222222222222,Orta Segment,Çapraz Satış Önerisi
14732,8,19,5517.07,United Kingdom,8.205776173285198,3.9821299638989167,Sadık Müşteri,Sadakat Programı / Erken Erişim
14733,16,15,14335.15,United Kingdom,18.178683385579937,3.8753918495297808,Sadık Müşteri,Sadakat Programı / Erken Erişim
14734,426,4,1056.42,United Kingdom,6.0,4.862380952380952,Orta Segment,Çapraz Satış Önerisi
14735,4,55,12225.16,United Kingdom,12.361643835616439,3.8564657534246574,Sadık Müşteri,Sadakat Programı / Erken Erişim
14736,485,2,374.05,United Kingdom,1.6818181818181819,3.1388636363636366,Pasif/Kaybedilmiş,Geri Kazanma Kampanyası
14737,4,4,3554.17,United Kingdom,23.8,3.862888888888889,Orta Segment,Çapraz Satış Önerisi
14738,43,9,1821.9,United Kingdom,9.4625,4.111,Sadık Müşteri,Sadakat Programı / Erken Erişim
14739,4,25,11573.62,United Kingdom,39.73770491803279,2.550204918032787,Sadık Müşteri,Sadakat Programı / Erken Erişim
14740,197,11,4161.06,United Kingdom,9.008658008658008,3.386883116883117,Kaybedilme Riski (Değerli),Yüksek İndirim / Kişisel Teklif
14741,12,7,1713.09,United Kingdom,13.236842105263158,2.5175,Sadık Müşteri,Sadakat Programı / Erken Erişim
14742,435,1,579.85,United Kingdom,11.0,2.4941176470588236,Pasif/Kaybedilmiş,Geri Kazanma Kampanyası
14743,593,1,50.48,United Kingdom,13.333333333333334,1.3299999999999998,Pasif/Kaybedilmiş,Geri Kazanma Kampanyası
14744,16,14,3660.08,United Kingdom,20.33050847457627,3.998220338983051,Sadık Müşteri,Sadakat Programı / Erken Erişim
14745,113,12,2551.41,United Kingdom,14.064285714285715,2.0540714285714285,Orta Segment,Çapraz Satış Önerisi
14746,406,4,593.5,United Kingdom,44.22222222222222,1.5277777777777777,Orta Segment,Çapraz Satış Önerisi
14747,249,1,328.2,United Kingdom,4.666666666666667,5.800000000000001,Pasif/Kaybedilmiş,Geri Kazanma Kampanyası
14748,29,10,2681.9,United Kingdom,15.232704402515724,1.8842138364779872,Sadık Müşteri,Sadakat Programı / Erken Erişim
14749,480,1,310.15,United Kingdom,22.38888888888889,1.705,Pasif/Kaybedilmiş,Geri Kazanma Kampanyası
14750,736,1,112.03,United Kingdom,2.03125,2.634375,Pasif/Kaybedilmiş,Geri Kazanma Kampanyası
14751,684,2,126.45,United Kingdom,9.285714285714286,2.635714285714286,Pasif/Kaybedilmiş,Geri Kazanma Kampanyası
14752,44,1,389.64,United Kingdom,52.0,2.504,Yeni / Potansiyel Müşteri,Hoş Geldin Kampanyası
14753,87,2,869.51,United Kingdom,8.583333333333334,2.9252083333333334,Orta Segment,Çapraz Satış Önerisi
14754,45,6,1547.93,United Kingdom,7.426470588235294,2.6391176470588236,Sadık Müşteri,Sadakat Programı / Erken Erişim
14755,10,25,9972.55,United Kingdom,9.265263157894736,3.9633263157894736,Sadık Müşteri,Sadakat Programı / Erken Erişim
14756,15,3,2653.76,United Kingdom,11.957983193277311,3.7733613445378147,Orta Segment,Çapraz Satış Önerisi
14757,75,1,420.5,United Kingdom,8.421052631578947,3.9242105263157896,Orta Segment,Çapraz Satış Önerisi
14758,145,7,2864.97,United Kingdom,6.176470588235294,6.0472794117647055,Orta Segment,Çapraz Satış Önerisi
14759,5,3,1625.97,United Kingdom,5.578431372549019,5.394117647058824,Orta Segment,Çapraz Satış Önerisi
14760,297,1,89.2,United Kingdom,8.0,2.87,Pasif/Kaybedilmiş,Geri Kazanma Kampanyası
14761,59,3,447.92,United Kingdom,8.583333333333334,2.7879166666666664,Orta Segment,Çapraz Satış Önerisi
14762,264,2,417.57,United Kingdom,14.266666666666667,1.8676666666666668,Pasif/Kaybedilmiş,Geri Kazanma Kampanyası
14764,47,1,278.3,United Kingdom,31.666666666666668,1.4916666666666665,Yeni / Potansiyel Müşteri,Hoş Geldin Kampanyası
14765,29,3,254.11,United Kingdom,3.4615384615384617,2.9766666666666666,Orta Segment,Çapraz Satış Önerisi
14766,8,11,6375.73,United Kingdom,11.97305389221557,2.671017964071856,Sadık Müşteri,Sadakat Programı / Erken Erişim
14767,474,1,382.81,United Kingdom,6.5,5.240555555555556,Pasif/Kaybedilmiş,Geri Kazanma Kampanyası
14768,17,2,192.6,United Kingdom,10.4,3.91,Yeni / Potansiyel Müşteri,Hoş Geldin Kampanyası
14769,3,17,15512.46,United Kingdom,7.914817465998568,2.676292054402291,Sadık Müşteri,Sadakat Programı / Erken Erişim
14770,232,8,3637.64,United Kingdom,8.111675126903553,3.923197969543147,Kaybedilme Riski (Değerli),Yüksek İndirim / Kişisel Teklif
14771,621,2,594.62,United Kingdom,13.23404255319149,1.145531914893617,Pasif/Kaybedilmiş,Geri Kazanma Kampanyası
14772,112,1,139.26,United Kingdom,9.11111111111111,3.508888888888889,Orta Segment,Çapraz Satış Önerisi
14773,593,1,140.55,United Kingdom,5.3,5.0,Pasif/Kaybedilmiş,Geri Kazanma Kampanyası
14774,529,1,241.45,United Kingdom,7.615384615384615,5.203846153846153,Pasif/Kaybedilmiş,Geri Kazanma Kampanyası
14775,58,3,1011.9,United Kingdom,19.566666666666666,1.0518333333333334,Orta Segment,Çapraz Satış Önerisi
14776,51,15,3708.3,United Kingdom,24.51578947368421,1.0237894736842106,Sadık Müşteri,Sadakat Programı / Erken Erişim
14777,404,1,307.56,United Kingdom,13.25,3.625625,Pasif/Kaybedilmiş,Geri Kazanma Kampanyası
14778,127,2,730.86,United Kingdom,8.742857142857142,3.1414285714285715,Orta Segment,Çapraz Satış Önerisi
14779,281,3,386.15,United Kingdom,2.048780487804878,6.824390243902439,Orta Segment,Çapraz Satış Önerisi
14780,55,2,447.68,United Kingdom,11.481481481481481,2.7666666666666666,Yeni / Potansiyel Müşteri,Hoş Geldin Kampanyası
14782,320,1,200.1,United Kingdom,19.0,2.516666666666667,Pasif/Kaybedilmiş,Geri Kazanma Kampanyası
14783,659,1,307.3,United Kingdom,15.411764705882353,2.518823529411765,Pasif/Kaybedilmiş,Geri Kazanma Kampanyası
14784,26,3,449.93,United Kingdom,13.444444444444445,2.925555555555556,Orta Segment,Çapraz Satış Önerisi
14785,10,2,77.4,United Kingdom,28.0,0.9433333333333334,Yeni / Potansiyel Müşteri,Hoş Geldin Kampanyası
14786,550,1,90.96,United Kingdom,16.0,1.0057142857142858,Pasif/Kaybedilmiş,Geri Kazanma Kampanyası
14787,471,1,110.65,United Kingdom,3.933333333333333,2.288,Pasif/Kaybedilmiş,Geri Kazanma Kampanyası
14788,7,3,1156.32,United Kingdom,12.39655172413793,2.778448275862069,Orta Segment,Çapraz Satış Önerisi
14789,29,1,197.64,United Kingdom,19.333333333333332,2.0566666666666666,Yeni / Potansiyel Müşteri,Hoş Geldin Kampanyası
14790,17,10,2526.62,United Kingdom,18.220689655172414,1.7746896551724136,Sadık Müşteri,Sadakat Programı / Erken Erişim
14791,607,1,303.63,United Kingdom,6.684210526315789,3.4626315789473687,Pasif/Kaybedilmiş,Geri Kazanma Kampanyası
14792,64,1,6.2,United Kingdom,1.0,3.1,Orta Segment,Çapraz Satış Önerisi
14793,21,2,625.9,United Kingdom,9.256410256410257,2.6333333333333333,Yeni / Potansiyel Müşteri,Hoş Geldin Kampanyası
14794,3,10,1953.9,United Kingdom,7.528846153846154,6.066923076923077,Sadık Müşteri,Sadakat Programı / Erken Erişim
14795,166,1,131.45,United Kingdom,2.8333333333333335,7.333333333333333,Orta Segment,Çapraz Satış Önerisi
14796,1,27,10167.77,United Kingdom,4.815013404825737,2.0572319034852544,Sadık Müşteri,Sadakat Programı / Erken Erişim
14797,507,1,300.31,United Kingdom,6.1875,4.170625,Pasif/Kaybedilmiş,Geri Kazanma Kampanyası
14798,53,8,724.31,United Kingdom,12.26530612244898,1.5475510204081633,Sadık Müşteri,Sadakat Programı / Erken Erişim
14799,51,2,338.15,United Kingdom,21.52173913043478,4.248260869565217,Yeni / Potansiyel Müşteri,Hoş Geldin Kampanyası
14800,48,17,7180.08,United Kingdom,10.848080133555927,2.4903672787979967,Sadık Müşteri,Sadakat Programı / Erken Erişim
14801,61,1,189.34,United Kingdom,3.0350877192982457,2.483157894736842,Orta Segment,Çapraz Satış Önerisi
14803,162,3,845.55,United Kingdom,8.409090909090908,2.886590909090909,Orta Segment,Çapraz Satış Önerisi
14804,9,1,353.27,United Kingdom,10.083333333333334,4.240833333333334,Yeni / Potansiyel Müşteri,Hoş Geldin Kampanyası
14805,15,7,1082.55,United Kingdom,3.2755905511811023,4.745669291338583,Sadık Müşteri,Sadakat Programı / Erken Erişim
14806,75,2,303.43,United Kingdom,21.15,1.9415,Orta Segment,Çapraz Satış Önerisi
14807,391,2,504.14,United Kingdom,6.157894736842105,3.2221052631578946,Pasif/Kaybedilmiş,Geri Kazanma Kampanyası
14808,40,8,2718.6,United Kingdom,9.177489177489177,3.491038961038961,Sadık Müşteri,Sadakat Programı / Erken Erişim
14809,621,2,686.76,United Kingdom,12.88888888888889,3.8755555555555556,Pasif/Kaybedilmiş,Geri Kazanma Kampanyası
14810,41,13,2354.03,United Kingdom,3.86046511627907,2.3421262458471763,Sadık Müşteri,Sadakat Programı / Erken Erişim
14811,387,1,170.5,United Kingdom,2.642857142857143,2.855357142857143,Pasif/Kaybedilmiş,Geri Kazanma Kampanyası
14812,599,1,178.85,United Kingdom,3.75,2.0130555555555554,Pasif/Kaybedilmiş,Geri Kazanma Kampanyası
14813,370,4,888.91,United Kingdom,2.8405797101449277,3.2078985507246376,Orta Segment,Çapraz Satış Önerisi
14814,581,1,152.96,United Kingdom,3.1724137931034484,2.593793103448276,Pasif/Kaybedilmiş,Geri Kazanma Kampanyası
14815,37,2,778.5,United Kingdom,14.037735849056604,1.6549056603773586,Yeni / Potansiyel Müşteri,Hoş Geldin Kampanyası
14816,197,1,271.85,United Kingdom,1.25,66.475,Pasif/Kaybedilmiş,Geri Kazanma Kampanyası
14817,200,7,3959.86,United Kingdom,10.704347826086957,4.070913043478261,Kaybedilme Riski (Değerli),Yüksek İndirim / Kişisel Teklif
14818,74,6,1153.56,United Kingdom,5.221153846153846,3.5620192307692307,Orta Segment,Çapraz Satış Önerisi
14819,64,4,456.41,United Kingdom,3.1481481481481484,3.7316666666666665,Orta Segment,Çapraz Satış Önerisi
14820,21,9,1274.76,United Kingdom,11.3125,4.03015625,Sadık Müşteri,Sadakat Programı / Erken Erişim
14821,367,7,1230.15,United Kingdom,6.6521739130434785,2.965072463768116,Kaybedilme Riski (Değerli),Yüksek İndirim / Kişisel Teklif
14822,485,1,157.7,United Kingdom,10.444444444444445,2.677777777777778,Pasif/Kaybedilmiş,Geri Kazanma Kampanyası
14823,180,3,321.43,United Kingdom,1.2571428571428571,4.234714285714285,Orta Segment,Çapraz Satış Önerisi
14824,10,10,4022.91,United Kingdom,12.367088607594937,2.5401265822784813,Sadık Müşteri,Sadakat Programı / Erken Erişim
14825,4,24,4735.08,United Kingdom,9.277591973244148,2.512608695652174,Sadık Müşteri,Sadakat Programı / Erken Erişim
14826,582,2,385.2,United Kingdom,15.2,3.0450000000000004,Pasif/Kaybedilmiş,Geri Kazanma Kampanyası
14828,197,13,9839.46,United Kingdom,96.21782178217822,1.886930693069307,Kaybedilme Riski (Değerli),Yüksek İndirim / Kişisel Teklif
14829,29,7,1455.87,United Kingdom,10.516483516483516,2.3503296703296703,Sadık Müşteri,Sadakat Programı / Erken Erişim
14830,53,1,188.03,United Kingdom,4.2894736842105265,1.749736842105263,Yeni / Potansiyel Müşteri,Hoş Geldin Kampanyası
14831,680,3,1676.57,United Kingdom,10.792682926829269,3.1787804878048784,Orta Segment,Çapraz Satış Önerisi
14833,499,1,94.8,United Kingdom,8.285714285714286,2.0,Pasif/Kaybedilmiş,Geri Kazanma Kampanyası
14834,18,7,2206.16,United Kingdom,10.022988505747126,4.074252873563218,Sadık Müşteri,Sadakat Programı / Erken Erişim
14835,529,2,297.0,United Kingdom,90.0,1.65,Pasif/Kaybedilmiş,Geri Kazanma Kampanyası
14836,10,3,102.45,United Kingdom,7.5,2.7916666666666665,Orta Segment,Çapraz Satış Önerisi
14837,90,9,3460.32,United Kingdom,14.497607655502392,1.6342583732057416,Orta Segment,Çapraz Satış Önerisi
14838,423,2,769.92,United Kingdom,5.1571428571428575,3.065571428571429,Pasif/Kaybedilmiş,Geri Kazanma Kampanyası
14839,418,3,915.28,United Kingdom,12.527027027027026,2.3322972972972975,Orta Segment,Çapraz Satış Önerisi
14840,268,2,362.71,United Kingdom,8.136363636363637,2.8695454545454546,Pasif/Kaybedilmiş,Geri Kazanma Kampanyası
14841,53,14,7163.0,United Kingdom,13.88,3.159733333333333,Sadık Müşteri,Sadakat Programı / Erken Erişim
14842,44,4,2824.69,United Kingdom,8.041379310344828,5.326275862068966,Orta Segment,Çapraz Satış Önerisi
14843,437,1,211.8,United Kingdom,14.666666666666666,1.5444444444444443,Pasif/Kaybedilmiş,Geri Kazanma Kampanyası
14844,64,10,6702.43,United Kingdom,15.772563176895307,2.9053429602888086,Orta Segment,Çapraz Satış Önerisi
14845,600,1,150.0,United Kingdom,600.0,0.25,Pasif/Kaybedilmiş,Geri Kazanma Kampanyası
14846,427,1,437.4,United Kingdom,16.083333333333332,2.435,Pasif/Kaybedilmiş,Geri Kazanma Kampanyası
14847,149,3,1348.95,United Kingdom,8.596774193548388,4.1893548387096775,Orta Segment,Çapraz Satış Önerisi
14848,405,1,310.56,United Kingdom,23.636363636363637,1.3354545454545454,Pasif/Kaybedilmiş,Geri Kazanma Kampanyası
14849,22,43,15407.61,United Kingdom,16.040650406504064,2.3263956639566397,Sadık Müşteri,Sadakat Programı / Erken Erişim
14850,312,7,1770.96,United Kingdom,7.143589743589744,1.9431282051282053,Kaybedilme Riski (Değerli),Yüksek İndirim / Kişisel Teklif
14851,23,3,829.41,United Kingdom,15.023809523809524,2.1630952380952384,Orta Segment,Çapraz Satış Önerisi
14852,58,18,6132.43,United Kingdom,14.129449838187702,2.39168284789644,Sadık Müşteri,Sadakat Programı / Erken Erişim
14853,24,5,1376.87,United Kingdom,11.129032258064516,5.760967741935484,Sadık Müşteri,Sadakat Programı / Erken Erişim
14854,78,11,4303.06,United Kingdom,13.957943925233645,2.750981308411215,Orta Segment,Çapraz Satış Önerisi
14855,119,7,6520.3,United Kingdom,16.956521739130434,2.999903381642512,Orta Segment,Çapraz Satış Önerisi
14856,36,3,1290.53,United Kingdom,10.938461538461539,3.074153846153846,Orta Segment,Çapraz Satış Önerisi
14857,60,7,3651.85,United Kingdom,9.769953051643192,3.2159671361502347,Orta Segment,Çapraz Satış Önerisi
14858,506,1,180.75,United Kingdom,9.545454545454545,1.95,Pasif/Kaybedilmiş,Geri Kazanma Kampanyası
14859,13,5,1705.64,United Kingdom,13.454545454545455,3.0865151515151514,Sadık Müşteri,Sadakat Programı / Erken Erişim
14860,19,1,170.32,United Kingdom,21.09090909090909,0.9027272727272727,Yeni / Potansiyel Müşteri,Hoş Geldin Kampanyası
14861,52,10,1380.73,United Kingdom,12.511627906976743,2.2963953488372093,Sadık Müşteri,Sadakat Programı / Erken Erişim
14862,26,2,841.2,United Kingdom,16.083333333333332,2.1545833333333335,Yeni / Potansiyel Müşteri,Hoş Geldin Kampanyası
14863,29,1,266.76,United Kingdom,12.0,2.020909090909091,Yeni / Potansiyel Müşteri,Hoş Geldin Kampanyası
14865,7,4,92.52,United Kingdom,34.0,0.5750000000000001,Orta Segment,Çapraz Satış Önerisi
14866,11,17,20700.04,United Kingdom,67.81343283582089,3.03544776119403,Sadık Müşteri,Sadakat Programı / Erken Erişim
14867,186,16,2952.06,United Kingdom,7.2700729927007295,5.461605839416058,Orta Segment,Çapraz Satış Önerisi
14868,3,12,4184.01,United Kingdom,10.568720379146919,2.5816113744075833,Sadık Müşteri,Sadakat Programı / Erken Erişim
14869,9,6,2778.14,United Kingdom,8.729508196721312,2.4231147540983606,Sadık Müşteri,Sadakat Programı / Erken Erişim
14870,262,6,1838.95,United Kingdom,7.430769230769231,4.826923076923077,Kaybedilme Riski (Değerli),Yüksek İndirim / Kişisel Teklif
14871,3,9,1228.17,United Kingdom,2.2989690721649483,3.3894329896907216,Sadık Müşteri,Sadakat Programı / Erken Erişim
14872,484,3,816.6,United Kingdom,15.395348837209303,1.7832558139534884,Orta Segment,Çapraz Satış Önerisi
14873,210,2,854.13,United Kingdom,6.346938775510204,4.520204081632653,Pasif/Kaybedilmiş,Geri Kazanma Kampanyası
14874,535,1,116.18,United Kingdom,24.666666666666668,1.1966666666666668,Pasif/Kaybedilmiş,Geri Kazanma Kampanyası
14875,108,3,2862.4,United Kingdom,14.96629213483146,4.544269662921348,Orta Segment,Çapraz Satış Önerisi
14876,521,2,256.7,United Kingdom,12.461538461538462,2.4892307692307694,Pasif/Kaybedilmiş,Geri Kazanma Kampanyası
14877,418,2,425.85,United Kingdom,2.6666666666666665,3.1015873015873017,Pasif/Kaybedilmiş,Geri Kazanma Kampanyası
14878,13,25,4076.5,United Kingdom,6.547425474254743,2.6978590785907857,Sadık Müşteri,Sadakat Programı / Erken Erişim
14879,685,1,185.06,United Kingdom,3.8518518518518516,3.095925925925926,Pasif/Kaybedilmiş,Geri Kazanma Kampanyası
14880,77,3,690.59,United Kingdom,7.934782608695652,3.7769565217391308,Orta Segment,Çapraz Satış Önerisi
14881,20,1,255.4,United Kingdom,18.58823529411765,1.3729411764705883,Yeni / Potansiyel Müşteri,Hoş Geldin Kampanyası
14882,27,14,3546.65,United Kingdom,24.83076923076923,3.8781538461538463,Sadık Müşteri,Sadakat Programı / Erken Erişim
14883,19,6,761.59,United Kingdom,14.90566037735849,1.220943396226415,Sadık Müşteri,Sadakat Programı / Erken Erişim
14884,669,1,120.6,United Kingdom,9.0,1.875,Pasif/Kaybedilmiş,Geri Kazanma Kampanyası
14885,132,3,1598.12,United Kingdom,42.193548387096776,1.461290322580645,Orta Segment,Çapraz Satış Önerisi
14886,253,1,364.8,United Kingdom,8.88888888888889,3.1277777777777778,Pasif/Kaybedilmiş,Geri Kazanma Kampanyası
14887,79,1,1862.0,United Kingdom,183.33333333333334,1.6116666666666666,Orta Segment,Çapraz Satış Önerisi
14888,207,1,369.2,United Kingdom,9.2,2.21,Pasif/Kaybedilmiş,Geri Kazanma Kampanyası
14889,336,1,135.9,United Kingdom,9.0,2.2600000000000002,Pasif/Kaybedilmiş,Geri Kazanma Kampanyası
14890,254,3,817.25,United Kingdom,11.157894736842104,2.2371929824561403,Orta Segment,Çapraz Satış Önerisi
14891,148,4,1106.73,United Kingdom,12.507936507936508,2.0001587301587302,Orta Segment,Çapraz Satış Önerisi
14892,691,1,202.35,United Kingdom,6.076923076923077,3.5115384615384615,Pasif/Kaybedilmiş,Geri Kazanma Kampanyası
14893,10,3,1809.61,United Kingdom,9.877358490566039,3.115566037735849,Orta Segment,Çapraz Satış Önerisi
14894,85,3,1492.81,United Kingdom,13.108695652173912,2.9384782608695654,Orta Segment,Çapraz Satış Önerisi
14895,8,38,25119.54,United Kingdom,11.904444444444444,4.463933333333333,Sadık Müşteri,Sadakat Programı / Erken Erişim
14896,205,8,1826.0,United Kingdom,3.6798418972332017,2.660316205533597,Kaybedilme Riski (Değerli),Yüksek İndirim / Kişisel Teklif
14897,8,8,3140.54,United Kingdom,9.149606299212598,4.341968503937007,Sadık Müşteri,Sadakat Programı / Erken Erişim
14898,23,14,3365.95,United Kingdom,7.584192439862543,3.0186254295532646,Sadık Müşteri,Sadakat Programı / Erken Erişim
14899,395,1,1331.38,United Kingdom,4.4186046511627906,3.7828682170542636,Pasif/Kaybedilmiş,Geri Kazanma Kampanyası
14900,522,1,13.92,United Kingdom,48.0,0.29,Pasif/Kaybedilmiş,Geri Kazanma Kampanyası
14901,11,12,1919.0,United Kingdom,6.567164179104478,3.1276865671641794,Sadık Müşteri,Sadakat Programı / Erken Erişim
14902,26,3,1035.62,United Kingdom,12.135593220338983,2.6279661016949154,Orta Segment,Çapraz Satış Önerisi
14903,21,5,2795.33,United Kingdom,4.3742857142857146,2.7584,Sadık Müşteri,Sadakat Programı / Erken Erişim
14904,2,4,1630.49,United Kingdom,17.886524822695037,1.1800709219858156,Orta Segment,Çapraz Satış Önerisi
14905,158,8,1971.39,United Kingdom,12.935897435897436,2.401794871794872,Orta Segment,Çapraz Satış Önerisi
14907,3,16,5547.72,United Kingdom,9.638059701492537,3.624813432835821,Sadık Müşteri,Sadakat Programı / Erken Erişim
14908,74,2,381.9,United Kingdom,13.0,3.353571428571428,Orta Segment,Çapraz Satış Önerisi
14909,437,3,1404.68,United Kingdom,11.1,2.862125,Orta Segment,Çapraz Satış Önerisi
14910,3,4,434.35,United Kingdom,7.933333333333334,2.884333333333333,Orta Segment,Çapraz Satış Önerisi
14911,1,375,279477.79,EIRE,13.38420481273747,4.065734575719197,Sadık Müşteri,Sadakat Programı / Erken Erişim
14912,17,5,1849.58,Italy,29.322580645161292,2.242903225806452,Sadık Müşteri,Sadakat Programı / Erken Erişim
14913,36,8,4073.13,United Kingdom,16.012145748987855,1.858421052631579,Sadık Müşteri,Sadakat Programı / Erken Erişim
14915,91,11,1811.25,United Kingdom,7.855555555555555,3.741444444444445,Orta Segment,Çapraz Satış Önerisi
14916,71,8,3042.95,United Kingdom,18.02238805970149,2.0136567164179104,Orta Segment,Çapraz Satış Önerisi
14917,597,2,1123.75,United Kingdom,30.724137931034484,2.2327586206896552,Pasif/Kaybedilmiş,Geri Kazanma Kampanyası
14918,116,9,5955.81,United Kingdom,18.092198581560282,3.9658865248226953,Orta Segment,Çapraz Satış Önerisi
14919,539,1,359.35,United Kingdom,9.923076923076923,3.2192307692307693,Pasif/Kaybedilmiş,Geri Kazanma Kampanyası
14920,213,3,1607.17,United Kingdom,9.1340206185567,3.5356701030927833,Orta Segment,Çapraz Satış Önerisi
14921,30,2,1316.07,United Kingdom,12.217948717948717,1.975128205128205,Yeni / Potansiyel Müşteri,Hoş Geldin Kampanyası
14922,394,2,843.74,United Kingdom,7.52,3.9884000000000004,Pasif/Kaybedilmiş,Geri Kazanma Kampanyası
14923,51,1,749.1,United Kingdom,9.5,3.445681818181818,Yeni / Potansiyel Müşteri,Hoş Geldin Kampanyası
14924,246,3,931.01,United Kingdom,10.064516129032258,9.945483870967742,Orta Segment,Çapraz Satış Önerisi
14926,382,2,359.4,United Kingdom,68.0,3.216666666666667,Pasif/Kaybedilmiş,Geri Kazanma Kampanyası
14927,397,1,308.2,United Kingdom,9.8,2.33,Pasif/Kaybedilmiş,Geri Kazanma Kampanyası
14928,628,1,223.91,United Kingdom,12.761904761904763,1.3942857142857144,Pasif/Kaybedilmiş,Geri Kazanma Kampanyası
14929,32,2,836.69,United Kingdom,14.323529411764707,2.176470588235294,Yeni / Potansiyel Müşteri,Hoş Geldin Kampanyası
14930,109,6,5236.73,Channel Islands,7.888489208633094,4.7215107913669065,Orta Segment,Çapraz Satış Önerisi
14931,5,4,964.68,Channel Islands,10.4,5.1265,Orta Segment,Çapraz Satış Önerisi
14932,366,2,666.13,Channel Islands,8.03125,7.7934375,Pasif/Kaybedilmiş,Geri Kazanma Kampanyası
14933,444,4,1770.0,Channel Islands,150.0,2.95,Orta Segment,Çapraz Satış Önerisi
14934,82,5,3503.5,Channel Islands,11.35135135135135,3.605945945945946,Orta Segment,Çapraz Satış Önerisi
14935,297,2,2849.83,Channel Islands,74.26923076923077,1.6923076923076923,Pasif/Kaybedilmiş,Geri Kazanma Kampanyası
14936,34,12,12410.81,Channel Islands,11.905123339658443,3.87292220113852,Sadık Müşteri,Sadakat Programı / Erken Erişim
14937,57,3,1621.88,Channel Islands,14.235294117647058,3.4,Orta Segment,Çapraz Satış Önerisi
14938,562,2,2322.43,Channel Islands,19.281690140845072,2.998169014084507,Pasif/Kaybedilmiş,Geri Kazanma Kampanyası
14940,418,2,531.49,United Kingdom,12.0,1.6421875,Pasif/Kaybedilmiş,Geri Kazanma Kampanyası
14941,579,1,182.1,United Kingdom,11.428571428571429,2.3428571428571425,Pasif/Kaybedilmiş,Geri Kazanma Kampanyası
14942,402,4,746.56,United Kingdom,18.63157894736842,2.4968421052631578,Orta Segment,Çapraz Satış Önerisi
14943,663,1,107.62,United Kingdom,9.2,3.184,Pasif/Kaybedilmiş,Geri Kazanma Kampanyası
14944,30,19,9784.67,United Kingdom,16.05280528052805,3.3507260726072605,Sadık Müşteri,Sadakat Programı / Erken Erişim
14945,414,1,179.4,United Kingdom,14.181818181818182,1.55,Pasif/Kaybedilmiş,Geri Kazanma Kampanyası
14946,14,1,100.9,United Kingdom,7.333333333333333,4.683333333333334,Yeni / Potansiyel Müşteri,Hoş Geldin Kampanyası
14947,72,6,1049.79,United Kingdom,7.703703703703703,5.136481481481481,Orta Segment,Çapraz Satış Önerisi
14948,23,6,1101.97,United Kingdom,10.682539682539682,2.8057142857142856,Sadık Müşteri,Sadakat Programı / Erken Erişim
14949,469,4,515.0,United Kingdom,9.25925925925926,2.8537037037037036,Orta Segment,Çapraz Satış Önerisi
14950,19,1,371.2,United Kingdom,7.157894736842105,5.193157894736842,Yeni / Potansiyel Müşteri,Hoş Geldin Kampanyası
14951,79,1,311.69,United Kingdom,15.55,1.895,Orta Segment,Çapraz Satış Önerisi
14952,60,32,17629.35,United Kingdom,22.72638436482085,3.653387622149837,Orta Segment,Çapraz Satış Önerisi
14953,25,4,968.82,United Kingdom,4.147540983606557,2.013032786885246,Orta Segment,Çapraz Satış Önerisi
14954,12,2,462.12,United Kingdom,1.771186440677966,2.9758474576271183,Yeni / Potansiyel Müşteri,Hoş Geldin Kampanyası
14955,733,1,163.77,United Kingdom,2.3870967741935485,2.626451612903226,Pasif/Kaybedilmiş,Geri Kazanma Kampanyası
14956,421,1,1325.0,United Kingdom,625.0,0.53,Pasif/Kaybedilmiş,Geri Kazanma Kampanyası
14957,253,2,261.69,United Kingdom,3.4642857142857144,2.431785714285714,Pasif/Kaybedilmiş,Geri Kazanma Kampanyası
14958,147,6,941.99,United Kingdom,3.492957746478873,5.532676056338028,Orta Segment,Çapraz Satış Önerisi
14959,64,4,695.42,United Kingdom,8.372881355932204,1.46,Orta Segment,Çapraz Satış Önerisi
14960,8,2,221.27,United Kingdom,8.185185185185185,1.8037037037037038,Yeni / Potansiyel Müşteri,Hoş Geldin Kampanyası
14961,11,22,16410.15,United Kingdom,12.495522388059701,2.9401492537313434,Sadık Müşteri,Sadakat Programı / Erken Erişim
14962,271,4,366.91,United Kingdom,8.785714285714286,5.113571428571428,Orta Segment,Çapraz Satış Önerisi
14963,10,12,3123.57,United Kingdom,4.804621848739496,2.234348739495798,Sadık Müşteri,Sadakat Programı / Erken Erişim
14964,247,1,206.21,United Kingdom,11.0,3.4046153846153846,Pasif/Kaybedilmiş,Geri Kazanma Kampanyası
14965,96,2,596.09,United Kingdom,4.481481481481482,2.390740740740741,Orta Segment,Çapraz Satış Önerisi
14966,15,6,1064.26,United Kingdom,7.0198675496688745,2.322913907284768,Sadık Müşteri,Sadakat Programı / Erken Erişim
14967,50,6,1982.61,United Kingdom,22.482758620689655,3.37551724137931,Sadık Müşteri,Sadakat Programı / Erken Erişim
14968,30,2,497.49,United Kingdom,3.0843373493975905,3.3473493975903614,Yeni / Potansiyel Müşteri,Hoş Geldin Kampanyası
14969,704,1,906.23,United Kingdom,51.15384615384615,3.2392307692307694,Pasif/Kaybedilmiş,Geri Kazanma Kampanyası
14970,68,12,4919.35,United Kingdom,8.690265486725664,4.74362831858407,Orta Segment,Çapraz Satış Önerisi
14971,35,3,1097.98,United Kingdom,4.122580645161291,3.082193548387097,Orta Segment,Çapraz Satış Önerisi
14972,128,2,145.07,United Kingdom,2.0,4.705,Orta Segment,Çapraz Satış Önerisi
14973,107,3,1314.45,United Kingdom,11.53125,21.259687500000002,Orta Segment,Çapraz Satış Önerisi
14974,37,1,89.94,United Kingdom,2.176470588235294,3.135882352941177,Yeni / Potansiyel Müşteri,Hoş Geldin Kampanyası
14975,57,2,472.39,United Kingdom,19.5,1.8065384615384614,Yeni / Potansiyel Müşteri,Hoş Geldin Kampanyası
14976,57,6,774.86,United Kingdom,3.3142857142857145,3.8398571428571433,Sadık Müşteri,Sadakat Programı / Erken Erişim
14977,726,1,31.93,United Kingdom,4.25,2.46,Pasif/Kaybedilmiş,Geri Kazanma Kampanyası
14978,72,10,3112.19,United Kingdom,2.537931034482759,5.223034482758621,Orta Segment,Çapraz Satış Önerisi
14979,735,1,429.66,United Kingdom,4.26530612244898,3.037755102040816,Pasif/Kaybedilmiş,Geri Kazanma Kampanyası
14980,737,1,150.68,United Kingdom,3.2916666666666665,3.4875000000000003,Pasif/Kaybedilmiş,Geri Kazanma Kampanyası
14981,246,2,372.92,United Kingdom,10.954545454545455,1.8536363636363637,Pasif/Kaybedilmiş,Geri Kazanma Kampanyası
14982,572,1,234.88,United Kingdom,3.236842105263158,2.533684210526316,Pasif/Kaybedilmiş,Geri Kazanma Kampanyası
14983,689,1,183.2,United Kingdom,3.0,2.57,Pasif/Kaybedilmiş,Geri Kazanma Kampanyası
14984,19,6,1260.51,United Kingdom,6.444444444444445,4.4655555555555555,Sadık Müşteri,Sadakat Programı / Erken Erişim
14985,198,2,292.01,United Kingdom,3.0843373493975905,1.943132530120482,Pasif/Kaybedilmiş,Geri Kazanma Kampanyası
14986,376,2,563.1,United Kingdom,3.4489795918367347,2.3331632653061227,Pasif/Kaybedilmiş,Geri Kazanma Kampanyası
14987,16,8,1550.65,United Kingdom,40.46666666666667,3.163333333333333,Sadık Müşteri,Sadakat Programı / Erken Erişim
14988,212,7,2038.65,United Kingdom,5.361702127659575,2.1891914893617024,Kaybedilme Riski (Değerli),Yüksek İndirim / Kişisel Teklif
14989,662,1,342.4,United Kingdom,11.11111111111111,3.0944444444444446,Pasif/Kaybedilmiş,Geri Kazanma Kampanyası
14990,612,2,304.17,United Kingdom,3.0714285714285716,2.347857142857143,Pasif/Kaybedilmiş,Geri Kazanma Kampanyası
14991,430,1,314.67,United Kingdom,9.095238095238095,4.062380952380953,Pasif/Kaybedilmiş,Geri Kazanma Kampanyası
14992,442,1,210.5,United Kingdom,5.37037037037037,1.8829629629629627,Pasif/Kaybedilmiş,Geri Kazanma Kampanyası
14993,564,1,36.13,United Kingdom,2.1,1.714,Pasif/Kaybedilmiş,Geri Kazanma Kampanyası
14994,382,5,942.77,United Kingdom,1.8866666666666667,2.1856666666666666,Orta Segment,Çapraz Satış Önerisi
14995,39,2,231.98,United Kingdom,1.7,2.6255,Yeni / Potansiyel Müşteri,Hoş Geldin Kampanyası
14996,481,2,442.29,United Kingdom,9.853658536585366,2.2653658536585364,Pasif/Kaybedilmiş,Geri Kazanma Kampanyası
14997,46,4,776.6,United Kingdom,37.05263157894737,0.7171052631578947,Orta Segment,Çapraz Satış Önerisi
14998,170,4,753.18,United Kingdom,2.816,3.46608,Orta Segment,Çapraz Satış Önerisi
14999,593,1,129.48,United Kingdom,9.777777777777779,3.2355555555555555,Pasif/Kaybedilmiş,Geri Kazanma Kampanyası
15000,48,1,490.52,United Kingdom,2.831168831168831,2.8345454545454545,Yeni / Potansiyel Müşteri,Hoş Geldin Kampanyası
15001,394,2,197.11,United Kingdom,1.5333333333333334,3.8322222222222218,Pasif/Kaybedilmiş,Geri Kazanma Kampanyası
15002,116,9,4138.08,United Kingdom,6.56973293768546,2.6849851632047477,Orta Segment,Çapraz Satış Önerisi
15003,473,6,1027.03,United Kingdom,1.5957446808510638,2.2212462006079026,Orta Segment,Çapraz Satış Önerisi
15004,147,1,1220.38,United Kingdom,4.065359477124183,3.1060784313725494,Orta Segment,Çapraz Satış Önerisi
15005,16,56,13752.58,United Kingdom,3.631446540880503,2.4460754716981135,Sadık Müşteri,Sadakat Programı / Erken Erişim
15006,51,2,752.83,United Kingdom,2.132596685082873,2.502817679558011,Yeni / Potansiyel Müşteri,Hoş Geldin Kampanyası
15007,159,1,156.91,United Kingdom,5.75,3.160833333333333,Orta Segment,Çapraz Satış Önerisi
15008,480,2,360.0,United Kingdom,125.0,0.3,Pasif/Kaybedilmiş,Geri Kazanma Kampanyası
15009,12,3,1259.43,United Kingdom,3.55,2.4771666666666667,Orta Segment,Çapraz Satış Önerisi
15010,36,1,308.94,United Kingdom,9.2,3.1685000000000003,Yeni / Potansiyel Müşteri,Hoş Geldin Kampanyası
15011,396,2,416.6,United Kingdom,14.45,2.0785,Pasif/Kaybedilmiş,Geri Kazanma Kampanyası
15012,54,3,646.26,United Kingdom,2.005235602094241,2.65848167539267,Orta Segment,Çapraz Satış Önerisi
15013,488,10,1610.82,United Kingdom,5.044117647058823,1.6033823529411764,Kaybedilme Riski (Değerli),Yüksek İndirim / Kişisel Teklif
15014,43,2,257.67,United Kingdom,4.515151515151516,1.7624242424242424,Yeni / Potansiyel Müşteri,Hoş Geldin Kampanyası
15015,501,13,2344.47,United Kingdom,5.320819112627986,2.1255631399317405,Kaybedilme Riski (Değerli),Yüksek İndirim / Kişisel Teklif
15016,173,5,620.89,United Kingdom,2.3142857142857145,3.3062857142857145,Orta Segment,Çapraz Satış Önerisi
15017,34,1,125.58,United Kingdom,3.15,3.2625,Yeni / Potansiyel Müşteri,Hoş Geldin Kampanyası
15018,39,3,496.21,United Kingdom,6.096774193548387,6.507419354838709,Orta Segment,Çapraz Satış Önerisi
15019,267,1,252.81,United Kingdom,2.272727272727273,2.1930303030303033,Pasif/Kaybedilmiş,Geri Kazanma Kampanyası
15020,379,1,198.47,United Kingdom,4.111111111111111,3.1281481481481483,Pasif/Kaybedilmiş,Geri Kazanma Kampanyası
15021,9,12,2500.59,United Kingdom,1.7319422150882826,2.674526484751204,Sadık Müşteri,Sadakat Programı / Erken Erişim
15022,12,5,1133.44,United Kingdom,4.571428571428571,2.891,Sadık Müşteri,Sadakat Programı / Erken Erişim
15023,3,20,11555.5,United Kingdom,4.9717277486911,3.9407329842931937,Sadık Müşteri,Sadakat Programı / Erken Erişim
15024,10,16,3559.39,United Kingdom,6.0125,2.7333749999999997,Sadık Müşteri,Sadakat Programı / Erken Erişim
15025,33,2,971.84,United Kingdom,3.63768115942029,3.0014492753623188,Yeni / Potansiyel Müşteri,Hoş Geldin Kampanyası
15026,80,5,1044.09,United Kingdom,4.343065693430657,2.162335766423358,Orta Segment,Çapraz Satış Önerisi
15027,31,10,3195.6,United Kingdom,30.571428571428573,3.731868131868132,Sadık Müşteri,Sadakat Programı / Erken Erişim
15028,8,6,962.94,United Kingdom,6.598039215686274,2.316372549019608,Sadık Müşteri,Sadakat Programı / Erken Erişim
15029,620,1,365.1,United Kingdom,23.4,2.722,Pasif/Kaybedilmiş,Geri Kazanma Kampanyası
15030,72,8,1979.91,United Kingdom,37.121212121212125,3.5693939393939393,Orta Segment,Çapraz Satış Önerisi
15031,4,14,3102.94,United Kingdom,3.989873417721519,2.8378734177215192,Sadık Müşteri,Sadakat Programı / Erken Erişim
15032,256,8,11010.05,United Kingdom,69.48421052631579,2.0226315789473683,Kaybedilme Riski (Değerli),Yüksek İndirim / Kişisel Teklif
15033,5,10,2553.88,United Kingdom,3.34,2.10004,Sadık Müşteri,Sadakat Programı / Erken Erişim
15034,16,14,8231.2,United Kingdom,6.3138297872340425,3.038311170212766,Sadık Müşteri,Sadakat Programı / Erken Erişim
15035,90,1,252.73,United Kingdom,9.074074074074074,2.1285185185185185,Orta Segment,Çapraz Satış Önerisi
15036,72,3,429.56,United Kingdom,2.6554621848739495,2.0629411764705883,Orta Segment,Çapraz Satış Önerisi
15037,376,2,397.76,United Kingdom,6.622222222222222,2.2706666666666666,Pasif/Kaybedilmiş,Geri Kazanma Kampanyası
15038,59,9,1146.53,United Kingdom,1.6212765957446809,3.7106382978723405,Sadık Müşteri,Sadakat Programı / Erken Erişim
15039,10,93,39141.48,United Kingdom,6.597402597402597,3.246857142857143,Sadık Müşteri,Sadakat Programı / Erken Erişim
15040,542,1,7.49,United Kingdom,1.0,7.49,Pasif/Kaybedilmiş,Geri Kazanma Kampanyası
15041,170,2,288.98,United Kingdom,1.8640776699029127,1.807378640776699,Orta Segment,Çapraz Satış Önerisi
15042,199,2,315.45,United Kingdom,26.444444444444443,3.4322222222222223,Pasif/Kaybedilmiş,Geri Kazanma Kampanyası
15043,31,6,2855.32,United Kingdom,20.14,3.4056,Sadık Müşteri,Sadakat Programı / Erken Erişim
15044,19,32,15769.01,United Kingdom,5.871076233183857,4.5042264573991035,Sadık Müşteri,Sadakat Programı / Erken Erişim
15045,152,2,735.66,United Kingdom,9.5,6.9191666666666665,Orta Segment,Çapraz Satış Önerisi
15046,9,25,7604.84,United Kingdom,11.664122137404581,3.0197201017811706,Sadık Müşteri,Sadakat Programı / Erken Erişim
15047,270,1,343.62,United Kingdom,10.090909090909092,2.27,Pasif/Kaybedilmiş,Geri Kazanma Kampanyası
15048,65,4,381.0,United Kingdom,2.0425531914893615,2.582340425531915,Orta Segment,Çapraz Satış Önerisi
15049,274,1,121.17,United Kingdom,21.0,1.83,Pasif/Kaybedilmiş,Geri Kazanma Kampanyası
15050,25,5,4087.19,United Kingdom,17.449664429530202,2.5168456375838923,Sadık Müşteri,Sadakat Programı / Erken Erişim
15051,23,9,3926.91,United Kingdom,10.560553633217992,2.4082006920415227,Sadık Müşteri,Sadakat Programı / Erken Erişim
15052,319,1,207.73,United Kingdom,2.8214285714285716,3.565714285714286,Pasif/Kaybedilmiş,Geri Kazanma Kampanyası
15053,5,3,693.95,United Kingdom,14.26086956521739,1.5671014492753623,Orta Segment,Çapraz Satış Önerisi
15054,12,2,302.1,United Kingdom,1.736842105263158,1.7128070175438597,Yeni / Potansiyel Müşteri,Hoş Geldin Kampanyası
15055,475,3,549.12,United Kingdom,2.7777777777777777,3.1872839506172843,Orta Segment,Çapraz Satış Önerisi
15056,520,1,113.65,United Kingdom,11.5,3.4333333333333336,Pasif/Kaybedilmiş,Geri Kazanma Kampanyası
15057,275,5,3255.96,United Kingdom,19.914285714285715,3.338142857142857,Kaybedilme Riski (Değerli),Yüksek İndirim / Kişisel Teklif
15058,25,16,3387.58,United Kingdom,4.740634005763689,2.9421325648414984,Sadık Müşteri,Sadakat Programı / Erken Erişim
15059,41,19,3490.4,United Kingdom,2.7159863945578233,3.0971768707482994,Sadık Müşteri,Sadakat Programı / Erken Erişim
15060,8,4,293.0,United Kingdom,2.245614035087719,1.7459649122807017,Orta Segment,Çapraz Satış Önerisi
15061,4,127,126387.57,United Kingdom,82.8082497212932,2.4131772575250836,Sadık Müşteri,Sadakat Programı / Erken Erişim
15062,71,8,2585.62,United Kingdom,11.773584905660377,2.5677358490566036,Orta Segment,Çapraz Satış Önerisi
15063,213,1,370.8,United Kingdom,11.2,8.57,Pasif/Kaybedilmiş,Geri Kazanma Kampanyası
15064,410,4,1254.41,United Kingdom,10.0,3.950617283950617,Orta Segment,Çapraz Satış Önerisi
15065,38,5,3326.86,United Kingdom,8.710843373493976,5.066626506024096,Sadık Müşteri,Sadakat Programı / Erken Erişim
15066,53,1,893.59,United Kingdom,7.5476190476190474,4.46047619047619,Yeni / Potansiyel Müşteri,Hoş Geldin Kampanyası
15067,78,5,3862.88,United Kingdom,12.152542372881356,3.950056497175141,Orta Segment,Çapraz Satış Önerisi
15068,46,4,1174.9,United Kingdom,3.81651376146789,2.3306422018348623,Orta Segment,Çapraz Satış Önerisi
15069,179,1,1109.53,United Kingdom,7.428571428571429,4.523428571428571,Orta Segment,Çapraz Satış Önerisi
15070,373,3,737.05,United Kingdom,10.59375,3.6171875,Orta Segment,Çapraz Satış Önerisi
15071,94,4,1455.56,United Kingdom,7.703703703703703,4.694074074074074,Orta Segment,Çapraz Satış Önerisi
15072,479,1,187.52,United Kingdom,12.615384615384615,1.4115384615384616,Pasif/Kaybedilmiş,Geri Kazanma Kampanyası
15073,10,8,2788.02,United Kingdom,8.867924528301886,3.6269182389937105,Sadık Müşteri,Sadakat Programı / Erken Erişim
15074,105,3,1553.13,United Kingdom,14.430555555555555,1.99875,Orta Segment,Çapraz Satış Önerisi
15075,78,1,773.03,United Kingdom,16.555555555555557,3.312962962962963,Orta Segment,Çapraz Satış Önerisi
15076,173,3,1447.74,United Kingdom,10.825,3.3277500000000004,Orta Segment,Çapraz Satış Önerisi
15077,495,2,2428.08,United Kingdom,16.5,5.1396875,Pasif/Kaybedilmiş,Geri Kazanma Kampanyası
15078,7,52,17276.73,United Kingdom,11.397402597402598,2.6725974025974026,Sadık Müşteri,Sadakat Programı / Erken Erişim
15079,213,11,3625.4,United Kingdom,10.347517730496454,4.094893617021277,Kaybedilme Riski (Değerli),Yüksek İndirim / Kişisel Teklif
15080,428,2,546.25,United Kingdom,9.258064516129032,2.388709677419355,Pasif/Kaybedilmiş,Geri Kazanma Kampanyası
15081,22,12,1854.57,United Kingdom,7.415841584158416,4.690396039603961,Sadık Müşteri,Sadakat Programı / Erken Erişim
15082,669,1,93.35,United Kingdom,7.166666666666667,2.2416666666666667,Pasif/Kaybedilmiş,Geri Kazanma Kampanyası
15083,257,1,88.2,United Kingdom,7.6,6.67,Pasif/Kaybedilmiş,Geri Kazanma Kampanyası
15084,380,2,965.2,United Kingdom,19.35483870967742,5.959354838709677,Pasif/Kaybedilmiş,Geri Kazanma Kampanyası
15085,730,1,347.54,United Kingdom,18.77777777777778,2.3233333333333333,Pasif/Kaybedilmiş,Geri Kazanma Kampanyası
15086,565,2,218.53,United Kingdom,8.636363636363637,2.8854545454545457,Pasif/Kaybedilmiş,Geri Kazanma Kampanyası
15087,282,1,306.94,United Kingdom,31.333333333333332,2.036,Pasif/Kaybedilmiş,Geri Kazanma Kampanyası
15088,21,2,1160.07,United Kingdom,8.070175438596491,5.27,Yeni / Potansiyel Müşteri,Hoş Geldin Kampanyası
15089,10,6,2420.84,United Kingdom,9.372413793103448,3.3199310344827584,Sadık Müşteri,Sadakat Programı / Erken Erişim
15090,308,1,381.32,United Kingdom,9.043478260869565,3.5617391304347827,Pasif/Kaybedilmiş,Geri Kazanma Kampanyası
15091,68,3,1046.61,United Kingdom,10.210526315789474,2.5370175438596494,Orta Segment,Çapraz Satış Önerisi
15092,215,3,776.46,United Kingdom,5.111111111111111,5.317333333333333,Orta Segment,Çapraz Satış Önerisi
15093,18,23,13702.38,United Kingdom,34.107594936708864,2.509335443037975,Sadık Müşteri,Sadakat Programı / Erken Erişim
15094,463,2,83.0,United Kingdom,5.6,3.05,Pasif/Kaybedilmiş,Geri Kazanma Kampanyası
15095,104,10,3141.64,United Kingdom,18.008064516129032,2.5404032258064517,Orta Segment,Çapraz Satış Önerisi
15096,43,1,219.39,United Kingdom,10.909090909090908,3.1118181818181814,Yeni / Potansiyel Müşteri,Hoş Geldin Kampanyası
15097,4,3,908.35,United Kingdom,6.424242424242424,3.12,Orta Segment,Çapraz Satış Önerisi
15098,182,3,39916.5,United Kingdom,40.333333333333336,434.65000000000003,Orta Segment,Çapraz Satış Önerisi
15099,84,1,410.48,United Kingdom,14.91304347826087,2.073478260869565,Orta Segment,Çapraz Satış Önerisi
15100,334,7,2193.9,United Kingdom,16.875,6.1125,Kaybedilme Riski (Değerli),Yüksek İndirim / Kişisel Teklif
15101,9,6,1477.94,United Kingdom,11.655172413793103,4.2332758620689654,Sadık Müşteri,Sadakat Programı / Erken Erişim
15102,531,2,554.67,United Kingdom,12.555555555555555,3.2955555555555556,Pasif/Kaybedilmiş,Geri Kazanma Kampanyası
15103,31,2,703.36,United Kingdom,9.4,5.646857142857144,Yeni / Potansiyel Müşteri,Hoş Geldin Kampanyası
15104,197,2,993.54,United Kingdom,9.477611940298507,5.081940298507463,Pasif/Kaybedilmiş,Geri Kazanma Kampanyası
15105,18,9,3094.91,United Kingdom,11.56953642384106,2.490529801324503,Sadık Müşteri,Sadakat Programı / Erken Erişim
15106,18,5,1422.52,United Kingdom,11.81,2.4882,Sadık Müşteri,Sadakat Programı / Erken Erişim
15107,311,9,824.35,United Kingdom,7.857142857142857,5.807142857142857,Orta Segment,Çapraz Satış Önerisi
15108,142,3,1159.25,European Community,8.596491228070175,4.242105263157895,Orta Segment,Çapraz Satış Önerisi
15109,246,3,983.1,United Kingdom,5.375,5.433333333333334,Orta Segment,Çapraz Satış Önerisi
15110,24,6,1505.85,United Kingdom,6.3584905660377355,7.4547169811320755,Sadık Müşteri,Sadakat Programı / Erken Erişim
15111,29,5,2442.37,United Kingdom,7.837037037037037,3.922814814814815,Sadık Müşteri,Sadakat Programı / Erken Erişim
15112,611,1,209.4,United Kingdom,10.285714285714286,4.357142857142857,Pasif/Kaybedilmiş,Geri Kazanma Kampanyası
15113,10,3,3509.04,United Kingdom,24.40625,2.115625,Orta Segment,Çapraz Satış Önerisi
15114,30,12,3400.12,United Kingdom,15.29004329004329,1.8087012987012987,Sadık Müşteri,Sadakat Programı / Erken Erişim
15115,18,2,531.85,United Kingdom,7.0,3.3777142857142857,Yeni / Potansiyel Müşteri,Hoş Geldin Kampanyası
15116,18,4,1352.75,United Kingdom,14.4,2.7622222222222224,Orta Segment,Çapraz Satış Önerisi
15117,15,8,2485.97,United Kingdom,23.610687022900763,2.071145038167939,Sadık Müşteri,Sadakat Programı / Erken Erişim
15118,134,1,244.8,United Kingdom,1440.0,0.17,Orta Segment,Çapraz Satış Önerisi
15119,246,1,266.4,United Kingdom,6.285714285714286,7.728571428571429,Pasif/Kaybedilmiş,Geri Kazanma Kampanyası
15120,134,1,358.82,United Kingdom,14.095238095238095,4.91952380952381,Orta Segment,Çapraz Satış Önerisi
15121,50,2,457.72,United Kingdom,7.107142857142857,4.226785714285714,Yeni / Potansiyel Müşteri,Hoş Geldin Kampanyası
15122,114,11,4487.27,United Kingdom,8.955947136563877,3.5515418502202647,Orta Segment,Çapraz Satış Önerisi
15123,7,5,4656.17,United Kingdom,13.792349726775956,3.0031147540983603,Sadık Müşteri,Sadakat Programı / Erken Erişim
15124,23,4,450.82,United Kingdom,14.903225806451612,3.1470967741935483,Orta Segment,Çapraz Satış Önerisi
15125,25,24,17024.87,United Kingdom,35.1375,3.93475,Sadık Müşteri,Sadakat Programı / Erken Erişim
15126,537,2,449.49,United Kingdom,10.92,2.8027999999999995,Pasif/Kaybedilmiş,Geri Kazanma Kampanyası
15127,66,2,711.5,United Kingdom,16.571428571428573,3.0675,Orta Segment,Çapraz Satış Önerisi
15128,60,5,1783.68,United Kingdom,12.869918699186991,2.121138211382114,Orta Segment,Çapraz Satış Önerisi
15129,50,23,6860.18,United Kingdom,19.333333333333332,2.4565217391304346,Sadık Müşteri,Sadakat Programı / Erken Erişim
15130,170,1,330.11,United Kingdom,8.954545454545455,2.42,Orta Segment,Çapraz Satış Önerisi
15131,395,1,80.28,United Kingdom,12.571428571428571,2.08,Pasif/Kaybedilmiş,Geri Kazanma Kampanyası
15132,18,5,977.93,United Kingdom,13.057692307692308,2.062692307692308,Sadık Müşteri,Sadakat Programı / Erken Erişim
15133,128,5,1806.9,United Kingdom,19.591836734693878,2.615102040816326,Orta Segment,Çapraz Satış Önerisi
15134,15,10,1596.29,United Kingdom,12.435294117647059,2.219529411764706,Sadık Müşteri,Sadakat Programı / Erken Erişim
15135,239,2,305.68,United Kingdom,4.2,4.882,Pasif/Kaybedilmiş,Geri Kazanma Kampanyası
15136,3,4,1286.7,United Kingdom,11.411764705882353,2.0561764705882353,Orta Segment,Çapraz Satış Önerisi
15137,521,2,823.4,United Kingdom,17.529411764705884,2.1173529411764704,Pasif/Kaybedilmiş,Geri Kazanma Kampanyası
15138,394,1,502.52,United Kingdom,9.67741935483871,4.388709677419355,Pasif/Kaybedilmiş,Geri Kazanma Kampanyası
15139,240,2,178.96,United Kingdom,16.0,1.3546153846153846,Pasif/Kaybedilmiş,Geri Kazanma Kampanyası
15140,52,8,3243.69,United Kingdom,17.946428571428573,2.5646428571428572,Sadık Müşteri,Sadakat Programı / Erken Erişim
15141,458,7,1388.47,United Kingdom,14.9625,1.8842500000000002,Kaybedilme Riski (Değerli),Yüksek İndirim / Kişisel Teklif
15142,46,6,2619.92,United Kingdom,15.17605633802817,2.062676056338028,Sadık Müşteri,Sadakat Programı / Erken Erişim
15143,226,2,563.63,United Kingdom,10.32258064516129,3.036774193548387,Pasif/Kaybedilmiş,Geri Kazanma Kampanyası
15144,8,29,12160.31,United Kingdom,15.045845272206304,3.1220343839541544,Sadık Müşteri,Sadakat Programı / Erken Erişim
15145,4,4,1194.73,United Kingdom,11.283582089552239,3.413731343283582,Orta Segment,Çapraz Satış Önerisi
15146,165,2,1327.16,United Kingdom,16.186813186813186,1.5287912087912088,Orta Segment,Çapraz Satış Önerisi
15147,240,1,623.5,United Kingdom,13.071428571428571,2.9839285714285713,Pasif/Kaybedilmiş,Geri Kazanma Kampanyası
15148,11,1,301.29,United Kingdom,9.35,2.5355,Yeni / Potansiyel Müşteri,Hoş Geldin Kampanyası
15149,134,4,1524.61,United Kingdom,5.573529411764706,7.0775,Orta Segment,Çapraz Satış Önerisi
15150,17,13,8977.94,United Kingdom,10.762652705061083,2.833368237347295,Sadık Müşteri,Sadakat Programı / Erken Erişim
15151,423,2,2085.61,United Kingdom,13.947368421052632,13.795438596491229,Pasif/Kaybedilmiş,Geri Kazanma Kampanyası
15152,10,14,5263.83,United Kingdom,9.98,3.3282000000000003,Sadık Müşteri,Sadakat Programı / Erken Erişim
15153,31,1,329.25,United Kingdom,9.0,4.66590909090909,Yeni / Potansiyel Müşteri,Hoş Geldin Kampanyası
15154,75,3,1343.72,United Kingdom,1.9248554913294798,3.8665317919075144,Orta Segment,Çapraz Satış Önerisi
15155,383,1,383.97,United Kingdom,8.0,3.9129166666666664,Pasif/Kaybedilmiş,Geri Kazanma Kampanyası
15156,1,3,961.49,United Kingdom,10.854545454545455,2.841090909090909,Orta Segment,Çapraz Satış Önerisi
15157,4,5,2654.11,United Kingdom,22.80263157894737,1.763157894736842,Sadık Müşteri,Sadakat Programı / Erken Erişim
15158,45,2,606.02,United Kingdom,19.90909090909091,17.71090909090909,Yeni / Potansiyel Müşteri,Hoş Geldin Kampanyası
15159,2,34,22116.73,United Kingdom,16.68148148148148,2.794814814814815,Sadık Müşteri,Sadakat Programı / Erken Erişim
15160,357,4,589.27,United Kingdom,13.347826086956522,2.5569565217391306,Orta Segment,Çapraz Satış Önerisi
15161,388,1,119.92,United Kingdom,4.363636363636363,1.871212121212121,Pasif/Kaybedilmiş,Geri Kazanma Kampanyası
15162,731,1,312.9,United Kingdom,6.166666666666667,4.633333333333334,Pasif/Kaybedilmiş,Geri Kazanma Kampanyası
15163,18,2,304.47,United Kingdom,6.413793103448276,2.437241379310345,Yeni / Potansiyel Müşteri,Hoş Geldin Kampanyası
15164,69,9,2028.11,United Kingdom,2.590909090909091,2.7175284090909093,Orta Segment,Çapraz Satış Önerisi
15165,373,1,487.75,United Kingdom,5.925925925925926,4.987037037037037,Pasif/Kaybedilmiş,Geri Kazanma Kampanyası
15166,468,1,167.16,United Kingdom,11.666666666666666,2.47,Pasif/Kaybedilmiş,Geri Kazanma Kampanyası
15167,321,5,1627.62,United Kingdom,2.838815789473684,3.2087171052631582,Kaybedilme Riski (Değerli),Yüksek İndirim / Kişisel Teklif
15168,26,1,106.56,United Kingdom,10.4,3.338,Yeni / Potansiyel Müşteri,Hoş Geldin Kampanyası
15169,382,2,569.22,United Kingdom,6.033898305084746,2.35,Pasif/Kaybedilmiş,Geri Kazanma Kampanyası
15170,407,1,81.15,United Kingdom,8.25,3.175,Pasif/Kaybedilmiş,Geri Kazanma Kampanyası
15171,331,1,1289.5,United Kingdom,58.0,3.7700000000000005,Pasif/Kaybedilmiş,Geri Kazanma Kampanyası
15172,9,5,1624.05,United Kingdom,14.645454545454545,2.087909090909091,Sadık Müşteri,Sadakat Programı / Erken Erişim
15173,381,7,1494.6,United Kingdom,9.767441860465116,2.7454651162790698,Kaybedilme Riski (Değerli),Yüksek İndirim / Kişisel Teklif
15174,323,2,481.46,United Kingdom,11.235294117647058,2.466764705882353,Pasif/Kaybedilmiş,Geri Kazanma Kampanyası
15175,72,1,224.14,United Kingdom,19.73913043478261,0.7404347826086957,Orta Segment,Çapraz Satış Önerisi
15176,668,1,988.04,United Kingdom,8.615384615384615,4.427307692307692,Pasif/Kaybedilmiş,Geri Kazanma Kampanyası
15177,426,1,948.93,United Kingdom,18.653846153846153,3.7830769230769232,Pasif/Kaybedilmiş,Geri Kazanma Kampanyası
15178,260,1,40.5,United Kingdom,10.0,1.3499999999999999,Pasif/Kaybedilmiş,Geri Kazanma Kampanyası
15179,18,13,7491.92,United Kingdom,17.248407643312103,2.9869745222929933,Sadık Müşteri,Sadakat Programı / Erken Erişim
15180,367,3,816.93,United Kingdom,12.576923076923077,2.1601923076923075,Orta Segment,Çapraz Satış Önerisi
15181,66,5,1200.2,United Kingdom,34.4,1.8875,Orta Segment,Çapraz Satış Önerisi
15182,154,11,2998.95,United Kingdom,9.488,3.3948159999999996,Orta Segment,Çapraz Satış Önerisi
15183,548,3,639.93,United Kingdom,7.815789473684211,3.783157894736842,Orta Segment,Çapraz Satış Önerisi
15184,29,4,685.39,United Kingdom,5.5,3.0636904761904766,Orta Segment,Çapraz Satış Önerisi
15185,70,1,310.62,United Kingdom,31.714285714285715,2.3276190476190477,Orta Segment,Çapraz Satış Önerisi
15186,14,5,1403.2,United Kingdom,13.76923076923077,3.3442307692307693,Sadık Müşteri,Sadakat Programı / Erken Erişim
15187,2,15,4762.18,United Kingdom,20.955555555555556,2.8988888888888886,Sadık Müşteri,Sadakat Programı / Erken Erişim
15188,725,1,310.43,United Kingdom,10.130434782608695,2.6047826086956523,Pasif/Kaybedilmiş,Geri Kazanma Kampanyası
15189,1,46,17524.38,United Kingdom,28.639004149377595,4.252448132780082,Sadık Müşteri,Sadakat Programı / Erken Erişim
15190,434,1,834.44,United Kingdom,19.75,2.26225,Pasif/Kaybedilmiş,Geri Kazanma Kampanyası
15191,463,3,588.05,United Kingdom,8.2,3.322857142857143,Orta Segment,Çapraz Satış Önerisi
15192,120,5,1666.39,United Kingdom,15.912087912087912,2.446373626373626,Orta Segment,Çapraz Satış Önerisi
15193,61,1,499.32,United Kingdom,7.578947368421052,6.397368421052631,Orta Segment,Çapraz Satış Önerisi
15194,3,28,12021.53,United Kingdom,18.743697478991596,2.360924369747899,Sadık Müşteri,Sadakat Programı / Erken Erişim
15195,3,1,3861.0,United Kingdom,1404.0,2.75,Yeni / Potansiyel Müşteri,Hoş Geldin Kampanyası
15196,433,2,313.7,United Kingdom,3.0952380952380953,2.4428571428571426,Pasif/Kaybedilmiş,Geri Kazanma Kampanyası
15197,11,6,1877.51,United Kingdom,17.93220338983051,2.614915254237288,Sadık Müşteri,Sadakat Programı / Erken Erişim
15198,92,5,571.35,United Kingdom,10.548387096774194,3.067096774193548,Orta Segment,Çapraz Satış Önerisi
15199,59,10,3122.4,United Kingdom,17.529411764705884,4.294117647058823,Sadık Müşteri,Sadakat Programı / Erken Erişim
15200,495,1,549.05,United Kingdom,6.5,3.796666666666667,Pasif/Kaybedilmiş,Geri Kazanma Kampanyası
15201,87,7,1842.95,United Kingdom,16.6,1.7422,Orta Segment,Çapraz Satış Önerisi
15203,26,15,4400.18,United Kingdom,12.192419825072886,1.3584548104956269,Sadık Müşteri,Sadakat Programı / Erken Erişim
15204,357,1,316.58,United Kingdom,28.666666666666668,2.4044444444444446,Pasif/Kaybedilmiş,Geri Kazanma Kampanyası
15205,85,2,653.24,United Kingdom,10.216216216216216,3.684594594594594,Orta Segment,Çapraz Satış Önerisi
15206,10,4,420.3,United Kingdom,18.0,2.683333333333333,Orta Segment,Çapraz Satış Önerisi
15207,416,3,683.92,United Kingdom,17.833333333333332,1.64,Orta Segment,Çapraz Satış Önerisi
15208,1,6,970.52,United Kingdom,7.416666666666667,4.774583333333333,Sadık Müşteri,Sadakat Programı / Erken Erişim
15209,730,1,178.98,United Kingdom,7.230769230769231,3.483846153846154,Pasif/Kaybedilmiş,Geri Kazanma Kampanyası
15210,225,3,1176.19,United Kingdom,12.552238805970148,4.74223880597015,Orta Segment,Çapraz Satış Önerisi
15211,60,2,894.41,United Kingdom,4.615384615384615,5.4957692307692305,Orta Segment,Çapraz Satış Önerisi
15212,241,2,208.28,United Kingdom,8.4,3.4139999999999993,Pasif/Kaybedilmiş,Geri Kazanma Kampanyası
15213,319,2,328.35,United Kingdom,11.333333333333334,1.55375,Pasif/Kaybedilmiş,Geri Kazanma Kampanyası
15214,2,8,1661.44,United Kingdom,11.4,2.4215454545454547,Sadık Müşteri,Sadakat Programı / Erken Erişim
15215,47,7,2422.43,United Kingdom,6.867256637168142,4.790088495575221,Sadık Müşteri,Sadakat Programı / Erken Erişim
15216,88,2,486.09,United Kingdom,9.041666666666666,3.90875,Orta Segment,Çapraz Satış Önerisi
15217,563,1,426.24,United Kingdom,6.785714285714286,3.715,Pasif/Kaybedilmiş,Geri Kazanma Kampanyası
15218,11,22,11453.83,United Kingdom,16.50126582278481,2.9759746835443037,Sadık Müşteri,Sadakat Programı / Erken Erişim
15219,176,2,685.45,United Kingdom,10.423076923076923,5.046923076923077,Orta Segment,Çapraz Satış Önerisi
15220,52,6,1778.96,United Kingdom,11.905982905982906,2.559059829059829,Sadık Müşteri,Sadakat Programı / Erken Erişim
15221,366,4,2062.2,United Kingdom,8.413793103448276,9.944827586206896,Orta Segment,Çapraz Satış Önerisi
15222,319,11,3550.91,United Kingdom,32.30434782608695,1.1160869565217393,Kaybedilme Riski (Değerli),Yüksek İndirim / Kişisel Teklif
15223,226,5,1417.95,United Kingdom,11.323529411764707,4.095,Kaybedilme Riski (Değerli),Yüksek İndirim / Kişisel Teklif
15224,358,5,871.36,United Kingdom,12.657142857142857,2.8065714285714285,Orta Segment,Çapraz Satış Önerisi
15225,234,1,409.4,United Kingdom,9.826086956521738,3.45,Pasif/Kaybedilmiş,Geri Kazanma Kampanyası
15226,311,1,154.41,United Kingdom,8.875,3.8425,Pasif/Kaybedilmiş,Geri Kazanma Kampanyası
15227,37,9,2488.49,United Kingdom,10.141666666666667,4.452916666666667,Sadık Müşteri,Sadakat Programı / Erken Erişim
15228,66,6,5580.27,United Kingdom,14.423076923076923,3.2060256410256414,Orta Segment,Çapraz Satış Önerisi
15229,586,1,160.5,United Kingdom,12.666666666666666,1.6055555555555556,Pasif/Kaybedilmiş,Geri Kazanma Kampanyası
15230,239,2,429.6,United Kingdom,15.26086956521739,1.7817391304347827,Pasif/Kaybedilmiş,Geri Kazanma Kampanyası
15231,621,1,250.26,United Kingdom,13.571428571428571,1.862142857142857,Pasif/Kaybedilmiş,Geri Kazanma Kampanyası
15232,113,2,612.06,United Kingdom,22.129032258064516,1.0306451612903225,Orta Segment,Çapraz Satış Önerisi
15233,401,1,59.4,United Kingdom,12.0,4.95,Pasif/Kaybedilmiş,Geri Kazanma Kampanyası
15234,277,1,197.0,United Kingdom,14.0,1.682857142857143,Pasif/Kaybedilmiş,Geri Kazanma Kampanyası
15235,218,16,2772.76,United Kingdom,9.415730337078651,2.9439325842696626,Kaybedilme Riski (Değerli),Yüksek İndirim / Kişisel Teklif
15236,299,1,321.05,United Kingdom,17.933333333333334,1.6386666666666665,Pasif/Kaybedilmiş,Geri Kazanma Kampanyası
15237,2,4,1412.32,United Kingdom,10.818181818181818,2.5204040404040406,Orta Segment,Çapraz Satış Önerisi
15238,29,3,1071.99,United Kingdom,13.84,4.8076,Orta Segment,Çapraz Satış Önerisi
15239,10,2,780.59,United Kingdom,12.122448979591837,1.9677551020408164,Yeni / Potansiyel Müşteri,Hoş Geldin Kampanyası
15240,45,12,4459.98,United Kingdom,14.348214285714286,2.760580357142857,Sadık Müşteri,Sadakat Programı / Erken Erişim
15241,67,11,3050.16,United Kingdom,18.08695652173913,1.667717391304348,Orta Segment,Çapraz Satış Önerisi
15242,422,1,302.04,United Kingdom,49.0,2.1550000000000002,Pasif/Kaybedilmiş,Geri Kazanma Kampanyası
15243,74,2,927.28,United Kingdom,8.901639344262295,3.1178688524590163,Orta Segment,Çapraz Satış Önerisi
15244,65,3,912.08,United Kingdom,9.833333333333334,4.111666666666667,Orta Segment,Çapraz Satış Önerisi
15245,134,8,4610.84,United Kingdom,20.41216216216216,1.8649324324324323,Orta Segment,Çapraz Satış Önerisi
15246,238,3,780.4,United Kingdom,7.03921568627451,3.0049019607843137,Orta Segment,Çapraz Satış Önerisi
15247,122,3,976.06,United Kingdom,30.235294117647058,2.454705882352941,Orta Segment,Çapraz Satış Önerisi
15248,411,3,1893.93,United Kingdom,10.047169811320755,3.086981132075472,Orta Segment,Çapraz Satış Önerisi
15249,32,18,9266.0,United Kingdom,9.920318725099602,3.0249800796812747,Sadık Müşteri,Sadakat Programı / Erken Erişim
15250,641,1,60.0,United Kingdom,16.0,1.25,Pasif/Kaybedilmiş,Geri Kazanma Kampanyası
15251,9,21,20324.54,United Kingdom,52.643478260869564,4.0131304347826084,Sadık Müşteri,Sadakat Programı / Erken Erişim
15252,36,5,2103.41,United Kingdom,12.11864406779661,2.5354237288135595,Sadık Müşteri,Sadakat Programı / Erken Erişim
15253,16,8,2055.09,United Kingdom,13.689655172413794,2.158706896551724,Sadık Müşteri,Sadakat Programı / Erken Erişim
15254,127,3,1088.35,United Kingdom,10.611940298507463,3.2482089552238804,Orta Segment,Çapraz Satış Önerisi
15255,67,9,3706.02,United Kingdom,11.77659574468085,2.8956382978723405,Orta Segment,Çapraz Satış Önerisi
15256,149,2,170.4,United Kingdom,9.2,1.8900000000000001,Orta Segment,Çapraz Satış Önerisi
15257,283,2,685.9,United Kingdom,5.916666666666667,31.383333333333336,Pasif/Kaybedilmiş,Geri Kazanma Kampanyası
15258,169,2,623.16,United Kingdom,4.176470588235294,5.6376470588235295,Orta Segment,Çapraz Satış Önerisi
15259,513,4,1182.38,United Kingdom,11.070175438596491,8.15719298245614,Orta Segment,Çapraz Satış Önerisi
15260,100,25,8767.73,United Kingdom,11.727034120734908,3.335774278215223,Orta Segment,Çapraz Satış Önerisi
15261,135,4,1508.0,United Kingdom,8.76086956521739,3.545760869565217,Orta Segment,Çapraz Satış Önerisi
15262,324,3,418.82,United Kingdom,8.384615384615385,2.8303846153846157,Orta Segment,Çapraz Satış Önerisi
15263,107,1,156.51,United Kingdom,7.416666666666667,2.9575,Orta Segment,Çapraz Satış Önerisi
15264,64,2,848.4,United Kingdom,8.054545454545455,3.2374545454545456,Orta Segment,Çapraz Satış Önerisi
15265,151,4,3345.64,United Kingdom,8.134715025906736,3.610259067357513,Orta Segment,Çapraz Satış Önerisi
15266,338,5,852.21,United Kingdom,5.2444444444444445,5.795555555555556,Orta Segment,Çapraz Satış Önerisi
15267,22,5,1717.36,United Kingdom,85.81818181818181,1.8354545454545452,Sadık Müşteri,Sadakat Programı / Erken Erişim
15268,479,3,961.9,United Kingdom,19.454545454545453,3.8590909090909093,Orta Segment,Çapraz Satış Önerisi
15269,24,3,1225.36,United Kingdom,10.628571428571428,7.172285714285715,Orta Segment,Çapraz Satış Önerisi
15270,16,21,8524.86,United Kingdom,23.86904761904762,5.5408928571428575,Sadık Müşteri,Sadakat Programı / Erken Erişim
15271,7,24,4528.54,United Kingdom,4.231578947368421,2.6889473684210525,Sadık Müşteri,Sadakat Programı / Erken Erişim
15272,57,6,2030.95,United Kingdom,2.325174825174825,4.342272727272728,Sadık Müşteri,Sadakat Programı / Erken Erişim
15273,600,1,228.96,United Kingdom,216.0,1.06,Pasif/Kaybedilmiş,Geri Kazanma Kampanyası
15274,4,2,716.57,United Kingdom,13.170212765957446,2.0589361702127658,Yeni / Potansiyel Müşteri,Hoş Geldin Kampanyası
15275,38,1,615.14,United Kingdom,12.146341463414634,3.257073170731707,Yeni / Potansiyel Müşteri,Hoş Geldin Kampanyası
15276,66,4,619.8,United Kingdom,1.7808988764044944,2.463202247191011,Orta Segment,Çapraz Satış Önerisi
15277,47,2,476.34,United Kingdom,14.346153846153847,1.9907692307692306,Yeni / Potansiyel Müşteri,Hoş Geldin Kampanyası
15278,562,4,496.16,United Kingdom,15.793103448275861,1.262758620689655,Orta Segment,Çapraz Satış Önerisi
15279,355,5,1580.54,United Kingdom,8.53191489361702,3.891170212765957,Kaybedilme Riski (Değerli),Yüksek İndirim / Kişisel Teklif
15280,172,3,397.52,United Kingdom,8.45,1.6758333333333333,Orta Segment,Çapraz Satış Önerisi
15281,59,16,8543.57,United Kingdom,10.024904214559387,3.48588122605364,Sadık Müşteri,Sadakat Programı / Erken Erişim
15282,570,1,348.59,United Kingdom,14.62962962962963,1.3085185185185184,Pasif/Kaybedilmiş,Geri Kazanma Kampanyası
15283,390,3,148.33,United Kingdom,3.0,6.448888888888889,Orta Segment,Çapraz Satış Önerisi
15284,500,1,24.75,United Kingdom,5.0,4.95,Pasif/Kaybedilmiş,Geri Kazanma Kampanyası
15285,408,1,94.92,United Kingdom,20.0,0.945,Pasif/Kaybedilmiş,Geri Kazanma Kampanyası
15286,50,1,240.55,United Kingdom,18.333333333333332,4.45,Yeni / Potansiyel Müşteri,Hoş Geldin Kampanyası
15287,22,5,856.03,United Kingdom,28.055555555555557,2.2422222222222223,Sadık Müşteri,Sadakat Programı / Erken Erişim
15288,43,10,3706.53,United Kingdom,8.769736842105264,3.226842105263158,Sadık Müşteri,Sadakat Programı / Erken Erişim
15289,29,5,1593.09,United Kingdom,16.77319587628866,1.3923711340206186,Sadık Müşteri,Sadakat Programı / Erken Erişim
15290,5,26,10496.28,United Kingdom,22.48972602739726,2.7855821917808217,Sadık Müşteri,Sadakat Programı / Erken Erişim
15291,26,39,13472.76,United Kingdom,20.181069958847736,5.152674897119341,Sadık Müşteri,Sadakat Programı / Erken Erişim
15292,201,1,178.39,United Kingdom,2.2916666666666665,4.7195833333333335,Pasif/Kaybedilmiş,Geri Kazanma Kampanyası
15293,666,1,247.5,United Kingdom,9.368421052631579,1.5342105263157895,Pasif/Kaybedilmiş,Geri Kazanma Kampanyası
15294,411,1,233.35,United Kingdom,6.466666666666667,3.58,Pasif/Kaybedilmiş,Geri Kazanma Kampanyası
15295,654,1,207.04,United Kingdom,2.673076923076923,1.999423076923077,Pasif/Kaybedilmiş,Geri Kazanma Kampanyası
15296,51,12,10323.03,United Kingdom,10.209737827715356,3.235505617977528,Sadık Müşteri,Sadakat Programı / Erken Erişim
15297,10,3,641.94,United Kingdom,7.487179487179487,2.7343589743589742,Orta Segment,Çapraz Satış Önerisi
15298,2,23,9061.77,United Kingdom,14.117647058823529,2.2795294117647056,Sadık Müşteri,Sadakat Programı / Erken Erişim
15299,67,9,5556.53,United Kingdom,372.77777777777777,3.546666666666667,Orta Segment,Çapraz Satış Önerisi
15300,64,1,496.44,United Kingdom,10.428571428571429,2.862142857142857,Orta Segment,Çapraz Satış Önerisi
15301,51,17,6909.67,United Kingdom,10.907246376811594,3.057304347826087,Sadık Müşteri,Sadakat Programı / Erken Erişim
15302,730,1,308.0,United Kingdom,6.8,4.966666666666667,Pasif/Kaybedilmiş,Geri Kazanma Kampanyası
15303,290,3,1224.18,United Kingdom,7.449275362318841,4.6005797101449275,Orta Segment,Çapraz Satış Önerisi
15304,61,9,796.4,United Kingdom,4.666666666666667,7.6875,Orta Segment,Çapraz Satış Önerisi
15305,555,1,93.6,United Kingdom,8.0,3.4299999999999997,Pasif/Kaybedilmiş,Geri Kazanma Kampanyası
15306,64,9,3484.73,United Kingdom,18.97530864197531,2.660432098765432,Orta Segment,Çapraz Satış Önerisi
15307,96,1,205.3,United Kingdom,3.0833333333333335,6.745833333333334,Orta Segment,Çapraz Satış Önerisi
15308,274,1,310.47,United Kingdom,9.210526315789474,4.0336842105263155,Pasif/Kaybedilmiş,Geri Kazanma Kampanyası
15309,611,4,797.96,United Kingdom,8.148148148148149,3.15,Orta Segment,Çapraz Satış Önerisi
15310,479,1,1634.64,United Kingdom,32.8,1.6122222222222222,Pasif/Kaybedilmiş,Geri Kazanma Kampanyası
15311,1,207,114671.42,United Kingdom,16.246339762956076,2.6767208924006507,Sadık Müşteri,Sadakat Programı / Erken Erişim
15312,75,12,2930.19,United Kingdom,10.386503067484663,2.758711656441718,Orta Segment,Çapraz Satış Önerisi
15313,110,1,52.0,United Kingdom,25.0,2.08,Orta Segment,Çapraz Satış Önerisi
15314,199,3,820.45,United Kingdom,15.0,1.7375999999999998,Orta Segment,Çapraz Satış Önerisi
15315,64,2,570.5,United Kingdom,23.2972972972973,0.8824324324324324,Orta Segment,Çapraz Satış Önerisi
15316,327,1,165.0,United Kingdom,100.0,1.65,Pasif/Kaybedilmiş,Geri Kazanma Kampanyası
15317,677,1,129.75,United Kingdom,9.0,3.35,Pasif/Kaybedilmiş,Geri Kazanma Kampanyası
15318,4,1,312.62,United Kingdom,19.454545454545453,0.5857575757575758,Yeni / Potansiyel Müşteri,Hoş Geldin Kampanyası
15319,284,1,204.5,United Kingdom,10.9375,3.24125,Pasif/Kaybedilmiş,Geri Kazanma Kampanyası
15320,44,1,267.13,United Kingdom,9.055555555555555,3.0636111111111113,Yeni / Potansiyel Müşteri,Hoş Geldin Kampanyası
15321,71,12,6709.73,United Kingdom,11.822006472491909,2.849482200647249,Orta Segment,Çapraz Satış Önerisi
15322,86,2,1390.86,United Kingdom,11.698795180722891,3.7060240963855424,Orta Segment,Çapraz Satış Önerisi
15323,563,3,434.6,United Kingdom,6.482758620689655,4.0,Orta Segment,Çapraz Satış Önerisi
15324,701,1,140.22,United Kingdom,9.25,2.30875,Pasif/Kaybedilmiş,Geri Kazanma Kampanyası
15325,104,8,1601.46,United Kingdom,6.169642857142857,2.047098214285714,Orta Segment,Çapraz Satış Önerisi
15326,334,5,1700.52,United Kingdom,10.472868217054264,2.5919379844961243,Kaybedilme Riski (Değerli),Yüksek İndirim / Kişisel Teklif
15327,53,1,208.75,United Kingdom,11.6,4.397,Yeni / Potansiyel Müşteri,Hoş Geldin Kampanyası
15328,408,1,107.24,United Kingdom,11.0,2.46375,Pasif/Kaybedilmiş,Geri Kazanma Kampanyası
15329,39,11,2958.83,United Kingdom,7.902597402597403,4.261038961038961,Sadık Müşteri,Sadakat Programı / Erken Erişim
15330,32,2,714.96,United Kingdom,100.92307692307692,0.5607692307692308,Yeni / Potansiyel Müşteri,Hoş Geldin Kampanyası
15331,500,3,767.91,United Kingdom,15.931818181818182,1.7877272727272726,Orta Segment,Çapraz Satış Önerisi
15332,366,6,4892.68,Lithuania,14.974025974025974,2.56474025974026,Kaybedilme Riski (Değerli),Yüksek İndirim / Kişisel Teklif
15333,208,1,1028.56,United Kingdom,21.5,2.96375,Pasif/Kaybedilmiş,Geri Kazanma Kampanyası
15334,157,3,347.87,United Kingdom,2.804123711340206,1.4880412371134022,Orta Segment,Çapraz Satış Önerisi
15335,54,1,170.22,United Kingdom,2.257142857142857,2.7897142857142856,Yeni / Potansiyel Müşteri,Hoş Geldin Kampanyası
15336,402,1,240.5,United Kingdom,5.6,4.96,Pasif/Kaybedilmiş,Geri Kazanma Kampanyası
15337,411,1,373.02,United Kingdom,9.523809523809524,3.756190476190476,Pasif/Kaybedilmiş,Geri Kazanma Kampanyası
15338,677,1,277.93,United Kingdom,2.5517241379310347,2.466379310344828,Pasif/Kaybedilmiş,Geri Kazanma Kampanyası
15339,66,7,1821.02,United Kingdom,5.172727272727273,2.689545454545455,Orta Segment,Çapraz Satış Önerisi
15340,562,1,105.5,United Kingdom,10.857142857142858,1.5857142857142856,Pasif/Kaybedilmiş,Geri Kazanma Kampanyası
15341,81,2,2402.72,United Kingdom,42.0,2.67375,Orta Segment,Çapraz Satış Önerisi
15342,130,1,406.09,United Kingdom,11.791666666666666,2.368333333333333,Orta Segment,Çapraz Satış Önerisi
15343,87,1,364.5,United Kingdom,4.0,6.39047619047619,Orta Segment,Çapraz Satış Önerisi
15344,1,3,563.94,United Kingdom,4.461538461538462,7.559230769230769,Orta Segment,Çapraz Satış Önerisi
15345,46,1,393.54,United Kingdom,4.05,7.730499999999999,Yeni / Potansiyel Müşteri,Hoş Geldin Kampanyası
15346,333,3,596.12,United Kingdom,7.027027027027027,3.278918918918919,Orta Segment,Çapraz Satış Önerisi
15347,366,4,1162.0,United Kingdom,15.055555555555555,2.8902777777777775,Orta Segment,Çapraz Satış Önerisi
15348,72,1,158.04,United Kingdom,9.333333333333334,2.1133333333333333,Orta Segment,Çapraz Satış Önerisi
15349,158,2,463.91,United Kingdom,4.52112676056338,2.958450704225352,Orta Segment,Çapraz Satış Önerisi
15350,373,2,547.6,United Kingdom,9.066666666666666,2.4383333333333335,Pasif/Kaybedilmiş,Geri Kazanma Kampanyası
15351,12,10,3430.22,United Kingdom,4.2993630573248405,2.9435350318471336,Sadık Müşteri,Sadakat Programı / Erken Erişim
15352,549,1,111.15,United Kingdom,1.1764705882352942,2.9161764705882356,Pasif/Kaybedilmiş,Geri Kazanma Kampanyası
15353,255,7,2794.47,United Kingdom,3.863888888888889,2.9686944444444445,Kaybedilme Riski (Değerli),Yüksek İndirim / Kişisel Teklif
15355,29,2,277.05,United Kingdom,3.2142857142857144,6.114285714285715,Yeni / Potansiyel Müşteri,Hoş Geldin Kampanyası
15356,31,13,3239.57,United Kingdom,2.828101644245142,2.0687742899850523,Sadık Müşteri,Sadakat Programı / Erken Erişim
15358,5,42,16425.86,United Kingdom,13.684113865932048,1.9352708907254363,Sadık Müşteri,Sadakat Programı / Erken Erişim
15359,663,8,181.35,United Kingdom,9.0625,1.291875,Orta Segment,Çapraz Satış Önerisi
15360,40,1,427.93,United Kingdom,17.153846153846153,2.3515384615384614,Yeni / Potansiyel Müşteri,Hoş Geldin Kampanyası
15361,362,4,689.07,United Kingdom,37.3,10.026,Orta Segment,Çapraz Satış Önerisi
15362,449,2,613.08,United Kingdom,9.2,3.6119999999999997,Pasif/Kaybedilmiş,Geri Kazanma Kampanyası
15363,373,2,678.11,United Kingdom,10.942857142857143,2.6225714285714288,Pasif/Kaybedilmiş,Geri Kazanma Kampanyası
15364,96,2,913.19,United Kingdom,17.0,1.9779310344827585,Orta Segment,Çapraz Satış Önerisi
15365,26,13,4557.13,United Kingdom,9.775229357798166,3.261284403669725,Sadık Müşteri,Sadakat Programı / Erken Erişim
15366,75,7,2389.08,United Kingdom,17.731884057971016,1.9725362318840578,Orta Segment,Çapraz Satış Önerisi
15367,57,11,5081.33,United Kingdom,10.551971326164875,2.8300716845878138,Sadık Müşteri,Sadakat Programı / Erken Erişim
15368,21,2,722.74,United Kingdom,50.75,4.98625,Yeni / Potansiyel Müşteri,Hoş Geldin Kampanyası
15369,492,11,6251.26,United Kingdom,55.728813559322035,1.9583050847457626,Kaybedilme Riski (Değerli),Yüksek İndirim / Kişisel Teklif
15370,41,8,3739.01,United Kingdom,9.70138888888889,3.6086805555555554,Sadık Müşteri,Sadakat Programı / Erken Erişim
15371,662,1,59.4,United Kingdom,12.0,4.95,Pasif/Kaybedilmiş,Geri Kazanma Kampanyası
15372,137,8,6017.06,United Kingdom,112.45614035087719,1.8670175438596492,Orta Segment,Çapraz Satış Önerisi
15373,8,17,3084.54,United Kingdom,3.8412698412698414,4.985608465608466,Sadık Müşteri,Sadakat Programı / Erken Erişim
15374,129,2,307.32,United Kingdom,29.0,1.841,Orta Segment,Çapraz Satış Önerisi
15375,690,1,60.96,United Kingdom,14.0,1.1466666666666667,Pasif/Kaybedilmiş,Geri Kazanma Kampanyası
15376,40,3,1221.56,United Kingdom,5.301724137931035,2.8948275862068966,Orta Segment,Çapraz Satış Önerisi
15377,383,4,1211.75,United Kingdom,12.047619047619047,4.907142857142857,Orta Segment,Çapraz Satış Önerisi
15378,463,2,246.5,United Kingdom,10.833333333333334,1.8916666666666666,Pasif/Kaybedilmiş,Geri Kazanma Kampanyası
15379,169,8,4877.84,United Kingdom,11.406844106463879,2.619125475285171,Orta Segment,Çapraz Satış Önerisi
15380,9,11,3248.96,United Kingdom,18.346153846153847,5.093653846153846,Sadık Müşteri,Sadakat Programı / Erken Erişim
15381,214,5,1890.57,United Kingdom,33.416666666666664,4.71,Kaybedilme Riski (Değerli),Yüksek İndirim / Kişisel Teklif
15382,15,12,13733.55,United Kingdom,14.522151898734178,2.3784493670886078,Sadık Müşteri,Sadakat Programı / Erken Erişim
15384,170,4,2027.79,United Kingdom,14.974576271186441,1.9897457627118644,Orta Segment,Çapraz Satış Önerisi
15385,40,3,942.08,United Kingdom,20.38095238095238,2.2409523809523813,Orta Segment,Çapraz Satış Önerisi
15386,186,1,394.14,United Kingdom,14.387096774193548,1.3864516129032256,Orta Segment,Çapraz Satış Önerisi
15387,492,1,468.65,United Kingdom,16.75,2.165,Pasif/Kaybedilmiş,Geri Kazanma Kampanyası
15388,270,1,140.54,Canada,8.8,2.0629999999999997,Pasif/Kaybedilmiş,Geri Kazanma Kampanyası
15389,172,5,2733.8,United Kingdom,656.6666666666666,0.9733333333333333,Orta Segment,Çapraz Satış Önerisi
15390,396,2,1216.66,Canada,11.61038961038961,1.9157142857142857,Pasif/Kaybedilmiş,Geri Kazanma Kampanyası
15391,584,1,289.87,United Kingdom,9.083333333333334,6.4925,Pasif/Kaybedilmiş,Geri Kazanma Kampanyası
15392,5,7,2911.62,United Kingdom,14.88888888888889,2.585694444444444,Sadık Müşteri,Sadakat Programı / Erken Erişim
15393,16,5,891.34,United Kingdom,8.590909090909092,3.3540909090909095,Sadık Müşteri,Sadakat Programı / Erken Erişim
15394,10,11,5286.8,United Kingdom,10.449339207048459,3.560837004405286,Sadık Müşteri,Sadakat Programı / Erken Erişim
15395,326,1,107.45,United Kingdom,2.4285714285714284,6.542857142857143,Pasif/Kaybedilmiş,Geri Kazanma Kampanyası
15396,113,2,796.38,United Kingdom,17.375,3.568125,Orta Segment,Çapraz Satış Önerisi
15397,290,1,94.0,United Kingdom,3.3333333333333335,4.933333333333334,Pasif/Kaybedilmiş,Geri Kazanma Kampanyası
15398,16,2,1345.53,United Kingdom,10.534246575342467,2.694794520547945,Yeni / Potansiyel Müşteri,Hoş Geldin Kampanyası
15399,1,3,815.77,United Kingdom,12.22,1.9098,Orta Segment,Çapraz Satış Önerisi
15400,92,8,1302.3,United Kingdom,24.51851851851852,2.925925925925926,Orta Segment,Çapraz Satış Önerisi
15401,452,2,216.95,United Kingdom,6.642857142857143,4.628571428571428,Pasif/Kaybedilmiş,Geri Kazanma Kampanyası
15402,149,6,1830.12,United Kingdom,15.638461538461538,3.3373846153846154,Orta Segment,Çapraz Satış Önerisi
15403,492,2,170.88,United Kingdom,61.5,0.41500000000000004,Pasif/Kaybedilmiş,Geri Kazanma Kampanyası
15404,376,1,257.06,United Kingdom,20.875,1.7193749999999999,Pasif/Kaybedilmiş,Geri Kazanma Kampanyası
15405,189,2,659.84,United Kingdom,11.6,4.365666666666667,Pasif/Kaybedilmiş,Geri Kazanma Kampanyası
15406,31,4,975.87,United Kingdom,4.483606557377049,2.562213114754098,Orta Segment,Çapraz Satış Önerisi
15407,34,4,1046.74,United Kingdom,3.72972972972973,3.9759459459459454,Orta Segment,Çapraz Satış Önerisi
15408,264,1,267.18,United Kingdom,3.1176470588235294,4.476176470588236,Pasif/Kaybedilmiş,Geri Kazanma Kampanyası
15409,721,1,131.25,United Kingdom,6.555555555555555,3.183333333333333,Pasif/Kaybedilmiş,Geri Kazanma Kampanyası
15410,84,10,4685.72,United Kingdom,11.74074074074074,3.642222222222222,Orta Segment,Çapraz Satış Önerisi
15411,26,4,1348.93,United Kingdom,5.3979591836734695,4.054693877551021,Orta Segment,Çapraz Satış Önerisi
15412,171,1,190.53,United Kingdom,10.8,3.471,Orta Segment,Çapraz Satış Önerisi
15413,692,5,6798.72,United Kingdom,107.76,3.4688,Kaybedilme Riski (Değerli),Yüksek İndirim / Kişisel Teklif
15414,10,3,774.9,United Kingdom,11.35897435897436,3.2115384615384617,Orta Segment,Çapraz Satış Önerisi
15415,313,1,559.61,United Kingdom,11.72340425531915,1.7710638297872339,Pasif/Kaybedilmiş,Geri Kazanma Kampanyası
15416,65,7,4572.82,United Kingdom,10.614035087719298,3.2376754385964914,Orta Segment,Çapraz Satış Önerisi
15417,85,1,508.8,United Kingdom,10.142857142857142,1.8735714285714287,Orta Segment,Çapraz Satış Önerisi
15418,425,2,449.42,United Kingdom,3.8823529411764706,2.1467647058823527,Pasif/Kaybedilmiş,Geri Kazanma Kampanyası
15419,25,1,135.86,United Kingdom,28.75,1.3112499999999998,Yeni / Potansiyel Müşteri,Hoş Geldin Kampanyası
15420,434,6,743.0,United Kingdom,15.071428571428571,1.4041071428571428,Orta Segment,Çapraz Satış Önerisi
15421,59,10,3805.34,United Kingdom,6.098101265822785,2.651867088607595,Sadık Müşteri,Sadakat Programı / Erken Erişim
15422,323,7,1619.97,United Kingdom,5.916666666666667,3.614833333333334,Kaybedilme Riski (Değerli),Yüksek İndirim / Kişisel Teklif
15423,38,3,266.89,United Kingdom,14.142857142857142,5.223571428571428,Orta Segment,Çapraz Satış Önerisi
15424,254,3,597.78,United Kingdom,26.454545454545453,1.2566666666666666,Orta Segment,Çapraz Satış Önerisi
15425,400,4,1941.12,United Kingdom,7.27972027972028,3.1372027972027974,Orta Segment,Çapraz Satış Önerisi
15426,19,9,2156.35,United Kingdom,2.4265734265734267,2.5204195804195804,Sadık Müşteri,Sadakat Programı / Erken Erişim
15427,33,3,1430.54,United Kingdom,3.3116438356164384,2.1052054794520547,Orta Segment,Çapraz Satış Önerisi
15428,15,4,762.75,United Kingdom,7.886363636363637,4.746363636363636,Orta Segment,Çapraz Satış Önerisi
15429,27,2,397.35,United Kingdom,4.634146341463414,2.0679268292682926,Yeni / Potansiyel Müşteri,Hoş Geldin Kampanyası
15430,468,2,954.75,United Kingdom,8.583333333333334,3.9555555555555557,Pasif/Kaybedilmiş,Geri Kazanma Kampanyası
15431,503,1,153.24,United Kingdom,42.0,2.02,Pasif/Kaybedilmiş,Geri Kazanma Kampanyası
15432,23,2,320.76,United Kingdom,5.75,4.433125,Yeni / Potansiyel Müşteri,Hoş Geldin Kampanyası
15433,214,2,533.3,United Kingdom,13.024390243902438,1.2573170731707317,Pasif/Kaybedilmiş,Geri Kazanma Kampanyası
15434,8,11,2567.06,United Kingdom,10.619402985074627,3.241194029850746,Sadık Müşteri,Sadakat Programı / Erken Erişim
15435,22,1,149.29,United Kingdom,1.8620689655172413,3.7351724137931037,Yeni / Potansiyel Müşteri,Hoş Geldin Kampanyası
15436,12,3,1067.75,United Kingdom,1.9725085910652922,2.2354982817869415,Orta Segment,Çapraz Satış Önerisi
15437,262,2,393.45,United Kingdom,3.1052631578947367,2.964035087719298,Pasif/Kaybedilmiş,Geri Kazanma Kampanyası
15438,131,1,156.58,United Kingdom,2.36,3.5376,Orta Segment,Çapraz Satış Önerisi
15439,405,4,1269.05,United Kingdom,10.035087719298245,2.730701754385965,Orta Segment,Çapraz Satış Önerisi
15440,55,3,383.68,United Kingdom,3.1774193548387095,2.338709677419355,Orta Segment,Çapraz Satış Önerisi
15441,396,3,1254.21,United Kingdom,10.298245614035087,3.5187719298245614,Orta Segment,Çapraz Satış Önerisi
15442,249,1,594.0,United Kingdom,60.0,4.95,Pasif/Kaybedilmiş,Geri Kazanma Kampanyası
15443,2,14,5114.23,United Kingdom,4.3184,2.924912,Sadık Müşteri,Sadakat Programı / Erken Erişim
15444,9,2,1411.21,United Kingdom,3.546728971962617,2.833317757009346,Yeni / Potansiyel Müşteri,Hoş Geldin Kampanyası
15445,264,2,284.5,United Kingdom,8.428571428571429,4.925,Pasif/Kaybedilmiş,Geri Kazanma Kampanyası
15446,377,3,396.75,United Kingdom,2.3603603603603602,2.0625225225225226,Orta Segment,Çapraz Satış Önerisi
15447,331,5,492.88,United Kingdom,7.862068965517241,3.93,Orta Segment,Çapraz Satış Önerisi
15448,313,2,788.81,United Kingdom,9.938775510204081,3.076734693877551,Pasif/Kaybedilmiş,Geri Kazanma Kampanyası
15449,26,3,974.52,United Kingdom,13.533333333333333,1.901166666666667,Orta Segment,Çapraz Satış Önerisi
15450,30,1,429.84,United Kingdom,12.533333333333333,2.1726666666666667,Yeni / Potansiyel Müşteri,Hoş Geldin Kampanyası
15451,434,2,226.86,United Kingdom,1.2666666666666666,3.072666666666667,Pasif/Kaybedilmiş,Geri Kazanma Kampanyası
15452,30,6,1785.11,United Kingdom,5.4623115577889445,2.4325125628140705,Sadık Müşteri,Sadakat Programı / Erken Erişim
15453,2,7,1371.77,United Kingdom,3.0,2.5548745519713263,Sadık Müşteri,Sadakat Programı / Erken Erişim
15454,362,2,303.89,United Kingdom,3.6153846153846154,2.9984615384615383,Pasif/Kaybedilmiş,Geri Kazanma Kampanyası
15455,598,1,38.25,United Kingdom,1.5,12.75,Pasif/Kaybedilmiş,Geri Kazanma Kampanyası
15456,283,10,2091.52,United Kingdom,12.013215859030836,2.0241409691629957,Kaybedilme Riski (Değerli),Yüksek İndirim / Kişisel Teklif
15457,262,1,237.07,United Kingdom,2.2758620689655173,1.8825862068965518,Pasif/Kaybedilmiş,Geri Kazanma Kampanyası
15458,25,2,370.44,United Kingdom,23.076923076923077,1.3284615384615384,Yeni / Potansiyel Müşteri,Hoş Geldin Kampanyası
15459,417,2,202.83,United Kingdom,17.285714285714285,3.402857142857143,Pasif/Kaybedilmiş,Geri Kazanma Kampanyası
15460,354,1,214.26,United Kingdom,1.9107142857142858,2.884642857142857,Pasif/Kaybedilmiş,Geri Kazanma Kampanyası
15461,461,2,429.7,United Kingdom,115.0,1.895,Pasif/Kaybedilmiş,Geri Kazanma Kampanyası
15462,94,4,737.05,United Kingdom,12.073170731707316,2.2402439024390244,Orta Segment,Çapraz Satış Önerisi
15463,29,1,126.14,United Kingdom,15.142857142857142,1.8557142857142856,Yeni / Potansiyel Müşteri,Hoş Geldin Kampanyası
15464,338,1,1044.65,United Kingdom,2.2451612903225806,4.2381290322580645,Pasif/Kaybedilmiş,Geri Kazanma Kampanyası
15465,20,32,12100.4,United Kingdom,10.345098039215687,5.29278431372549,Sadık Müşteri,Sadakat Programı / Erken Erişim
15466,85,4,1560.46,United Kingdom,3.5916030534351147,2.2267175572519085,Orta Segment,Çapraz Satış Önerisi
15467,9,3,524.88,United Kingdom,5.961538461538462,2.2582692307692307,Orta Segment,Çapraz Satış Önerisi
15468,51,3,1430.48,United Kingdom,17.5,3.239375,Orta Segment,Çapraz Satış Önerisi
15469,50,3,874.25,United Kingdom,6.674418604651163,5.2593023255813955,Orta Segment,Çapraz Satış Önerisi
15470,576,1,63.42,United Kingdom,58.0,0.315,Pasif/Kaybedilmiş,Geri Kazanma Kampanyası
15471,2,3,1292.01,United Kingdom,4.32258064516129,2.148516129032258,Orta Segment,Çapraz Satış Önerisi
15472,113,1,371.56,United Kingdom,3.3026315789473686,2.2892105263157894,Orta Segment,Çapraz Satış Önerisi
15473,14,8,2046.0,United Kingdom,55.42857142857143,2.664285714285714,Sadık Müşteri,Sadakat Programı / Erken Erişim
15474,596,1,150.35,United Kingdom,2.8947368421052633,3.940526315789474,Pasif/Kaybedilmiş,Geri Kazanma Kampanyası
15475,77,1,454.11,United Kingdom,11.0,1.8268965517241378,Orta Segment,Çapraz Satış Önerisi
15476,380,4,2209.98,United Kingdom,14.860759493670885,2.8462025316455697,Orta Segment,Çapraz Satış Önerisi
15477,650,1,368.4,United Kingdom,108.0,1.5999999999999999,Pasif/Kaybedilmiş,Geri Kazanma Kampanyası
15478,40,3,1940.98,United Kingdom,12.597014925373134,3.2758208955223878,Orta Segment,Çapraz Satış Önerisi
15479,733,1,147.4,United Kingdom,4.222222222222222,5.044444444444444,Pasif/Kaybedilmiş,Geri Kazanma Kampanyası
15480,116,3,3592.25,Malta,8.685446009389672,3.417605633802817,Orta Segment,Çapraz Satış Önerisi
15481,401,1,1993.34,Norway,38.1578947368421,1.730526315789474,Pasif/Kaybedilmiş,Geri Kazanma Kampanyası
15482,16,18,14377.36,United Kingdom,44.31972789115646,3.3912925170068027,Sadık Müşteri,Sadakat Programı / Erken Erişim
15483,161,10,810.68,United Kingdom,3.25,1.5737686567164177,Orta Segment,Çapraz Satış Önerisi
15484,1,6,4652.1,United Kingdom,16.975,2.1668333333333334,Sadık Müşteri,Sadakat Programı / Erken Erişim
15485,30,7,4810.92,United Kingdom,15.715328467153284,3.7157664233576644,Sadık Müşteri,Sadakat Programı / Erken Erişim
15486,527,1,102.0,United Kingdom,40.0,2.55,Pasif/Kaybedilmiş,Geri Kazanma Kampanyası
15487,680,1,231.32,United Kingdom,10.285714285714286,2.462142857142857,Pasif/Kaybedilmiş,Geri Kazanma Kampanyası
15488,93,5,431.92,United Kingdom,22.818181818181817,3.2218181818181817,Orta Segment,Çapraz Satış Önerisi
15489,23,8,2419.61,United Kingdom,11.087719298245615,3.334385964912281,Sadık Müşteri,Sadakat Programı / Erken Erişim
15490,430,1,210.85,United Kingdom,3.28,3.2560000000000002,Pasif/Kaybedilmiş,Geri Kazanma Kampanyası
15491,95,6,3100.09,United Kingdom,10.688311688311689,3.89538961038961,Orta Segment,Çapraz Satış Önerisi
15492,28,2,659.46,United Kingdom,13.8,2.5388571428571427,Yeni / Potansiyel Müşteri,Hoş Geldin Kampanyası
15493,33,9,4113.19,United Kingdom,1.972176759410802,4.303355155482815,Sadık Müşteri,Sadakat Programı / Erken Erişim
15494,21,5,3702.6,United Kingdom,8.293478260869565,2.1803804347826086,Sadık Müşteri,Sadakat Programı / Erken Erişim
15495,379,1,246.5,United Kingdom,9.7,1.9675,Pasif/Kaybedilmiş,Geri Kazanma Kampanyası
15496,631,1,146.14,United Kingdom,4.454545454545454,2.640454545454545,Pasif/Kaybedilmiş,Geri Kazanma Kampanyası
15497,18,9,8657.39,United Kingdom,24.272727272727273,3.752479338842975,Sadık Müşteri,Sadakat Programı / Erken Erişim
15498,3,44,24972.86,United Kingdom,12.894792773645058,3.075632306057386,Sadık Müşteri,Sadakat Programı / Erken Erişim
15499,724,1,158.65,United Kingdom,1.4390243902439024,2.8646341463414635,Pasif/Kaybedilmiş,Geri Kazanma Kampanyası
15500,8,4,1131.56,United Kingdom,8.411764705882353,4.561323529411765,Orta Segment,Çapraz Satış Önerisi
15501,405,2,399.95,United Kingdom,2.971014492753623,3.1940579710144927,Pasif/Kaybedilmiş,Geri Kazanma Kampanyası
15502,16,12,9542.92,United Kingdom,17.039877300613497,3.632177914110429,Sadık Müşteri,Sadakat Programı / Erken Erişim
15503,363,2,257.3,United Kingdom,1.1111111111111112,2.063931623931624,Pasif/Kaybedilmiş,Geri Kazanma Kampanyası
15504,81,4,391.45,United Kingdom,2.1904761904761907,3.2369841269841273,Orta Segment,Çapraz Satış Önerisi
15505,53,5,3610.96,United Kingdom,24.63917525773196,2.352061855670103,Sadık Müşteri,Sadakat Programı / Erken Erişim
15506,23,6,2030.33,United Kingdom,5.996336996336996,1.8944322344322342,Sadık Müşteri,Sadakat Programı / Erken Erişim
15507,172,1,475.86,United Kingdom,3.5555555555555554,3.96,Orta Segment,Çapraz Satış Önerisi
15508,189,6,1000.27,United Kingdom,4.782608695652174,3.392608695652174,Orta Segment,Çapraz Satış Önerisi
15509,380,1,152.41,United Kingdom,2.230769230769231,4.276538461538461,Pasif/Kaybedilmiş,Geri Kazanma Kampanyası
15510,331,1,250.0,United Kingdom,2.0,125.0,Pasif/Kaybedilmiş,Geri Kazanma Kampanyası
15511,12,5,900.53,United Kingdom,1.7025316455696202,3.988860759493671,Sadık Müşteri,Sadakat Programı / Erken Erişim
15512,156,4,331.58,United Kingdom,7.34375,2.926875,Orta Segment,Çapraz Satış Önerisi
15513,33,35,26437.05,United Kingdom,19.153564899451553,4.983747714808044,Sadık Müşteri,Sadakat Programı / Erken Erişim
15514,12,18,6388.28,United Kingdom,12.876582278481013,2.142246835443038,Sadık Müşteri,Sadakat Programı / Erken Erişim
15515,387,1,171.81,United Kingdom,18.714285714285715,2.8742857142857146,Pasif/Kaybedilmiş,Geri Kazanma Kampanyası
15516,45,3,62.43,United Kingdom,1.8,2.7786666666666666,Orta Segment,Çapraz Satış Önerisi
15517,233,1,267.03,United Kingdom,10.851851851851851,1.807777777777778,Pasif/Kaybedilmiş,Geri Kazanma Kampanyası
15518,64,15,4189.99,United Kingdom,6.272321428571429,2.567544642857143,Orta Segment,Çapraz Satış Önerisi
15519,383,2,344.61,United Kingdom,3.135135135135135,2.951081081081081,Pasif/Kaybedilmiş,Geri Kazanma Kampanyası
15520,2,1,343.5,United Kingdom,17.444444444444443,1.7244444444444444,Yeni / Potansiyel Müşteri,Hoş Geldin Kampanyası
15521,40,16,7087.64,United Kingdom,11.231920199501246,3.335361596009975,Sadık Müşteri,Sadakat Programı / Erken Erişim
15522,33,2,397.99,United Kingdom,10.214285714285714,0.9516071428571429,Yeni / Potansiyel Müşteri,Hoş Geldin Kampanyası
15523,84,16,17259.19,United Kingdom,73.74056603773585,2.4842924528301884,Orta Segment,Çapraz Satış Önerisi
15524,25,2,591.4,United Kingdom,3.111111111111111,21.355555555555554,Yeni / Potansiyel Müşteri,Hoş Geldin Kampanyası
15525,2,4,887.72,United Kingdom,2.9329608938547485,2.4382122905027934,Orta Segment,Çapraz Satış Önerisi
15526,33,2,148.44,United Kingdom,6.0,5.494999999999999,Yeni / Potansiyel Müşteri,Hoş Geldin Kampanyası
15527,19,23,5554.04,United Kingdom,6.737804878048781,3.6749390243902442,Sadık Müşteri,Sadakat Programı / Erken Erişim
15528,254,1,229.33,United Kingdom,4.730769230769231,2.6076923076923078,Pasif/Kaybedilmiş,Geri Kazanma Kampanyası
15529,23,12,4781.11,United Kingdom,5.446428571428571,1.7391964285714285,Sadık Müşteri,Sadakat Programı / Erken Erişim
15530,22,5,1808.68,United Kingdom,9.352112676056338,2.625704225352113,Sadık Müşteri,Sadakat Programı / Erken Erişim
15531,8,2,1972.39,United Kingdom,4.954337899543379,3.0354337899543378,Yeni / Potansiyel Müşteri,Hoş Geldin Kampanyası
15532,25,10,3717.2,United Kingdom,2.1628664495114007,3.7159609120521173,Sadık Müşteri,Sadakat Programı / Erken Erişim
15533,19,3,807.57,United Kingdom,3.4819277108433737,4.041927710843374,Orta Segment,Çapraz Satış Önerisi
15534,726,1,162.25,United Kingdom,7.875,3.7375,Pasif/Kaybedilmiş,Geri Kazanma Kampanyası
15535,173,6,1044.37,United Kingdom,2.4153846153846152,4.546,Orta Segment,Çapraz Satış Önerisi
15536,409,1,259.09,United Kingdom,15.125,1.486875,Pasif/Kaybedilmiş,Geri Kazanma Kampanyası
15537,163,1,110.92,United Kingdom,1.2083333333333333,3.862083333333333,Orta Segment,Çapraz Satış Önerisi
15538,538,6,3358.4,United Kingdom,72.57142857142857,7.457142857142856,Kaybedilme Riski (Değerli),Yüksek İndirim / Kişisel Teklif
15539,7,1,538.46,United Kingdom,10.0,1.343658536585366,Yeni / Potansiyel Müşteri,Hoş Geldin Kampanyası
15540,11,2,460.68,United Kingdom,14.32258064516129,1.553225806451613,Yeni / Potansiyel Müşteri,Hoş Geldin Kampanyası
15541,114,1,85.13,United Kingdom,1.6896551724137931,2.0941379310344828,Orta Segment,Çapraz Satış Önerisi
15542,512,3,855.71,United Kingdom,1.8495575221238938,2.700044247787611,Orta Segment,Çapraz Satış Önerisi
15543,288,2,242.26,United Kingdom,2.982142857142857,2.175892857142857,Pasif/Kaybedilmiş,Geri Kazanma Kampanyası
15544,9,20,7807.89,United Kingdom,12.702448210922787,1.56030131826742,Sadık Müşteri,Sadakat Programı / Erken Erişim
15545,54,2,288.97,United Kingdom,2.025,2.67875,Yeni / Potansiyel Müşteri,Hoş Geldin Kampanyası
15546,607,2,1079.1,United Kingdom,16.5,5.45,Pasif/Kaybedilmiş,Geri Kazanma Kampanyası
15547,7,26,10002.65,United Kingdom,5.455981941309255,2.6935063957863057,Sadık Müşteri,Sadakat Programı / Erken Erişim
15548,596,1,158.09,United Kingdom,2.782608695652174,3.245217391304348,Pasif/Kaybedilmiş,Geri Kazanma Kampanyası
15549,77,8,2330.41,United Kingdom,5.83125,3.4862499999999996,Orta Segment,Çapraz Satış Önerisi
15550,4,12,2211.05,United Kingdom,4.846808510638298,2.747531914893617,Sadık Müşteri,Sadakat Programı / Erken Erişim
15551,37,7,1679.81,United Kingdom,5.566433566433567,3.1494405594405595,Sadık Müşteri,Sadakat Programı / Erken Erişim
15552,217,2,252.52,United Kingdom,5.533333333333333,2.2143333333333337,Pasif/Kaybedilmiş,Geri Kazanma Kampanyası
15553,60,1,428.93,United Kingdom,8.163636363636364,2.378727272727273,Orta Segment,Çapraz Satış Önerisi
15554,278,1,217.2,United Kingdom,5.285714285714286,4.810714285714285,Pasif/Kaybedilmiş,Geri Kazanma Kampanyası
15555,12,36,11233.78,United Kingdom,5.32703213610586,1.9982104599873975,Sadık Müşteri,Sadakat Programı / Erken Erişim
15556,24,1,279.77,United Kingdom,7.612903225806452,1.7899999999999998,Yeni / Potansiyel Müşteri,Hoş Geldin Kampanyası
15557,29,1,468.91,United Kingdom,11.210526315789474,3.7052631578947373,Yeni / Potansiyel Müşteri,Hoş Geldin Kampanyası
15558,639,1,202.68,United Kingdom,3.1739130434782608,4.565652173913043,Pasif/Kaybedilmiş,Geri Kazanma Kampanyası
15559,568,1,1109.4,United Kingdom,8.483870967741936,3.7193548387096773,Pasif/Kaybedilmiş,Geri Kazanma Kampanyası
15560,398,2,153.52,United Kingdom,7.2,2.644,Pasif/Kaybedilmiş,Geri Kazanma Kampanyası
15561,12,8,1934.39,United Kingdom,14.5,3.1106521739130435,Sadık Müşteri,Sadakat Programı / Erken Erişim
15562,352,3,671.43,United Kingdom,16.96969696969697,2.184242424242424,Orta Segment,Çapraz Satış Önerisi
15563,22,6,2820.46,United Kingdom,11.549019607843137,1.911686274509804,Sadık Müşteri,Sadakat Programı / Erken Erişim
15564,463,2,70.74,United Kingdom,10.5,2.2175000000000002,Pasif/Kaybedilmiş,Geri Kazanma Kampanyası
15565,50,2,173.16,United Kingdom,7.5,4.56625,Yeni / Potansiyel Müşteri,Hoş Geldin Kampanyası
15566,393,2,227.87,United Kingdom,12.75,2.1441666666666666,Pasif/Kaybedilmiş,Geri Kazanma Kampanyası
15567,19,1,186.01,United Kingdom,31.857142857142858,3.2357142857142853,Yeni / Potansiyel Müşteri,Hoş Geldin Kampanyası
15568,3,3,758.29,United Kingdom,8.69811320754717,2.5564150943396227,Orta Segment,Çapraz Satış Önerisi
15569,104,10,3583.45,United Kingdom,12.385714285714286,2.425357142857143,Orta Segment,Çapraz Satış Önerisi
15570,7,25,8736.49,United Kingdom,5.587671232876712,3.7380821917808222,Sadık Müşteri,Sadakat Programı / Erken Erişim
15571,12,14,3892.35,United Kingdom,4.0183333333333335,2.524916666666667,Sadık Müşteri,Sadakat Programı / Erken Erişim
15572,5,10,3965.2,United Kingdom,6.090379008746356,3.5462682215743437,Sadık Müşteri,Sadakat Programı / Erken Erişim
15573,32,5,1180.47,United Kingdom,3.6619047619047618,2.7988095238095236,Sadık Müşteri,Sadakat Programı / Erken Erişim
15574,178,6,1101.44,United Kingdom,3.260869565217391,2.4717826086956523,Orta Segment,Çapraz Satış Önerisi
15575,620,1,30.1,United Kingdom,2.0,5.183333333333334,Pasif/Kaybedilmiş,Geri Kazanma Kampanyası
15576,38,1,921.37,United Kingdom,9.162790697674419,3.65,Yeni / Potansiyel Müşteri,Hoş Geldin Kampanyası
15577,151,5,396.03,United Kingdom,2.0338983050847457,3.429830508474576,Orta Segment,Çapraz Satış Önerisi
15578,162,1,127.1,United Kingdom,4.0,2.3884615384615384,Orta Segment,Çapraz Satış Önerisi
15579,69,5,1250.63,United Kingdom,4.428571428571429,3.314844720496895,Orta Segment,Çapraz Satış Önerisi
15580,377,8,1375.39,United Kingdom,4.2444444444444445,2.4452,Kaybedilme Riski (Değerli),Yüksek İndirim / Kişisel Teklif
15581,156,34,4505.16,United Kingdom,4.452135493372607,2.496539027982327,Orta Segment,Çapraz Satış Önerisi
15582,25,3,682.91,United Kingdom,10.295454545454545,2.3970454545454545,Orta Segment,Çapraz Satış Önerisi
15583,376,1,95.96,United Kingdom,1.435897435897436,1.8784615384615386,Pasif/Kaybedilmiş,Geri Kazanma Kampanyası
15584,24,6,1268.2,United Kingdom,2.1954545454545453,3.1925454545454546,Sadık Müşteri,Sadakat Programı / Erken Erişim
15585,177,1,455.3,United Kingdom,10.32258064516129,2.2641935483870967,Orta Segment,Çapraz Satış Önerisi
15586,593,3,1139.1,United Kingdom,35.21052631578947,1.58,Orta Segment,Çapraz Satış Önerisi
15587,50,7,1522.08,United Kingdom,37.714285714285715,2.9014285714285717,Sadık Müşteri,Sadakat Programı / Erken Erişim
15588,678,1,579.6,United Kingdom,24.0,6.0375,Pasif/Kaybedilmiş,Geri Kazanma Kampanyası
15589,256,3,478.53,United Kingdom,8.379310344827585,3.6893103448275864,Orta Segment,Çapraz Satış Önerisi
15590,382,5,1496.6,United Kingdom,9.563218390804598,2.528275862068966,Kaybedilme Riski (Değerli),Yüksek İndirim / Kişisel Teklif
15591,583,3,217.9,United Kingdom,8.285714285714286,4.564285714285715,Orta Segment,Çapraz Satış Önerisi
15592,47,1,388.58,United Kingdom,14.75,1.5645833333333334,Yeni / Potansiyel Müşteri,Hoş Geldin Kampanyası
15593,71,1,199.8,United Kingdom,12.0,3.3299999999999996,Orta Segment,Çapraz Satış Önerisi
15594,16,5,1771.78,United Kingdom,9.54368932038835,3.1589320388349513,Sadık Müşteri,Sadakat Programı / Erken Erişim
15595,488,1,357.6,United Kingdom,36.0,2.2,Pasif/Kaybedilmiş,Geri Kazanma Kampanyası
15596,101,9,2727.72,United Kingdom,7.7935483870967746,3.9855483870967743,Orta Segment,Çapraz Satış Önerisi
15597,35,2,563.37,United Kingdom,10.621621621621621,2.2675675675675677,Yeni / Potansiyel Müşteri,Hoş Geldin Kampanyası
15598,53,2,548.02,United Kingdom,11.222222222222221,2.1894444444444443,Yeni / Potansiyel Müşteri,Hoş Geldin Kampanyası
15599,27,3,1250.06,United Kingdom,13.228915662650602,1.9466265060240964,Orta Segment,Çapraz Satış Önerisi
15600,428,4,1199.31,United Kingdom,9.253521126760564,3.5646478873239436,Orta Segment,Çapraz Satış Önerisi
15601,11,30,14191.74,United Kingdom,12.615291262135923,2.531140776699029,Sadık Müşteri,Sadakat Programı / Erken Erişim
15602,8,16,3137.96,United Kingdom,18.336,2.54224,Sadık Müşteri,Sadakat Programı / Erken Erişim
15603,79,2,88.48,United Kingdom,32.0,0.8775,Orta Segment,Çapraz Satış Önerisi
15604,52,1,216.39,United Kingdom,9.352941176470589,1.543529411764706,Yeni / Potansiyel Müşteri,Hoş Geldin Kampanyası
15605,36,9,1741.95,United Kingdom,6.474747474747475,4.73979797979798,Sadık Müşteri,Sadakat Programı / Erken Erişim
15606,61,17,5230.99,United Kingdom,11.137931034482758,3.898,Orta Segment,Çapraz Satış Önerisi
15607,337,9,1708.97,United Kingdom,13.486238532110091,2.336238532110092,Kaybedilme Riski (Değerli),Yüksek İndirim / Kişisel Teklif
15608,28,5,1785.98,United Kingdom,12.019047619047619,2.7525714285714282,Sadık Müşteri,Sadakat Programı / Erken Erişim
15609,184,1,298.48,United Kingdom,9.25,4.44625,Orta Segment,Çapraz Satış Önerisi
15610,52,1,112.46,United Kingdom,11.0,1.8733333333333333,Yeni / Potansiyel Müşteri,Hoş Geldin Kampanyası
15611,10,24,2976.28,United Kingdom,8.097826086956522,6.02641304347826,Sadık Müşteri,Sadakat Programı / Erken Erişim
15612,36,2,195.15,United Kingdom,8.666666666666666,6.141666666666667,Yeni / Potansiyel Müşteri,Hoş Geldin Kampanyası
15613,610,1,433.72,United Kingdom,25.925925925925927,1.7103703703703703,Pasif/Kaybedilmiş,Geri Kazanma Kampanyası
15614,438,4,3147.36,United Kingdom,20.14814814814815,3.404197530864198,Orta Segment,Çapraz Satış Önerisi
15615,10,47,21373.97,United Kingdom,13.41842397336293,2.533762486126526,Sadık Müşteri,Sadakat Programı / Erken Erişim
15616,438,1,317.11,United Kingdom,10.538461538461538,7.006923076923077,Pasif/Kaybedilmiş,Geri Kazanma Kampanyası
15617,396,3,828.55,United Kingdom,11.547619047619047,3.2083333333333335,Orta Segment,Çapraz Satış Önerisi
15618,33,4,776.85,United Kingdom,10.088888888888889,2.550911111111111,Orta Segment,Çapraz Satış Önerisi
15619,11,1,336.4,United Kingdom,45.333333333333336,4.416666666666667,Yeni / Potansiyel Müşteri,Hoş Geldin Kampanyası
15620,57,4,1942.36,United Kingdom,9.682170542635658,3.467286821705426,Orta Segment,Çapraz Satış Önerisi
15621,4,4,1293.03,United Kingdom,31.3125,2.06625,Orta Segment,Çapraz Satış Önerisi
15622,43,17,7852.61,United Kingdom,9.603286384976526,3.62237089201878,Sadık Müşteri,Sadakat Programı / Erken Erişim
15623,141,8,2437.05,United Kingdom,10.064814814814815,3.8724074074074077,Orta Segment,Çapraz Satış Önerisi
15624,117,4,588.13,United Kingdom,10.5,3.6561764705882354,Orta Segment,Çapraz Satış Önerisi
15625,104,9,3236.4,United Kingdom,17.660818713450293,1.4271929824561405,Orta Segment,Çapraz Satış Önerisi
15626,75,3,1067.52,United Kingdom,14.225,1.6396249999999999,Orta Segment,Çapraz Satış Önerisi
15627,457,2,566.9,United Kingdom,14.333333333333334,1.6354166666666667,Pasif/Kaybedilmiş,Geri Kazanma Kampanyası
15628,5,17,5333.08,United Kingdom,11.936454849498327,2.5314046822742475,Sadık Müşteri,Sadakat Programı / Erken Erişim
15629,450,4,2240.9,United Kingdom,19.714285714285715,2.879220779220779,Orta Segment,Çapraz Satış Önerisi
15630,45,3,1481.4,United Kingdom,12.3375,2.682875,Orta Segment,Çapraz Satış Önerisi
15631,642,1,596.67,United Kingdom,13.461538461538462,2.244102564102564,Pasif/Kaybedilmiş,Geri Kazanma Kampanyası
15632,16,8,3285.31,United Kingdom,12.62874251497006,2.695928143712575,Sadık Müşteri,Sadakat Programı / Erken Erişim
15633,509,13,4335.96,United Kingdom,11.636363636363637,3.376590909090909,Kaybedilme Riski (Değerli),Yüksek İndirim / Kişisel Teklif
15634,17,2,554.65,United Kingdom,6.676470588235294,3.6470588235294117,Yeni / Potansiyel Müşteri,Hoş Geldin Kampanyası
15635,396,1,100.35,United Kingdom,2.5,18.85,Pasif/Kaybedilmiş,Geri Kazanma Kampanyası
15636,90,4,1444.58,United Kingdom,9.824561403508772,3.621578947368421,Orta Segment,Çapraz Satış Önerisi
15637,53,5,797.59,United Kingdom,15.878048780487806,3.0697560975609757,Sadık Müşteri,Sadakat Programı / Erken Erişim
15638,379,6,2265.2,United Kingdom,45.36,3.3760000000000003,Kaybedilme Riski (Değerli),Yüksek İndirim / Kişisel Teklif
15639,134,3,1065.08,United Kingdom,12.304347826086957,3.0427536231884056,Orta Segment,Çapraz Satış Önerisi
15640,4,29,23459.51,United Kingdom,16.21954484605087,2.8036144578313253,Sadık Müşteri,Sadakat Programı / Erken Erişim
15641,105,12,5345.55,United Kingdom,14.218649517684888,1.9905466237942124,Orta Segment,Çapraz Satış Önerisi
15642,730,1,105.78,United Kingdom,45.0,0.4166666666666667,Pasif/Kaybedilmiş,Geri Kazanma Kampanyası
15643,192,3,664.0,United Kingdom,7.454545454545454,5.933030303030303,Orta Segment,Çapraz Satış Önerisi
15644,166,4,803.54,United Kingdom,2.3706896551724137,1.794353448275862,Orta Segment,Çapraz Satış Önerisi
15645,19,3,1054.75,United Kingdom,5.895522388059701,3.383582089552239,Orta Segment,Çapraz Satış Önerisi
15646,158,5,784.81,United Kingdom,12.073529411764707,2.3226470588235295,Orta Segment,Çapraz Satış Önerisi
15647,415,1,169.0,United Kingdom,11.272727272727273,1.6909090909090911,Pasif/Kaybedilmiş,Geri Kazanma Kampanyası
15648,204,2,639.5,United Kingdom,9.083333333333334,4.522916666666666,Pasif/Kaybedilmiş,Geri Kazanma Kampanyası
15649,336,4,1660.35,United Kingdom,33.18181818181818,5.904545454545455,Orta Segment,Çapraz Satış Önerisi
15650,522,2,553.88,United Kingdom,5.833333333333333,4.862777777777778,Pasif/Kaybedilmiş,Geri Kazanma Kampanyası
15651,37,5,1259.06,United Kingdom,14.516666666666667,2.0708333333333333,Sadık Müşteri,Sadakat Programı / Erken Erişim
15652,91,5,1405.94,United Kingdom,6.4411764705882355,4.181764705882353,Orta Segment,Çapraz Satış Önerisi
15653,93,2,877.44,United Kingdom,200.0,0.9066666666666666,Orta Segment,Çapraz Satış Önerisi
15654,9,2,922.53,United Kingdom,22.61904761904762,3.070952380952381,Yeni / Potansiyel Müşteri,Hoş Geldin Kampanyası
15655,243,1,560.67,United Kingdom,9.529411764705882,3.0920588235294115,Pasif/Kaybedilmiş,Geri Kazanma Kampanyası
15656,45,4,748.5,United Kingdom,7.297872340425532,4.41127659574468,Orta Segment,Çapraz Satış Önerisi
15657,23,1,30.0,United Kingdom,24.0,1.25,Yeni / Potansiyel Müşteri,Hoş Geldin Kampanyası
15658,190,8,2117.27,United Kingdom,6.147058823529412,5.2447058823529416,Kaybedilme Riski (Değerli),Yüksek İndirim / Kişisel Teklif
15659,44,3,532.49,United Kingdom,7.666666666666667,5.651428571428572,Orta Segment,Çapraz Satış Önerisi
15660,25,15,2603.69,United Kingdom,11.80794701986755,2.2719205298013243,Sadık Müşteri,Sadakat Programı / Erken Erişim
15661,317,8,1215.95,United Kingdom,17.704545454545453,2.6963636363636363,Kaybedilme Riski (Değerli),Yüksek İndirim / Kişisel Teklif
15662,661,2,283.73,United Kingdom,12.083333333333334,3.783333333333333,Pasif/Kaybedilmiş,Geri Kazanma Kampanyası
15663,106,1,138.14,United Kingdom,11.777777777777779,2.51,Orta Segment,Çapraz Satış Önerisi
15664,51,4,1231.53,United Kingdom,7.594202898550725,2.9127536231884057,Orta Segment,Çapraz Satış Önerisi
15665,168,5,3987.07,United Kingdom,9.70979020979021,2.2416083916083918,Orta Segment,Çapraz Satış Önerisi
15666,472,2,632.94,United Kingdom,7.0,2.0407462686567164,Pasif/Kaybedilmiş,Geri Kazanma Kampanyası
15667,40,1,301.32,United Kingdom,18.46153846153846,1.5553846153846154,Yeni / Potansiyel Müşteri,Hoş Geldin Kampanyası
15668,218,1,76.32,United Kingdom,72.0,1.06,Pasif/Kaybedilmiş,Geri Kazanma Kampanyası
15669,40,4,684.34,United Kingdom,10.363636363636363,3.212121212121212,Orta Segment,Çapraz Satış Önerisi
15670,297,2,325.2,United Kingdom,6.947368421052632,3.918421052631579,Pasif/Kaybedilmiş,Geri Kazanma Kampanyası
15671,19,7,2657.13,United Kingdom,21.78205128205128,2.4162820512820513,Sadık Müşteri,Sadakat Programı / Erken Erişim
15672,725,1,45.3,United Kingdom,3.3333333333333335,6.883333333333333,Pasif/Kaybedilmiş,Geri Kazanma Kampanyası
15673,88,9,6204.32,United Kingdom,12.216417910447761,2.7305597014925374,Orta Segment,Çapraz Satış Önerisi
15674,73,12,6613.52,United Kingdom,10.42,3.2785714285714285,Orta Segment,Çapraz Satış Önerisi
15675,81,4,542.04,United Kingdom,17.82857142857143,3.213142857142857,Orta Segment,Çapraz Satış Önerisi
15676,19,3,3435.76,United Kingdom,11.148514851485148,3.1958415841584156,Orta Segment,Çapraz Satış Önerisi
15677,49,3,1305.63,United Kingdom,9.375,3.5230555555555556,Orta Segment,Çapraz Satış Önerisi
15678,53,3,1825.94,United Kingdom,11.108695652173912,2.8686956521739133,Orta Segment,Çapraz Satış Önerisi
15679,24,4,781.28,United Kingdom,10.636363636363637,1.1043636363636364,Orta Segment,Çapraz Satış Önerisi
15680,9,10,4028.69,United Kingdom,11.622881355932204,2.9767796610169492,Sadık Müşteri,Sadakat Programı / Erken Erişim
15681,25,14,2989.7,United Kingdom,15.818181818181818,2.874318181818182,Sadık Müşteri,Sadakat Programı / Erken Erişim
15682,599,2,318.24,United Kingdom,8.88,2.1412,Pasif/Kaybedilmiş,Geri Kazanma Kampanyası
15683,117,2,524.54,United Kingdom,12.76923076923077,2.414230769230769,Orta Segment,Çapraz Satış Önerisi
15684,547,3,173.95,United Kingdom,7.0,4.913636363636363,Orta Segment,Çapraz Satış Önerisi
15685,450,1,55.98,United Kingdom,2.1176470588235294,1.7629411764705885,Pasif/Kaybedilmiş,Geri Kazanma Kampanyası
15686,420,1,90.0,United Kingdom,72.0,1.25,Pasif/Kaybedilmiş,Geri Kazanma Kampanyası
15687,9,9,2993.1,United Kingdom,7.891566265060241,4.248253012048193,Sadık Müşteri,Sadakat Programı / Erken Erişim
15688,419,1,190.57,United Kingdom,3.5185185185185186,2.3840740740740745,Pasif/Kaybedilmiş,Geri Kazanma Kampanyası
15689,120,3,521.03,United Kingdom,8.625,3.56625,Orta Segment,Çapraz Satış Önerisi
15690,4,2,239.76,United Kingdom,21.473684210526315,0.6831578947368421,Yeni / Potansiyel Müşteri,Hoş Geldin Kampanyası
15691,252,4,571.3,United Kingdom,15.142857142857142,3.3857142857142857,Orta Segment,Çapraz Satış Önerisi
15692,28,1,191.04,United Kingdom,11.5,1.9041666666666668,Yeni / Potansiyel Müşteri,Hoş Geldin Kampanyası
15693,659,1,37.5,United Kingdom,30.0,1.25,Pasif/Kaybedilmiş,Geri Kazanma Kampanyası
15694,1,23,9963.48,United Kingdom,17.366197183098592,4.473380281690141,Sadık Müşteri,Sadakat Programı / Erken Erişim
15695,267,4,1131.04,United Kingdom,8.203389830508474,3.9196610169491524,Orta Segment,Çapraz Satış Önerisi
15696,33,13,3881.22,United Kingdom,6.271493212669683,4.699140271493213,Sadık Müşteri,Sadakat Programı / Erken Erişim
15697,690,1,246.75,United Kingdom,9.071428571428571,3.4464285714285716,Pasif/Kaybedilmiş,Geri Kazanma Kampanyası
15698,624,1,46.2,United Kingdom,30.0,0.95,Pasif/Kaybedilmiş,Geri Kazanma Kampanyası
15699,18,1,309.65,United Kingdom,6.277777777777778,6.181111111111111,Yeni / Potansiyel Müşteri,Hoş Geldin Kampanyası
15700,172,2,696.68,United Kingdom,4.151162790697675,2.933488372093023,Orta Segment,Çapraz Satış Önerisi
15701,2,4,1529.0,United Kingdom,3.965217391304348,2.9761739130434783,Orta Segment,Çapraz Satış Önerisi
15702,476,1,112.57,Nigeria,3.5172413793103448,2.5744827586206895,Pasif/Kaybedilmiş,Geri Kazanma Kampanyası
15703,265,1,211.5,United Kingdom,13.2,2.93,Pasif/Kaybedilmiş,Geri Kazanma Kampanyası
15704,140,6,3734.66,United Kingdom,8.377450980392156,3.1773039215686274,Orta Segment,Çapraz Satış Önerisi
15705,201,1,143.1,United Kingdom,10.333333333333334,6.05,Pasif/Kaybedilmiş,Geri Kazanma Kampanyası
15706,64,4,1060.56,United Kingdom,5.836363636363636,5.126181818181818,Orta Segment,Çapraz Satış Önerisi
15707,35,4,916.98,United Kingdom,2.897560975609756,2.2645853658536588,Orta Segment,Çapraz Satış Önerisi
15708,41,9,3887.15,United Kingdom,4.347181008902077,4.155697329376855,Sadık Müşteri,Sadakat Programı / Erken Erişim
15709,284,2,327.85,United Kingdom,6.2592592592592595,4.618518518518518,Pasif/Kaybedilmiş,Geri Kazanma Kampanyası
15710,417,1,898.87,United Kingdom,5.827272727272727,2.4634545454545456,Pasif/Kaybedilmiş,Geri Kazanma Kampanyası
15711,557,2,420.25,United Kingdom,7.96,3.378,Pasif/Kaybedilmiş,Geri Kazanma Kampanyası
15712,9,12,3472.41,United Kingdom,7.692771084337349,3.9047590361445788,Sadık Müşteri,Sadakat Programı / Erken Erişim
15713,143,4,839.64,United Kingdom,8.673076923076923,4.304230769230769,Orta Segment,Çapraz Satış Önerisi
15714,12,5,783.96,United Kingdom,7.520833333333333,2.9414583333333333,Sadık Müşteri,Sadakat Programı / Erken Erişim
15715,556,5,658.02,United Kingdom,6.473684210526316,4.088421052631579,Orta Segment,Çapraz Satış Önerisi
15716,146,11,2482.74,United Kingdom,4.817543859649123,2.7022456140350877,Orta Segment,Çapraz Satış Önerisi
15717,234,5,607.0,United Kingdom,9.333333333333334,3.389583333333333,Orta Segment,Çapraz Satış Önerisi
15718,540,1,293.79,United Kingdom,5.277777777777778,5.051111111111111,Pasif/Kaybedilmiş,Geri Kazanma Kampanyası
15719,33,31,10194.32,United Kingdom,3.0271339739966083,2.4224590163934425,Sadık Müşteri,Sadakat Programı / Erken Erişim
15720,24,2,739.22,United Kingdom,2.1372549019607843,2.746862745098039,Yeni / Potansiyel Müşteri,Hoş Geldin Kampanyası
15721,12,1,471.4,United Kingdom,4.619047619047619,2.075833333333333,Yeni / Potansiyel Müşteri,Hoş Geldin Kampanyası
15722,36,11,5234.0,United Kingdom,12.803370786516854,3.5918539325842698,Sadık Müşteri,Sadakat Programı / Erken Erişim
15723,365,4,930.7,United Kingdom,3.4715447154471546,2.7804065040650405,Orta Segment,Çapraz Satış Önerisi
15724,201,3,310.85,United Kingdom,6.882352941176471,3.126470588235294,Orta Segment,Çapraz Satış Önerisi
15725,15,1,415.25,United Kingdom,6.90625,2.65125,Yeni / Potansiyel Müşteri,Hoş Geldin Kampanyası
15726,390,1,321.91,United Kingdom,5.3478260869565215,4.838260869565217,Pasif/Kaybedilmiş,Geri Kazanma Kampanyası
15727,17,15,9371.71,United Kingdom,8.624817518248175,3.572131386861314,Sadık Müşteri,Sadakat Programı / Erken Erişim
15728,380,2,544.6,United Kingdom,11.0,4.133333333333334,Pasif/Kaybedilmiş,Geri Kazanma Kampanyası
15729,213,3,192.55,United Kingdom,4.2727272727272725,4.8136363636363635,Orta Segment,Çapraz Satış Önerisi
15730,66,5,1726.58,United Kingdom,9.558558558558559,3.058918918918919,Orta Segment,Çapraz Satış Önerisi
15731,554,1,125.3,United Kingdom,15.25,1.1125,Pasif/Kaybedilmiş,Geri Kazanma Kampanyası
15732,212,10,1543.97,United Kingdom,12.767676767676768,2.2074747474747474,Kaybedilme Riski (Değerli),Yüksek İndirim / Kişisel Teklif
15733,283,1,162.3,United Kingdom,6.2,4.35,Pasif/Kaybedilmiş,Geri Kazanma Kampanyası
15734,115,4,2263.3,United Kingdom,12.0,11.489302325581395,Orta Segment,Çapraz Satış Önerisi
15735,421,1,327.68,United Kingdom,10.842105263157896,3.2263157894736842,Pasif/Kaybedilmiş,Geri Kazanma Kampanyası
15736,435,2,1767.12,United Kingdom,12.08,3.2782999999999998,Pasif/Kaybedilmiş,Geri Kazanma Kampanyası
15737,15,8,1188.12,United Kingdom,8.408450704225352,3.8457746478873243,Sadık Müşteri,Sadakat Programı / Erken Erişim
15738,19,41,13043.32,United Kingdom,18.734439834024897,2.02298755186722,Sadık Müşteri,Sadakat Programı / Erken Erişim
15739,66,1,449.12,United Kingdom,59.0,2.52375,Orta Segment,Çapraz Satış Önerisi
15740,49,1,154.88,United Kingdom,16.88888888888889,2.4722222222222223,Yeni / Potansiyel Müşteri,Hoş Geldin Kampanyası
15741,458,2,208.62,United Kingdom,5.833333333333333,4.036666666666666,Pasif/Kaybedilmiş,Geri Kazanma Kampanyası
15742,619,1,156.87,United Kingdom,1.2439024390243902,3.540731707317073,Pasif/Kaybedilmiş,Geri Kazanma Kampanyası
15743,16,4,775.96,United Kingdom,2.488372093023256,4.6939534883720935,Orta Segment,Çapraz Satış Önerisi
15744,78,1,34.8,United Kingdom,40.0,0.29,Orta Segment,Çapraz Satış Önerisi
15745,19,4,1094.59,United Kingdom,6.790322580645161,4.3022580645161295,Orta Segment,Çapraz Satış Önerisi
15746,134,1,196.88,United Kingdom,6.357142857142857,1.4835714285714285,Orta Segment,Çapraz Satış Önerisi
15747,13,9,2499.81,United Kingdom,6.222222222222222,2.398333333333333,Sadık Müşteri,Sadakat Programı / Erken Erişim
15748,40,3,609.81,United Kingdom,7.25,3.585,Orta Segment,Çapraz Satış Önerisi
15749,235,3,44534.3,United Kingdom,1802.8,3.0439999999999996,Orta Segment,Çapraz Satış Önerisi
15750,3,18,6452.99,United Kingdom,6.81687898089172,2.7264028662420383,Sadık Müşteri,Sadakat Programı / Erken Erişim
15751,461,11,1380.44,United Kingdom,3.4076923076923076,4.787923076923077,Kaybedilme Riski (Değerli),Yüksek İndirim / Kişisel Teklif
15752,40,9,3924.91,United Kingdom,4.764505119453925,1.897235494880546,Sadık Müşteri,Sadakat Programı / Erken Erişim
15753,305,1,79.2,United Kingdom,144.0,0.55,Pasif/Kaybedilmiş,Geri Kazanma Kampanyası
15754,51,9,3037.61,United Kingdom,13.450381679389313,3.6125954198473282,Sadık Müşteri,Sadakat Programı / Erken Erişim
15755,10,17,5993.12,United Kingdom,10.873315363881401,2.751455525606469,Sadık Müşteri,Sadakat Programı / Erken Erişim
15756,61,4,528.01,United Kingdom,1.2617801047120418,2.4642931937172774,Orta Segment,Çapraz Satış Önerisi
15757,66,6,2940.36,United Kingdom,9.103626943005182,3.6814507772020724,Orta Segment,Çapraz Satış Önerisi
15758,25,1,205.25,United Kingdom,5.222222222222222,4.427777777777778,Yeni / Potansiyel Müşteri,Hoş Geldin Kampanyası
15759,218,7,830.93,United Kingdom,30.764705882352942,4.722941176470589,Orta Segment,Çapraz Satış Önerisi
15761,443,1,143.05,United Kingdom,6.2,7.290000000000001,Pasif/Kaybedilmiş,Geri Kazanma Kampanyası
15762,65,2,583.75,United Kingdom,6.783783783783784,4.0018918918918915,Orta Segment,Çapraz Satış Önerisi
15763,32,2,1086.92,United Kingdom,4.442622950819672,6.6593442622950825,Yeni / Potansiyel Müşteri,Hoş Geldin Kampanyası
15764,88,8,4503.08,United Kingdom,11.82730923694779,2.7738152610441764,Orta Segment,Çapraz Satış Önerisi
15765,667,1,370.63,United Kingdom,13.4,2.6956,Pasif/Kaybedilmiş,Geri Kazanma Kampanyası
15766,64,3,831.06,United Kingdom,12.846153846153847,3.3515384615384614,Orta Segment,Çapraz Satış Önerisi
15768,116,34,15308.89,United Kingdom,3.4892384105960264,5.195554635761589,Orta Segment,Çapraz Satış Önerisi
15769,7,46,88612.52,United Kingdom,220.03587443946188,1.9118834080717488,Sadık Müşteri,Sadakat Programı / Erken Erişim
15770,613,1,321.45,United Kingdom,3.7222222222222223,6.027777777777778,Pasif/Kaybedilmiş,Geri Kazanma Kampanyası
15771,604,3,1006.54,United Kingdom,18.285714285714285,3.3353571428571427,Orta Segment,Çapraz Satış Önerisi
15772,418,1,280.88,United Kingdom,6.875,4.52,Pasif/Kaybedilmiş,Geri Kazanma Kampanyası
15773,6,2,774.52,United Kingdom,8.72340425531915,1.9300000000000002,Yeni / Potansiyel Müşteri,Hoş Geldin Kampanyası
15774,69,6,1287.09,United Kingdom,4.256880733944954,4.886880733944953,Orta Segment,Çapraz Satış Önerisi
15775,245,2,150.5,United Kingdom,28.88888888888889,1.9855555555555557,Pasif/Kaybedilmiş,Geri Kazanma Kampanyası
15776,133,1,241.62,United Kingdom,7.666666666666667,4.183888888888889,Orta Segment,Çapraz Satış Önerisi
15777,241,7,1762.61,United Kingdom,15.35897435897436,4.493846153846154,Kaybedilme Riski (Değerli),Yüksek İndirim / Kişisel Teklif
15778,431,1,307.95,United Kingdom,5.9411764705882355,4.626470588235295,Pasif/Kaybedilmiş,Geri Kazanma Kampanyası
15779,463,2,124.08,United Kingdom,2.5,8.355,Pasif/Kaybedilmiş,Geri Kazanma Kampanyası
15780,184,3,475.28,United Kingdom,7.586206896551724,4.157586206896552,Orta Segment,Çapraz Satış Önerisi
15781,25,3,345.46,United Kingdom,9.0,3.9675,Orta Segment,Çapraz Satış Önerisi
15782,10,4,4014.1,United Kingdom,30.229508196721312,4.859016393442623,Orta Segment,Çapraz Satış Önerisi
15783,11,1,246.3,United Kingdom,15.142857142857142,3.4364285714285714,Yeni / Potansiyel Müşteri,Hoş Geldin Kampanyası
15784,468,2,848.33,United Kingdom,8.86046511627907,3.9939534883720924,Pasif/Kaybedilmiş,Geri Kazanma Kampanyası
15785,33,16,5969.93,United Kingdom,19.906666666666666,2.6812,Sadık Müşteri,Sadakat Programı / Erken Erişim
15786,46,5,8501.62,United Kingdom,12.810752688172043,2.983827956989247,Sadık Müşteri,Sadakat Programı / Erken Erişim
15787,26,3,933.26,United Kingdom,2.67,2.1557,Orta Segment,Çapraz Satış Önerisi
15788,509,1,221.83,United Kingdom,8.214285714285714,4.875714285714286,Pasif/Kaybedilmiş,Geri Kazanma Kampanyası
15789,358,6,1962.01,United Kingdom,18.108695652173914,1.8370289855072464,Kaybedilme Riski (Değerli),Yüksek İndirim / Kişisel Teklif
15790,10,1,218.75,United Kingdom,3.323529411764706,3.463235294117647,Yeni / Potansiyel Müşteri,Hoş Geldin Kampanyası
15791,44,5,3608.34,United Kingdom,11.796407185628743,2.665209580838323,Sadık Müşteri,Sadakat Programı / Erken Erişim
15792,400,2,933.84,United Kingdom,10.631578947368421,2.437017543859649,Pasif/Kaybedilmiş,Geri Kazanma Kampanyası
15793,15,8,2399.57,United Kingdom,56.166666666666664,2.5679999999999996,Sadık Müşteri,Sadakat Programı / Erken Erişim
15794,736,2,777.0,United Kingdom,19.2,3.3766666666666665,Pasif/Kaybedilmiş,Geri Kazanma Kampanyası
15795,150,8,1979.87,United Kingdom,10.770992366412214,2.7830534351145038,Orta Segment,Çapraz Satış Önerisi
15796,1,17,5170.63,United Kingdom,5.931506849315069,4.113972602739726,Sadık Müşteri,Sadakat Programı / Erken Erişim
15797,113,5,2806.08,United Kingdom,116.36363636363636,2.278181818181818,Orta Segment,Çapraz Satış Önerisi
15798,493,3,1535.37,United Kingdom,11.024096385542169,2.4274698795180725,Orta Segment,Çapraz Satış Önerisi
15799,76,4,1421.34,United Kingdom,8.707792207792208,2.251948051948052,Orta Segment,Çapraz Satış Önerisi
15800,107,7,1227.07,United Kingdom,2.478448275862069,2.666465517241379,Orta Segment,Çapraz Satış Önerisi
15801,46,3,1063.95,United Kingdom,8.90625,2.96421875,Orta Segment,Çapraz Satış Önerisi
15803,51,4,1929.66,United Kingdom,20.19607843137255,2.846470588235294,Orta Segment,Çapraz Satış Önerisi
15804,1,13,4206.39,United Kingdom,9.790076335877863,3.7104961832061067,Sadık Müşteri,Sadakat Programı / Erken Erişim
15805,23,30,10148.93,United Kingdom,11.7296786389414,2.7221928166351606,Sadık Müşteri,Sadakat Programı / Erken Erişim
15806,46,3,784.58,United Kingdom,19.419354838709676,2.004193548387097,Orta Segment,Çapraz Satış Önerisi
15807,50,5,1817.52,United Kingdom,17.40909090909091,2.6036363636363635,Sadık Müşteri,Sadakat Programı / Erken Erişim
15808,306,21,17180.25,United Kingdom,8.74740932642487,3.3974481865284973,Kaybedilme Riski (Değerli),Yüksek İndirim / Kişisel Teklif
15809,36,7,1274.44,United Kingdom,12.068965517241379,8.70551724137931,Sadık Müşteri,Sadakat Programı / Erken Erişim
15810,79,8,2999.04,United Kingdom,9.957831325301205,2.588674698795181,Orta Segment,Çapraz Satış Önerisi
15811,22,7,3392.55,United Kingdom,6.3713235294117645,3.283639705882353,Sadık Müşteri,Sadakat Programı / Erken Erişim
15812,107,12,5201.47,United Kingdom,27.6,3.3519200000000002,Orta Segment,Çapraz Satış Önerisi
15813,208,2,1303.91,United Kingdom,15.075,3.775,Pasif/Kaybedilmiş,Geri Kazanma Kampanyası
15814,17,6,2634.44,United Kingdom,17.632653061224488,3.2038775510204083,Sadık Müşteri,Sadakat Programı / Erken Erişim
15815,64,5,2100.6,United Kingdom,37.87755102040816,2.160408163265306,Orta Segment,Çapraz Satış Önerisi
15816,542,2,144.15,United Kingdom,4.909090909090909,3.6954545454545453,Pasif/Kaybedilmiş,Geri Kazanma Kampanyası
15817,421,3,2766.4,United Kingdom,10.5,2.9944736842105266,Orta Segment,Çapraz Satış Önerisi
15818,588,1,340.5,United Kingdom,25.818181818181817,1.8336363636363637,Pasif/Kaybedilmiş,Geri Kazanma Kampanyası
15819,49,10,3934.79,United Kingdom,11.261538461538462,1.9078846153846154,Sadık Müşteri,Sadakat Programı / Erken Erişim
15820,320,1,206.98,United Kingdom,7.529411764705882,2.2494117647058824,Pasif/Kaybedilmiş,Geri Kazanma Kampanyası
15821,44,2,570.96,United Kingdom,3.2580645161290325,3.696451612903226,Yeni / Potansiyel Müşteri,Hoş Geldin Kampanyası
15822,3,6,1840.06,United Kingdom,14.615384615384615,2.856923076923077,Sadık Müşteri,Sadakat Programı / Erken Erişim
15823,729,2,3867.17,United Kingdom,11.512987012987013,3.571168831168831,Pasif/Kaybedilmiş,Geri Kazanma Kampanyası
15824,453,2,890.94,United Kingdom,18.384615384615383,2.5896153846153847,Pasif/Kaybedilmiş,Geri Kazanma Kampanyası
15825,172,1,532.94,United Kingdom,11.0,8.8395,Orta Segment,Çapraz Satış Önerisi
15826,56,4,2598.28,United Kingdom,15.327731092436975,2.942941176470588,Sadık Müşteri,Sadakat Programı / Erken Erişim
15827,73,28,3603.14,United Kingdom,7.903225806451613,4.786912442396313,Orta Segment,Çapraz Satış Önerisi
15828,375,1,1108.82,United Kingdom,4.95945945945946,4.543783783783784,Pasif/Kaybedilmiş,Geri Kazanma Kampanyası
15829,99,2,636.14,United Kingdom,19.529411764705884,1.0527450980392157,Orta Segment,Çapraz Satış Önerisi
15830,38,1,576.0,United Kingdom,10.64102564102564,2.913846153846154,Yeni / Potansiyel Müşteri,Hoş Geldin Kampanyası
15831,58,3,794.64,United Kingdom,16.545454545454547,2.6837878787878786,Orta Segment,Çapraz Satış Önerisi
15832,254,1,836.79,United Kingdom,8.61111111111111,2.310185185185185,Pasif/Kaybedilmiş,Geri Kazanma Kampanyası
15833,738,1,80.4,United Kingdom,4.8,3.87,Pasif/Kaybedilmiş,Geri Kazanma Kampanyası
15834,70,7,3761.89,United Kingdom,4.86058981233244,3.905254691689008,Orta Segment,Çapraz Satış Önerisi
15835,44,4,954.09,United Kingdom,8.78,3.073,Sadık Müşteri,Sadakat Programı / Erken Erişim
15836,50,1,137.37,United Kingdom,2.6,9.244,Yeni / Potansiyel Müşteri,Hoş Geldin Kampanyası
15837,65,2,777.01,United Kingdom,7.788461538461538,3.713461538461538,Orta Segment,Çapraz Satış Önerisi
15838,11,34,73205.5,United Kingdom,311.2330097087379,1.8530097087378643,Sadık Müşteri,Sadakat Programı / Erken Erişim
15839,33,3,1048.49,United Kingdom,10.887096774193548,2.1283870967741936,Orta Segment,Çapraz Satış Önerisi
15840,59,2,355.56,United Kingdom,14.666666666666666,1.961111111111111,Yeni / Potansiyel Müşteri,Hoş Geldin Kampanyası
15841,73,9,2742.41,United Kingdom,25.98913043478261,1.7823913043478259,Orta Segment,Çapraz Satış Önerisi
15842,393,2,548.8,United Kingdom,11.84,3.4092000000000002,Pasif/Kaybedilmiş,Geri Kazanma Kampanyası
15843,304,1,118.95,United Kingdom,3.375,7.14375,Pasif/Kaybedilmiş,Geri Kazanma Kampanyası
15844,46,1,130.74,United Kingdom,12.181818181818182,1.7936363636363637,Yeni / Potansiyel Müşteri,Hoş Geldin Kampanyası
15845,18,11,4426.28,United Kingdom,12.229885057471265,3.2174712643678163,Sadık Müşteri,Sadakat Programı / Erken Erişim
15846,385,1,107.01,United Kingdom,2.7241379310344827,1.8168965517241378,Pasif/Kaybedilmiş,Geri Kazanma Kampanyası
15847,38,5,822.57,United Kingdom,13.395833333333334,3.5904166666666666,Sadık Müşteri,Sadakat Programı / Erken Erişim
15848,622,1,137.99,United Kingdom,1.3235294117647058,3.31735294117647,Pasif/Kaybedilmiş,Geri Kazanma Kampanyası
15850,19,6,1006.75,United Kingdom,4.289389067524116,2.0147266881028942,Sadık Müşteri,Sadakat Programı / Erken Erişim
15851,527,1,109.73,United Kingdom,8.375,1.9925000000000002,Pasif/Kaybedilmiş,Geri Kazanma Kampanyası
15852,187,3,257.26,United Kingdom,1.8181818181818181,4.776060606060606,Orta Segment,Çapraz Satış Önerisi
15853,52,1,110.8,United Kingdom,4.5,1.4693333333333334,Yeni / Potansiyel Müşteri,Hoş Geldin Kampanyası
15854,4,21,5578.28,United Kingdom,6.60546875,3.37171875,Sadık Müşteri,Sadakat Programı / Erken Erişim
15855,137,6,1052.72,United Kingdom,7.494736842105263,1.9130526315789476,Orta Segment,Çapraz Satış Önerisi
15856,4,52,32274.69,United Kingdom,17.75386012715713,1.9172842870118072,Sadık Müşteri,Sadakat Programı / Erken Erişim
15857,19,2,570.48,United Kingdom,24.333333333333332,1.2904166666666665,Yeni / Potansiyel Müşteri,Hoş Geldin Kampanyası
15858,16,13,3552.41,United Kingdom,6.241379310344827,2.5966206896551722,Sadık Müşteri,Sadakat Programı / Erken Erişim
15859,432,1,438.46,United Kingdom,7.909090909090909,4.9381818181818184,Pasif/Kaybedilmiş,Geri Kazanma Kampanyası
15860,41,17,2358.8,United Kingdom,3.6783625730994154,3.312719298245614,Sadık Müşteri,Sadakat Programı / Erken Erişim
15861,12,12,4360.9,United Kingdom,4.876590330788804,1.772709923664122,Sadık Müşteri,Sadakat Programı / Erken Erişim
15862,8,13,2507.14,United Kingdom,3.0544354838709675,2.7448790322580647,Sadık Müşteri,Sadakat Programı / Erken Erişim
15863,26,5,355.1,United Kingdom,2.103896103896104,3.1272727272727274,Sadık Müşteri,Sadakat Programı / Erken Erişim
15864,22,7,2180.76,United Kingdom,64.6086956521739,2.5321739130434784,Sadık Müşteri,Sadakat Programı / Erken Erişim
15865,41,5,2241.42,United Kingdom,9.055555555555555,4.244920634920635,Sadık Müşteri,Sadakat Programı / Erken Erişim
15866,101,1,211.89,United Kingdom,2.883720930232558,3.6188372093023258,Orta Segment,Çapraz Satış Önerisi
15867,5,31,8869.87,United Kingdom,4.905231984205331,3.4025962487660415,Sadık Müşteri,Sadakat Programı / Erken Erişim
15868,583,1,94.53,United Kingdom,14.25,2.5175,Pasif/Kaybedilmiş,Geri Kazanma Kampanyası
15869,277,3,321.11,United Kingdom,8.029411764705882,2.252058823529412,Orta Segment,Çapraz Satış Önerisi
15870,33,4,857.46,United Kingdom,3.5244755244755246,2.893846153846154,Sadık Müşteri,Sadakat Programı / Erken Erişim
15871,437,1,33.1,United Kingdom,1.0,6.619999999999999,Pasif/Kaybedilmiş,Geri Kazanma Kampanyası
15872,15,4,729.25,United Kingdom,2.484042553191489,2.2457446808510637,Sadık Müşteri,Sadakat Programı / Erken Erişim
15873,500,4,313.92,United Kingdom,192.0,0.2833333333333333,Orta Segment,Çapraz Satış Önerisi
15874,64,21,11284.76,United Kingdom,14.91812865497076,6.710584795321638,Orta Segment,Çapraz Satış Önerisi
15875,646,1,108.52,United Kingdom,3.217391304347826,1.7682608695652176,Pasif/Kaybedilmiş,Geri Kazanma Kampanyası
15876,409,2,1449.14,United Kingdom,80.54545454545455,3.7018181818181817,Pasif/Kaybedilmiş,Geri Kazanma Kampanyası
15877,2,2,490.33,United Kingdom,2.9206349206349205,1.892936507936508,Yeni / Potansiyel Müşteri,Hoş Geldin Kampanyası
15878,562,2,330.77,United Kingdom,4.764705882352941,2.192745098039216,Pasif/Kaybedilmiş,Geri Kazanma Kampanyası
15879,404,4,1137.8,United Kingdom,3.569832402234637,3.328659217877095,Orta Segment,Çapraz Satış Önerisi
15880,369,1,329.03,United Kingdom,2.1041666666666665,2.2252083333333332,Pasif/Kaybedilmiş,Geri Kazanma Kampanyası
15881,312,5,501.39,United Kingdom,8.96551724137931,3.3168965517241378,Orta Segment,Çapraz Satış Önerisi
15882,199,8,1122.38,United Kingdom,11.0,1.9665517241379311,Orta Segment,Çapraz Satış Önerisi
15883,2,2,396.48,United Kingdom,4.551020408163265,2.9546938775510205,Yeni / Potansiyel Müşteri,Hoş Geldin Kampanyası
15884,432,2,244.6,United Kingdom,10.857142857142858,2.1757142857142857,Pasif/Kaybedilmiş,Geri Kazanma Kampanyası
15885,93,13,1921.82,United Kingdom,5.486725663716814,4.0391150442477874,Orta Segment,Çapraz Satış Önerisi
15886,60,4,1052.87,United Kingdom,10.758064516129032,3.3409677419354837,Orta Segment,Çapraz Satış Önerisi
15887,407,3,1027.15,United Kingdom,16.35135135135135,2.7045945945945946,Orta Segment,Çapraz Satış Önerisi
15888,81,3,423.49,United Kingdom,3.5135135135135136,3.9616216216216213,Orta Segment,Çapraz Satış Önerisi
15889,157,8,1407.05,United Kingdom,2.661073825503356,2.7870469798657718,Orta Segment,Çapraz Satış Önerisi
15890,395,5,535.65,United Kingdom,11.9,12.553,Orta Segment,Çapraz Satış Önerisi
15891,227,1,509.13,United Kingdom,7.067796610169491,2.7252542372881354,Pasif/Kaybedilmiş,Geri Kazanma Kampanyası
15892,669,1,128.2,United Kingdom,1.2105263157894737,2.7626315789473685,Pasif/Kaybedilmiş,Geri Kazanma Kampanyası
15893,482,1,305.28,United Kingdom,288.0,1.06,Pasif/Kaybedilmiş,Geri Kazanma Kampanyası
15894,253,2,257.6,United Kingdom,4.527777777777778,2.1261111111111113,Pasif/Kaybedilmiş,Geri Kazanma Kampanyası
15895,150,1,179.17,United Kingdom,8.545454545454545,1.9845454545454544,Orta Segment,Çapraz Satış Önerisi
15897,194,2,208.59,United Kingdom,10.136363636363637,2.1386363636363637,Pasif/Kaybedilmiş,Geri Kazanma Kampanyası
15898,1,25,4992.7,United Kingdom,3.4902912621359223,3.6247734627831716,Sadık Müşteri,Sadakat Programı / Erken Erişim
15899,369,1,56.25,United Kingdom,9.75,4.125,Pasif/Kaybedilmiş,Geri Kazanma Kampanyası
15900,24,4,886.57,United Kingdom,5.2063492063492065,2.0466666666666664,Sadık Müşteri,Sadakat Programı / Erken Erişim
15901,17,6,667.89,United Kingdom,4.2875,2.0105,Sadık Müşteri,Sadakat Programı / Erken Erişim
15902,380,1,145.01,United Kingdom,6.888888888888889,2.1494444444444443,Pasif/Kaybedilmiş,Geri Kazanma Kampanyası
15903,10,12,8939.84,United Kingdom,33.8448275862069,2.480258620689655,Sadık Müşteri,Sadakat Programı / Erken Erişim
15904,8,1,164.68,United Kingdom,2.8,2.953333333333333,Yeni / Potansiyel Müşteri,Hoş Geldin Kampanyası
15905,543,1,114.69,United Kingdom,3.727272727272727,2.7677272727272726,Pasif/Kaybedilmiş,Geri Kazanma Kampanyası
15906,20,10,2530.19,United Kingdom,3.72636815920398,4.239850746268657,Sadık Müşteri,Sadakat Programı / Erken Erişim
15907,4,3,881.87,United Kingdom,2.12,2.5580444444444446,Orta Segment,Çapraz Satış Önerisi
15908,491,2,758.62,United Kingdom,4.325,3.336,Pasif/Kaybedilmiş,Geri Kazanma Kampanyası
15909,174,1,191.94,United Kingdom,14.0,1.8599999999999999,Orta Segment,Çapraz Satış Önerisi
15910,1,15,2661.17,United Kingdom,3.4806451612903224,1.7820967741935485,Sadık Müşteri,Sadakat Programı / Erken Erişim
15911,624,8,1683.79,United Kingdom,3.0625,2.801875,Kaybedilme Riski (Değerli),Yüksek İndirim / Kişisel Teklif
15912,178,9,1074.7,United Kingdom,7.989473684210527,2.7523157894736845,Orta Segment,Çapraz Satış Önerisi
15913,534,1,6.3,United Kingdom,3.0,2.1,Pasif/Kaybedilmiş,Geri Kazanma Kampanyası
15914,378,2,205.99,United Kingdom,11.461538461538462,3.4707692307692306,Pasif/Kaybedilmiş,Geri Kazanma Kampanyası
15915,402,1,364.24,United Kingdom,3.6875,1.7620535714285714,Pasif/Kaybedilmiş,Geri Kazanma Kampanyası
15916,16,13,3145.24,United Kingdom,5.287581699346405,3.6435620915032683,Sadık Müşteri,Sadakat Programı / Erken Erişim
15917,248,5,530.17,United Kingdom,1.7464788732394365,2.6035915492957744,Orta Segment,Çapraz Satış Önerisi
15918,191,3,582.88,United Kingdom,3.9344262295081966,2.844590163934426,Orta Segment,Çapraz Satış Önerisi
15919,20,2,525.69,United Kingdom,3.1557377049180326,2.5459016393442626,Yeni / Potansiyel Müşteri,Hoş Geldin Kampanyası
15920,154,8,565.19,United Kingdom,2.219047619047619,3.091809523809524,Orta Segment,Çapraz Satış Önerisi
15921,173,4,765.61,United Kingdom,4.324675324675325,4.169220779220779,Orta Segment,Çapraz Satış Önerisi
15922,373,1,369.5,United Kingdom,12.545454545454545,4.409090909090909,Pasif/Kaybedilmiş,Geri Kazanma Kampanyası
15923,373,1,127.08,United Kingdom,5.809523809523809,2.814761904761905,Pasif/Kaybedilmiş,Geri Kazanma Kampanyası
15924,731,1,102.82,United Kingdom,6.866666666666666,3.564,Pasif/Kaybedilmiş,Geri Kazanma Kampanyası
15925,194,1,207.15,United Kingdom,7.75,2.8958333333333335,Pasif/Kaybedilmiş,Geri Kazanma Kampanyası
15926,542,1,134.44,United Kingdom,22.142857142857142,1.0371428571428571,Pasif/Kaybedilmiş,Geri Kazanma Kampanyası
15927,647,1,106.54,United Kingdom,4.4,3.0013333333333336,Pasif/Kaybedilmiş,Geri Kazanma Kampanyası
15928,656,1,293.53,United Kingdom,14.909090909090908,2.2363636363636363,Pasif/Kaybedilmiş,Geri Kazanma Kampanyası
15929,644,1,594.0,United Kingdom,120.0,4.95,Pasif/Kaybedilmiş,Geri Kazanma Kampanyası
15930,67,1,426.63,United Kingdom,6.619047619047619,4.022857142857143,Orta Segment,Çapraz Satış Önerisi
15931,428,1,239.9,United Kingdom,8.428571428571429,4.814285714285715,Pasif/Kaybedilmiş,Geri Kazanma Kampanyası
15932,4,8,2495.87,United Kingdom,20.217391304347824,1.4927826086956522,Sadık Müşteri,Sadakat Programı / Erken Erişim
15933,21,3,1107.46,United Kingdom,11.95945945945946,2.1356756756756754,Orta Segment,Çapraz Satış Önerisi
15934,418,2,2190.66,United Kingdom,74.6896551724138,1.7706896551724138,Pasif/Kaybedilmiş,Geri Kazanma Kampanyası
15935,239,1,108.04,United Kingdom,10.363636363636363,1.7018181818181817,Pasif/Kaybedilmiş,Geri Kazanma Kampanyası
15936,379,2,282.79,United Kingdom,11.105263157894736,2.934736842105263,Pasif/Kaybedilmiş,Geri Kazanma Kampanyası
15937,64,1,145.35,United Kingdom,10.428571428571429,2.3714285714285714,Orta Segment,Çapraz Satış Önerisi
15938,112,9,734.81,United Kingdom,11.512820512820513,2.2302564102564104,Orta Segment,Çapraz Satış Önerisi
15939,90,15,9004.84,United Kingdom,40.69934640522876,1.801111111111111,Orta Segment,Çapraz Satış Önerisi
15940,311,1,35.8,United Kingdom,4.0,8.95,Pasif/Kaybedilmiş,Geri Kazanma Kampanyası
15941,637,1,405.0,United Kingdom,10.0,6.75,Pasif/Kaybedilmiş,Geri Kazanma Kampanyası
15942,134,1,337.44,United Kingdom,16.571428571428573,2.657857142857143,Orta Segment,Çapraz Satış Önerisi
15943,650,2,271.29,United Kingdom,15.25,1.7325,Pasif/Kaybedilmiş,Geri Kazanma Kampanyası
15944,277,4,2164.24,United Kingdom,22.605263157894736,3.814473684210526,Kaybedilme Riski (Değerli),Yüksek İndirim / Kişisel Teklif
15945,365,4,646.27,United Kingdom,12.321428571428571,3.7578571428571435,Orta Segment,Çapraz Satış Önerisi
15946,503,3,2304.18,United Kingdom,62.07692307692308,2.5384615384615383,Orta Segment,Çapraz Satış Önerisi
15947,83,1,1708.24,United Kingdom,30.96551724137931,4.022068965517241,Orta Segment,Çapraz Satış Önerisi
15948,8,3,1509.09,United Kingdom,8.968421052631578,2.5377894736842106,Orta Segment,Çapraz Satış Önerisi
15949,17,2,364.72,United Kingdom,14.947368421052632,1.8247368421052632,Yeni / Potansiyel Müşteri,Hoş Geldin Kampanyası
15950,32,10,7120.91,United Kingdom,8.534351145038167,3.014656488549618,Sadık Müşteri,Sadakat Programı / Erken Erişim
15951,9,3,1013.17,United Kingdom,7.11864406779661,4.05135593220339,Orta Segment,Çapraz Satış Önerisi
15952,34,4,781.91,United Kingdom,4.654761904761905,3.2797619047619047,Sadık Müşteri,Sadakat Programı / Erken Erişim
15953,15,18,3440.34,United Kingdom,10.425149700598803,3.38251497005988,Sadık Müşteri,Sadakat Programı / Erken Erişim
15954,589,1,187.8,United Kingdom,6.2105263157894735,1.6342105263157896,Pasif/Kaybedilmiş,Geri Kazanma Kampanyası
15955,24,22,8085.98,United Kingdom,11.599415204678362,2.8614912280701756,Sadık Müşteri,Sadakat Programı / Erken Erişim
15956,551,2,617.6,United Kingdom,15.444444444444445,2.05,Pasif/Kaybedilmiş,Geri Kazanma Kampanyası
15957,32,3,921.25,United Kingdom,3.1027397260273974,2.4393835616438353,Orta Segment,Çapraz Satış Önerisi
15958,74,4,462.12,United Kingdom,2.3692307692307693,3.2432307692307694,Orta Segment,Çapraz Satış Önerisi
15959,682,3,542.89,United Kingdom,3.788732394366197,3.8198591549295773,Orta Segment,Çapraz Satış Önerisi
15960,374,4,410.95,United Kingdom,9.923076923076923,3.55,Orta Segment,Çapraz Satış Önerisi
15961,379,1,451.29,United Kingdom,3.6666666666666665,3.7423809523809526,Pasif/Kaybedilmiş,Geri Kazanma Kampanyası
15962,449,1,289.48,United Kingdom,4.1454545454545455,1.654,Pasif/Kaybedilmiş,Geri Kazanma Kampanyası
15963,20,2,470.76,United Kingdom,10.642857142857142,2.41,Yeni / Potansiyel Müşteri,Hoş Geldin Kampanyası
15964,663,1,269.21,United Kingdom,4.65,3.5005,Pasif/Kaybedilmiş,Geri Kazanma Kampanyası
15965,17,13,2771.94,United Kingdom,3.9548192771084336,2.4946385542168676,Sadık Müşteri,Sadakat Programı / Erken Erişim
15966,451,1,426.53,United Kingdom,10.185185185185185,1.9855555555555555,Pasif/Kaybedilmiş,Geri Kazanma Kampanyası
15967,23,12,2966.0,United Kingdom,2.464583333333333,3.0854791666666666,Sadık Müşteri,Sadakat Programı / Erken Erişim
15968,388,1,401.8,United Kingdom,3.0632911392405062,2.6011392405063294,Pasif/Kaybedilmiş,Geri Kazanma Kampanyası
15969,3,5,1127.05,United Kingdom,6.371428571428571,6.990857142857143,Sadık Müşteri,Sadakat Programı / Erken Erişim
15970,304,2,1017.32,United Kingdom,20.75,2.8995833333333336,Pasif/Kaybedilmiş,Geri Kazanma Kampanyası
15971,18,18,5897.88,United Kingdom,54.8780487804878,2.4695121951219514,Sadık Müşteri,Sadakat Programı / Erken Erişim
15972,456,5,1769.33,United Kingdom,3.366906474820144,5.2108633093525185,Kaybedilme Riski (Değerli),Yüksek İndirim / Kişisel Teklif
15973,367,2,665.62,United Kingdom,19.4,4.146,Pasif/Kaybedilmiş,Geri Kazanma Kampanyası
15974,39,7,3442.15,United Kingdom,12.852272727272727,2.819545454545455,Sadık Müşteri,Sadakat Programı / Erken Erişim
15975,84,1,371.01,United Kingdom,10.125,2.1433333333333335,Orta Segment,Çapraz Satış Önerisi
15976,165,6,1680.31,United Kingdom,2.776595744680851,2.547872340425532,Orta Segment,Çapraz Satış Önerisi
15977,17,2,1054.73,United Kingdom,15.63076923076923,2.9993846153846153,Yeni / Potansiyel Müşteri,Hoş Geldin Kampanyası
15978,77,3,3279.42,United Kingdom,18.94573643410853,2.2670542635658912,Orta Segment,Çapraz Satış Önerisi
15979,603,1,329.22,United Kingdom,20.454545454545453,1.2840909090909092,Pasif/Kaybedilmiş,Geri Kazanma Kampanyası
15980,89,7,6543.68,United Kingdom,41.93043478260869,2.038086956521739,Orta Segment,Çapraz Satış Önerisi
15981,25,21,9362.77,United Kingdom,16.760416666666668,2.6528819444444443,Sadık Müşteri,Sadakat Programı / Erken Erişim
15982,605,1,324.51,United Kingdom,2.911111111111111,3.4331111111111112,Pasif/Kaybedilmiş,Geri Kazanma Kampanyası
15983,22,8,3110.37,United Kingdom,7.255813953488372,2.156395348837209,Sadık Müşteri,Sadakat Programı / Erken Erişim
15984,3,30,8393.02,United Kingdom,8.185714285714285,2.6224857142857143,Sadık Müşteri,Sadakat Programı / Erken Erişim
15985,123,7,2715.28,United Kingdom,26.442307692307693,1.8096153846153848,Orta Segment,Çapraz Satış Önerisi
15986,30,2,354.42,United Kingdom,14.72,1.4424000000000001,Yeni / Potansiyel Müşteri,Hoş Geldin Kampanyası
15987,12,8,1535.99,United Kingdom,9.461538461538462,2.164733727810651,Sadık Müşteri,Sadakat Programı / Erken Erişim
15988,19,3,736.39,United Kingdom,3.9831932773109244,2.9998319327731093,Orta Segment,Çapraz Satış Önerisi
15989,376,2,368.31,United Kingdom,1.9651162790697674,3.1375581395348835,Pasif/Kaybedilmiş,Geri Kazanma Kampanyası
15990,44,7,1997.75,United Kingdom,6.135593220338983,2.8136158192090397,Sadık Müşteri,Sadakat Programı / Erken Erişim
15991,534,1,150.55,United Kingdom,6.833333333333333,6.833333333333333,Pasif/Kaybedilmiş,Geri Kazanma Kampanyası
15992,4,3,896.6,United Kingdom,9.518518518518519,2.535185185185185,Orta Segment,Çapraz Satış Önerisi
15993,9,7,2768.97,United Kingdom,3.7472324723247232,2.2432287822878227,Sadık Müşteri,Sadakat Programı / Erken Erişim
15994,55,3,1175.68,United Kingdom,4.277777777777778,3.4705555555555554,Orta Segment,Çapraz Satış Önerisi
15995,414,1,694.54,United Kingdom,3.2,2.7679090909090904,Pasif/Kaybedilmiş,Geri Kazanma Kampanyası
15996,88,7,1386.4,United Kingdom,3.7167630057803467,3.6223121387283235,Orta Segment,Çapraz Satış Önerisi
15998,37,16,8274.14,United Kingdom,3.754385964912281,2.571782456140351,Sadık Müşteri,Sadakat Programı / Erken Erişim
15999,736,1,20.4,United Kingdom,24.0,0.85,Pasif/Kaybedilmiş,Geri Kazanma Kampanyası
16000,3,3,12393.7,United Kingdom,567.7777777777778,3.3455555555555554,Orta Segment,Çapraz Satış Önerisi
16001,381,1,583.39,United Kingdom,11.620689655172415,2.327241379310345,Pasif/Kaybedilmiş,Geri Kazanma Kampanyası
16002,625,1,169.21,United Kingdom,1.6666666666666667,2.8233333333333333,Pasif/Kaybedilmiş,Geri Kazanma Kampanyası
16003,30,10,5613.83,United Kingdom,10.886699507389162,4.514137931034483,Sadık Müşteri,Sadakat Programı / Erken Erişim
16004,475,5,2146.39,United Kingdom,11.955555555555556,3.0701111111111112,Kaybedilme Riski (Değerli),Yüksek İndirim / Kişisel Teklif
16005,12,10,2365.07,United Kingdom,2.6231884057971016,2.31416149068323,Sadık Müşteri,Sadakat Programı / Erken Erişim
16006,211,2,332.82,United Kingdom,2.628205128205128,2.3362820512820512,Pasif/Kaybedilmiş,Geri Kazanma Kampanyası
16007,48,7,3053.06,United Kingdom,4.004566210045662,1.8561491628614917,Sadık Müşteri,Sadakat Programı / Erken Erişim
16008,24,15,5339.13,United Kingdom,12.794466403162055,2.5090118577075096,Sadık Müşteri,Sadakat Programı / Erken Erişim
16009,22,4,972.11,United Kingdom,4.463414634146342,3.4603658536585367,Sadık Müşteri,Sadakat Programı / Erken Erişim
16010,246,11,1694.86,United Kingdom,3.179930795847751,2.042664359861592,Kaybedilme Riski (Değerli),Yüksek İndirim / Kişisel Teklif
16011,8,29,5599.31,United Kingdom,7.8325471698113205,2.5467216981132075,Sadık Müşteri,Sadakat Programı / Erken Erişim
16012,35,5,2978.59,United Kingdom,7.364016736401673,2.525857740585774,Sadık Müşteri,Sadakat Programı / Erken Erişim
16013,4,84,56078.44,United Kingdom,118.14814814814815,2.6786111111111115,Sadık Müşteri,Sadakat Programı / Erken Erişim
16014,38,5,1100.28,United Kingdom,1.68,2.664,Sadık Müşteri,Sadakat Programı / Erken Erişim
16015,4,3,704.26,United Kingdom,5.033333333333333,1.2561666666666667,Orta Segment,Çapraz Satış Önerisi
16016,3,11,2083.4,United Kingdom,2.9663299663299663,3.239191919191919,Sadık Müşteri,Sadakat Programı / Erken Erişim
16017,47,5,1545.58,United Kingdom,4.884615384615385,3.1289230769230767,Sadık Müşteri,Sadakat Programı / Erken Erişim
16018,39,4,698.13,United Kingdom,8.982142857142858,2.4987500000000002,Sadık Müşteri,Sadakat Programı / Erken Erişim
16019,47,27,17329.16,United Kingdom,17.267990074441688,3.672357320099256,Sadık Müşteri,Sadakat Programı / Erken Erişim
16020,17,3,851.01,United Kingdom,10.58695652173913,2.4445652173913044,Orta Segment,Çapraz Satış Önerisi
16021,395,2,487.03,United Kingdom,2.1904761904761907,2.4549206349206347,Pasif/Kaybedilmiş,Geri Kazanma Kampanyası
16022,260,1,602.63,United Kingdom,3.591549295774648,3.2222535211267607,Pasif/Kaybedilmiş,Geri Kazanma Kampanyası
16023,46,3,719.81,United Kingdom,3.5445544554455446,3.1293069306930694,Orta Segment,Çapraz Satış Önerisi
16024,12,3,478.71,United Kingdom,5.831325301204819,1.3610843373493975,Orta Segment,Çapraz Satış Önerisi
16025,30,1,439.66,United Kingdom,12.071428571428571,1.9764285714285712,Yeni / Potansiyel Müşteri,Hoş Geldin Kampanyası
16026,43,1,236.09,United Kingdom,7.59375,1.285625,Yeni / Potansiyel Müşteri,Hoş Geldin Kampanyası
16027,92,15,2048.36,United Kingdom,59.97142857142857,8.180857142857143,Orta Segment,Çapraz Satış Önerisi
16028,596,1,82.2,United Kingdom,3.6,5.3,Pasif/Kaybedilmiş,Geri Kazanma Kampanyası
16029,39,106,109620.87,United Kingdom,147.55826558265582,3.006558265582656,Sadık Müşteri,Sadakat Programı / Erken Erişim
16030,310,1,331.24,United Kingdom,9.758620689655173,2.3137931034482757,Pasif/Kaybedilmiş,Geri Kazanma Kampanyası
16031,92,2,547.9,United Kingdom,4.295918367346939,2.8360204081632654,Orta Segment,Çapraz Satış Önerisi
16032,456,6,1965.72,United Kingdom,6.985714285714286,2.1316190476190475,Kaybedilme Riski (Değerli),Yüksek İndirim / Kişisel Teklif
16033,6,27,10608.81,United Kingdom,3.0905077262693155,3.3646431199411335,Sadık Müşteri,Sadakat Programı / Erken Erişim
16034,196,6,911.32,United Kingdom,10.446428571428571,2.3514285714285714,Orta Segment,Çapraz Satış Önerisi
16035,560,1,217.73,United Kingdom,1.5714285714285714,7.772857142857142,Pasif/Kaybedilmiş,Geri Kazanma Kampanyası
16036,87,4,2556.84,United Kingdom,9.778571428571428,3.2760714285714285,Orta Segment,Çapraz Satış Önerisi
16037,270,5,1509.34,United Kingdom,10.788732394366198,3.022676056338028,Kaybedilme Riski (Değerli),Yüksek İndirim / Kişisel Teklif
16038,8,3,471.78,United Kingdom,9.384615384615385,3.19,Orta Segment,Çapraz Satış Önerisi
16039,424,2,456.4,United Kingdom,12.78125,1.7359375,Pasif/Kaybedilmiş,Geri Kazanma Kampanyası
16040,65,7,2416.9,United Kingdom,9.48,4.0395199999999996,Orta Segment,Çapraz Satış Önerisi
16041,31,3,3166.4,United Kingdom,264.0,5.39,Orta Segment,Çapraz Satış Önerisi
16042,22,8,2245.32,United Kingdom,11.085271317829458,2.986279069767442,Sadık Müşteri,Sadakat Programı / Erken Erişim
16043,38,8,1856.59,United Kingdom,13.849315068493151,4.140684931506849,Sadık Müşteri,Sadakat Programı / Erken Erişim
16044,435,1,340.84,United Kingdom,8.947368421052632,3.023157894736842,Pasif/Kaybedilmiş,Geri Kazanma Kampanyası
16045,120,8,3434.93,United Kingdom,14.243243243243244,2.7103378378378378,Orta Segment,Çapraz Satış Önerisi
16046,562,1,235.78,United Kingdom,11.272727272727273,2.523181818181818,Pasif/Kaybedilmiş,Geri Kazanma Kampanyası
16048,373,4,818.79,United Kingdom,11.805555555555555,2.2227777777777775,Orta Segment,Çapraz Satış Önerisi
16049,40,6,1852.15,United Kingdom,2.334020618556701,2.314020618556701,Sadık Müşteri,Sadakat Programı / Erken Erişim
16050,174,3,300.7,United Kingdom,18.476190476190474,2.354761904761905,Orta Segment,Çapraz Satış Önerisi
16051,682,1,188.44,United Kingdom,6.666666666666667,2.6366666666666667,Pasif/Kaybedilmiş,Geri Kazanma Kampanyası
16052,54,1,362.06,United Kingdom,8.294117647058824,2.4885294117647057,Yeni / Potansiyel Müşteri,Hoş Geldin Kampanyası
16053,33,6,3634.84,United Kingdom,15.809278350515465,3.352525773195876,Sadık Müşteri,Sadakat Programı / Erken Erişim
16054,145,4,2111.88,United Kingdom,6.483606557377049,6.82639344262295,Orta Segment,Çapraz Satış Önerisi
16055,221,1,134.8,United Kingdom,2.75,8.9875,Pasif/Kaybedilmiş,Geri Kazanma Kampanyası
16056,45,1,650.75,United Kingdom,5.2272727272727275,3.666363636363636,Yeni / Potansiyel Müşteri,Hoş Geldin Kampanyası
16057,16,10,3854.85,United Kingdom,7.756880733944954,3.7055045871559633,Sadık Müşteri,Sadakat Programı / Erken Erişim
16058,406,1,62.7,United Kingdom,9.0,3.35,Pasif/Kaybedilmiş,Geri Kazanma Kampanyası
16059,66,12,3053.57,United Kingdom,3.659846547314578,2.9127877237851663,Orta Segment,Çapraz Satış Önerisi
16060,401,3,541.95,United Kingdom,10.125,4.502083333333333,Orta Segment,Çapraz Satış Önerisi
16061,431,1,89.65,United Kingdom,6.333333333333333,11.383333333333333,Pasif/Kaybedilmiş,Geri Kazanma Kampanyası
16062,10,8,2863.45,United Kingdom,11.0,2.696108108108108,Sadık Müşteri,Sadakat Programı / Erken Erişim
16063,260,1,335.32,United Kingdom,11.391304347826088,2.242608695652174,Pasif/Kaybedilmiş,Geri Kazanma Kampanyası
16064,725,1,109.31,United Kingdom,3.235294117647059,2.703529411764706,Pasif/Kaybedilmiş,Geri Kazanma Kampanyası
16065,365,8,1992.13,United Kingdom,3.4192634560906514,2.105184135977337,Kaybedilme Riski (Değerli),Yüksek İndirim / Kişisel Teklif
16066,17,5,1521.04,United Kingdom,9.257425742574258,3.122871287128713,Sadık Müşteri,Sadakat Programı / Erken Erişim
16067,563,3,3269.11,United Kingdom,18.176470588235293,3.8464705882352943,Orta Segment,Çapraz Satış Önerisi
16068,594,1,115.73,United Kingdom,1.3714285714285714,2.584,Pasif/Kaybedilmiş,Geri Kazanma Kampanyası
16069,418,1,457.7,United Kingdom,5.52,5.182,Pasif/Kaybedilmiş,Geri Kazanma Kampanyası
16070,22,2,852.15,United Kingdom,13.848484848484848,2.1045454545454545,Yeni / Potansiyel Müşteri,Hoş Geldin Kampanyası
16071,45,4,1076.8,United Kingdom,9.547945205479452,2.4535616438356165,Sadık Müşteri,Sadakat Programı / Erken Erişim
16072,288,4,4180.09,United Kingdom,2.975517890772128,3.904708097928437,Kaybedilme Riski (Değerli),Yüksek İndirim / Kişisel Teklif
16073,297,1,122.4,United Kingdom,48.0,2.55,Pasif/Kaybedilmiş,Geri Kazanma Kampanyası
16074,390,1,252.5,United Kingdom,1.52,7.416,Pasif/Kaybedilmiş,Geri Kazanma Kampanyası
16075,503,2,736.93,United Kingdom,6.609756097560975,4.703414634146341,Pasif/Kaybedilmiş,Geri Kazanma Kampanyası
16076,3,10,2234.73,United Kingdom,11.124031007751938,2.541007751937985,Sadık Müşteri,Sadakat Programı / Erken Erişim
16077,626,1,2300.4,United Kingdom,105.0,2.025,Pasif/Kaybedilmiş,Geri Kazanma Kampanyası
16078,284,2,362.99,United Kingdom,5.128205128205129,2.133076923076923,Pasif/Kaybedilmiş,Geri Kazanma Kampanyası
16079,17,3,1352.0,United Kingdom,41.142857142857146,2.9714285714285715,Orta Segment,Çapraz Satış Önerisi
16080,82,4,602.56,United Kingdom,9.933333333333334,2.699,Orta Segment,Çapraz Satış Önerisi
16081,56,8,4278.96,United Kingdom,5.915760869565218,2.9438586956521737,Sadık Müşteri,Sadakat Programı / Erken Erişim
16082,670,1,106.75,United Kingdom,2.4375,4.14375,Pasif/Kaybedilmiş,Geri Kazanma Kampanyası
16083,101,4,2351.42,United Kingdom,21.323943661971832,1.8340845070422536,Orta Segment,Çapraz Satış Önerisi
16084,299,1,436.18,United Kingdom,5.684210526315789,2.6457894736842107,Pasif/Kaybedilmiş,Geri Kazanma Kampanyası
16085,23,12,2324.71,United Kingdom,3.6970509383378016,2.752091152815013,Sadık Müşteri,Sadakat Programı / Erken Erişim
16086,59,10,2687.73,United Kingdom,11.24031007751938,3.112325581395349,Sadık Müşteri,Sadakat Programı / Erken Erişim
16087,389,5,1739.92,United Kingdom,66.4,2.41,Kaybedilme Riski (Değerli),Yüksek İndirim / Kişisel Teklif
16088,576,2,1437.43,United Kingdom,62.166666666666664,4.359999999999999,Pasif/Kaybedilmiş,Geri Kazanma Kampanyası
16089,386,2,263.49,United Kingdom,2.5319148936170213,3.2412765957446807,Pasif/Kaybedilmiş,Geri Kazanma Kampanyası
16090,624,1,180.56,United Kingdom,3.2222222222222223,4.415555555555556,Pasif/Kaybedilmiş,Geri Kazanma Kampanyası
16091,155,2,315.06,United Kingdom,8.555555555555555,2.841666666666667,Orta Segment,Çapraz Satış Önerisi
16092,115,6,1587.94,United Kingdom,13.2,2.116888888888889,Orta Segment,Çapraz Satış Önerisi
16093,107,1,17.0,United Kingdom,20.0,0.85,Orta Segment,Çapraz Satış Önerisi
16094,12,11,3695.56,United Kingdom,10.306122448979592,4.315510204081633,Sadık Müşteri,Sadakat Programı / Erken Erişim
16095,456,1,447.05,United Kingdom,8.833333333333334,2.4066666666666667,Pasif/Kaybedilmiş,Geri Kazanma Kampanyası
16096,264,4,1584.97,United Kingdom,10.606060606060606,7.075606060606061,Kaybedilme Riski (Değerli),Yüksek İndirim / Kişisel Teklif
16097,240,1,185.05,United Kingdom,8.7,5.359999999999999,Pasif/Kaybedilmiş,Geri Kazanma Kampanyası
16098,88,14,4010.7,United Kingdom,13.386666666666667,3.5183999999999997,Orta Segment,Çapraz Satış Önerisi
16099,50,7,1573.2,United Kingdom,13.91304347826087,1.8508695652173914,Sadık Müşteri,Sadakat Programı / Erken Erişim
16100,463,1,582.64,United Kingdom,11.837837837837839,1.6881081081081082,Pasif/Kaybedilmiş,Geri Kazanma Kampanyası
16101,71,4,3229.16,United Kingdom,9.604166666666666,2.7966145833333336,Orta Segment,Çapraz Satış Önerisi
16102,42,3,1842.14,United Kingdom,16.526315789473685,2.5987719298245615,Orta Segment,Çapraz Satış Önerisi
16103,7,22,6191.71,United Kingdom,13.195,3.523,Sadık Müşteri,Sadakat Programı / Erken Erişim
16104,62,9,2774.46,United Kingdom,4.512931034482759,3.581120689655173,Orta Segment,Çapraz Satış Önerisi
16105,249,5,2386.19,United Kingdom,19.318181818181817,1.7637272727272726,Kaybedilme Riski (Değerli),Yüksek İndirim / Kişisel Teklif
16106,66,1,108.38,United Kingdom,12.333333333333334,1.5133333333333334,Orta Segment,Çapraz Satış Önerisi
16107,18,7,3204.16,United Kingdom,37.935483870967744,4.36483870967742,Sadık Müşteri,Sadakat Programı / Erken Erişim
16108,85,4,2235.92,United Kingdom,10.911111111111111,2.760222222222222,Orta Segment,Çapraz Satış Önerisi
16109,219,3,939.48,United Kingdom,35.225806451612904,1.2016129032258065,Orta Segment,Çapraz Satış Önerisi
16110,45,4,1781.59,United Kingdom,2.046511627906977,2.614325581395349,Sadık Müşteri,Sadakat Programı / Erken Erişim
16111,428,1,549.33,United Kingdom,3.191780821917808,3.03986301369863,Pasif/Kaybedilmiş,Geri Kazanma Kampanyası
16112,143,4,195.74,United Kingdom,35.875,0.5575,Orta Segment,Çapraz Satış Önerisi
16113,183,1,161.38,United Kingdom,5.866666666666666,2.6510000000000002,Orta Segment,Çapraz Satış Önerisi
16114,171,1,135.75,United Kingdom,5.375,3.34375,Orta Segment,Çapraz Satış Önerisi
16115,10,12,2553.8,United Kingdom,3.79236276849642,2.38436754176611,Sadık Müşteri,Sadakat Programı / Erken Erişim
16116,212,1,612.78,United Kingdom,7.294117647058823,4.36735294117647,Pasif/Kaybedilmiş,Geri Kazanma Kampanyası
16117,190,3,654.4,United Kingdom,3.606741573033708,2.494494382022472,Orta Segment,Çapraz Satış Önerisi
16118,653,1,4376.25,United Kingdom,69.53658536585365,2.763170731707317,Pasif/Kaybedilmiş,Geri Kazanma Kampanyası
16119,8,8,1720.81,United Kingdom,15.018518518518519,2.964259259259259,Sadık Müşteri,Sadakat Programı / Erken Erişim
16120,59,6,2967.51,United Kingdom,23.48913043478261,1.5867391304347824,Sadık Müşteri,Sadakat Programı / Erken Erişim
16121,57,5,1450.04,United Kingdom,2.5552325581395348,2.0869186046511627,Sadık Müşteri,Sadakat Programı / Erken Erişim
16122,73,6,895.62,United Kingdom,23.703703703703702,1.7387037037037036,Orta Segment,Çapraz Satış Önerisi
16123,52,1,307.78,United Kingdom,10.625,3.1075,Yeni / Potansiyel Müşteri,Hoş Geldin Kampanyası
16124,317,4,1772.49,United Kingdom,9.71951219512195,4.574634146341463,Kaybedilme Riski (Değerli),Yüksek İndirim / Kişisel Teklif
16125,367,14,4292.35,United Kingdom,6.337979094076655,3.613554006968641,Kaybedilme Riski (Değerli),Yüksek İndirim / Kişisel Teklif
16126,29,15,14644.6,United Kingdom,16.11548556430446,3.2597112860892388,Sadık Müşteri,Sadakat Programı / Erken Erişim
16127,39,2,801.31,United Kingdom,5.213333333333333,2.966266666666667,Yeni / Potansiyel Müşteri,Hoş Geldin Kampanyası
16128,18,11,3801.05,United Kingdom,13.434065934065934,2.328076923076923,Sadık Müşteri,Sadakat Programı / Erken Erişim
16129,407,3,1396.05,United Kingdom,13.135416666666666,3.4642708333333334,Orta Segment,Çapraz Satış Önerisi
16130,422,4,987.48,United Kingdom,5.381818181818182,5.916727272727273,Orta Segment,Çapraz Satış Önerisi
16131,52,12,9957.42,United Kingdom,21.771689497716896,3.047990867579909,Sadık Müşteri,Sadakat Programı / Erken Erişim
16132,544,2,664.2,United Kingdom,16.470588235294116,4.526470588235294,Pasif/Kaybedilmiş,Geri Kazanma Kampanyası
16133,4,56,22992.26,United Kingdom,25.097426470588236,4.233547794117648,Sadık Müşteri,Sadakat Programı / Erken Erişim
16134,22,5,2145.34,United Kingdom,14.112068965517242,2.2329310344827586,Sadık Müşteri,Sadakat Programı / Erken Erişim
16135,263,2,819.45,United Kingdom,10.128205128205128,3.47948717948718,Pasif/Kaybedilmiş,Geri Kazanma Kampanyası
16136,60,4,946.8,United Kingdom,14.652173913043478,2.3967391304347827,Orta Segment,Çapraz Satış Önerisi
16137,680,1,422.7,United Kingdom,7.5,2.6964285714285716,Pasif/Kaybedilmiş,Geri Kazanma Kampanyası
16138,379,3,910.35,United Kingdom,20.91891891891892,4.008108108108108,Orta Segment,Çapraz Satış Önerisi
16139,19,5,1111.15,United Kingdom,10.56140350877193,2.7759649122807017,Sadık Müşteri,Sadakat Programı / Erken Erişim
16140,66,3,1433.46,United Kingdom,19.875,2.02453125,Orta Segment,Çapraz Satış Önerisi
16141,88,2,955.94,United Kingdom,8.2,5.1948,Orta Segment,Çapraz Satış Önerisi
16142,250,1,535.34,United Kingdom,11.405405405405405,2.8767567567567567,Pasif/Kaybedilmiş,Geri Kazanma Kampanyası
16143,3,12,4555.08,United Kingdom,8.367713004484305,3.6971300448430493,Sadık Müşteri,Sadakat Programı / Erken Erişim
16144,247,1,175.2,United Kingdom,16.0,10.95,Pasif/Kaybedilmiş,Geri Kazanma Kampanyası
16145,9,19,6805.44,United Kingdom,13.308080808080808,2.7634343434343434,Sadık Müşteri,Sadakat Programı / Erken Erişim
16146,157,4,946.38,United Kingdom,13.268292682926829,2.1814634146341465,Orta Segment,Çapraz Satış Önerisi
16147,134,5,2398.91,United Kingdom,10.257352941176471,3.1163235294117646,Orta Segment,Çapraz Satış Önerisi
16148,296,2,386.62,United Kingdom,27.77777777777778,2.04,Pasif/Kaybedilmiş,Geri Kazanma Kampanyası
16149,5,3,422.22,United Kingdom,19.933333333333334,1.0443333333333333,Orta Segment,Çapraz Satış Önerisi
16150,43,10,4002.17,United Kingdom,9.212962962962964,3.1018518518518516,Sadık Müşteri,Sadakat Programı / Erken Erişim
16152,269,1,1829.04,United Kingdom,22.137931034482758,5.976206896551724,Pasif/Kaybedilmiş,Geri Kazanma Kampanyası
16153,50,11,5133.49,United Kingdom,16.34070796460177,2.6622123893805307,Sadık Müşteri,Sadakat Programı / Erken Erişim
16155,382,5,796.9,United Kingdom,10.3125,3.4614583333333333,Orta Segment,Çapraz Satış Önerisi
16156,9,20,6188.18,United Kingdom,12.279693486590038,2.73183908045977,Sadık Müşteri,Sadakat Programı / Erken Erişim
16157,16,3,656.69,United Kingdom,19.27777777777778,3.445555555555556,Orta Segment,Çapraz Satış Önerisi
16158,522,9,628.32,United Kingdom,5.2,7.056285714285714,Orta Segment,Çapraz Satış Önerisi
16159,282,4,1232.79,United Kingdom,12.211538461538462,3.329038461538462,Kaybedilme Riski (Değerli),Yüksek İndirim / Kişisel Teklif
16160,65,2,1025.44,United Kingdom,58.1,1.741,Orta Segment,Çapraz Satış Önerisi
16161,2,43,12580.06,United Kingdom,5.515873015873016,2.861922398589065,Sadık Müşteri,Sadakat Programı / Erken Erişim
16162,252,1,37.4,United Kingdom,2.0,9.35,Pasif/Kaybedilmiş,Geri Kazanma Kampanyası
16163,232,6,2407.98,United Kingdom,9.941176470588236,5.202205882352941,Kaybedilme Riski (Değerli),Yüksek İndirim / Kişisel Teklif
16164,17,3,822.48,United Kingdom,12.735294117647058,2.433529411764706,Orta Segment,Çapraz Satış Önerisi
16165,505,1,79.9,United Kingdom,2.0,39.95,Pasif/Kaybedilmiş,Geri Kazanma Kampanyası
16166,428,2,435.83,United Kingdom,7.863636363636363,3.5700000000000003,Pasif/Kaybedilmiş,Geri Kazanma Kampanyası
16167,414,5,1386.12,United Kingdom,23.714285714285715,4.1814285714285715,Kaybedilme Riski (Değerli),Yüksek İndirim / Kişisel Teklif
16168,11,66,10360.67,United Kingdom,16.258169934640524,4.051568627450981,Sadık Müşteri,Sadakat Programı / Erken Erişim
16169,8,4,1822.97,United Kingdom,15.588235294117647,2.0698823529411765,Sadık Müşteri,Sadakat Programı / Erken Erişim
16170,51,20,6869.0,United Kingdom,13.763636363636364,1.9001136363636362,Sadık Müşteri,Sadakat Programı / Erken Erişim
16171,59,1,73.2,United Kingdom,8.0,3.4166666666666665,Yeni / Potansiyel Müşteri,Hoş Geldin Kampanyası
16172,95,8,1884.55,United Kingdom,12.557522123893806,1.9620353982300887,Orta Segment,Çapraz Satış Önerisi
16173,16,6,1418.32,United Kingdom,6.845238095238095,4.0340476190476195,Sadık Müşteri,Sadakat Programı / Erken Erişim
16174,126,7,2246.75,United Kingdom,22.015384615384615,2.4473846153846153,Orta Segment,Çapraz Satış Önerisi
16175,94,7,1836.44,United Kingdom,9.510204081632653,3.3553061224489795,Orta Segment,Çapraz Satış Önerisi
16176,421,4,2052.69,United Kingdom,13.222222222222221,3.585,Kaybedilme Riski (Değerli),Yüksek İndirim / Kişisel Teklif
16177,50,8,2247.31,United Kingdom,8.652542372881356,3.952627118644068,Sadık Müşteri,Sadakat Programı / Erken Erişim
16178,138,2,612.6,United Kingdom,12.16,3.0992,Orta Segment,Çapraz Satış Önerisi
16179,61,1,215.83,United Kingdom,9.0,3.732727272727273,Orta Segment,Çapraz Satış Önerisi
16180,100,13,16249.87,United Kingdom,30.009174311926607,2.2343119266055047,Orta Segment,Çapraz Satış Önerisi
16181,73,1,305.54,United Kingdom,13.818181818181818,2.411818181818182,Orta Segment,Çapraz Satış Önerisi
16182,72,9,9971.65,United Kingdom,115.43137254901961,1.8494117647058823,Orta Segment,Çapraz Satış Önerisi
16183,67,4,1077.81,United Kingdom,8.560975609756097,3.8909756097560977,Orta Segment,Çapraz Satış Önerisi
16184,64,6,1158.79,United Kingdom,12.466666666666667,4.008,Orta Segment,Çapraz Satış Önerisi
16185,17,3,644.72,United Kingdom,8.025,3.2009999999999996,Orta Segment,Çapraz Satış Önerisi
16186,23,26,8718.43,United Kingdom,13.057425742574257,1.9158217821782177,Sadık Müşteri,Sadakat Programı / Erken Erişim
16187,32,15,6911.44,United Kingdom,17.11186440677966,2.1664745762711863,Sadık Müşteri,Sadakat Programı / Erken Erişim
16188,45,5,1087.66,United Kingdom,11.324324324324325,2.3704054054054056,Sadık Müşteri,Sadakat Programı / Erken Erişim
16189,16,2,215.48,United Kingdom,12.181818181818182,3.9436363636363634,Yeni / Potansiyel Müşteri,Hoş Geldin Kampanyası
16190,40,8,2723.55,United Kingdom,10.344537815126051,4.367647058823529,Sadık Müşteri,Sadakat Programı / Erken Erişim
16191,3,24,15677.82,United Kingdom,40.293103448275865,2.652284482758621,Sadık Müşteri,Sadakat Programı / Erken Erişim
16192,736,1,351.3,United Kingdom,18.90909090909091,2.083636363636364,Pasif/Kaybedilmiş,Geri Kazanma Kampanyası
16193,237,2,630.43,United Kingdom,9.973684210526315,2.693157894736842,Pasif/Kaybedilmiş,Geri Kazanma Kampanyası
16194,375,1,308.6,United Kingdom,17.5,5.3875,Pasif/Kaybedilmiş,Geri Kazanma Kampanyası
16195,723,1,323.25,United Kingdom,7.6875,3.3312500000000003,Pasif/Kaybedilmiş,Geri Kazanma Kampanyası
16196,489,1,93.3,United Kingdom,6.5,3.7125,Pasif/Kaybedilmiş,Geri Kazanma Kampanyası
16197,469,9,2016.71,United Kingdom,15.268817204301076,3.235698924731183,Kaybedilme Riski (Değerli),Yüksek İndirim / Kişisel Teklif
16198,75,2,1030.04,United Kingdom,11.636363636363637,3.7985151515151516,Orta Segment,Çapraz Satış Önerisi
16199,392,7,942.75,United Kingdom,32.1,3.34,Orta Segment,Çapraz Satış Önerisi
16200,4,12,5608.1,United Kingdom,5.00489396411093,2.8574714518760196,Sadık Müşteri,Sadakat Programı / Erken Erişim
16201,3,5,2112.12,United Kingdom,11.459677419354838,2.197177419354839,Sadık Müşteri,Sadakat Programı / Erken Erişim
16202,361,9,2501.99,United Kingdom,10.540322580645162,4.036209677419355,Kaybedilme Riski (Değerli),Yüksek İndirim / Kişisel Teklif
16203,59,6,943.84,United Kingdom,8.136363636363637,2.6799999999999997,Sadık Müşteri,Sadakat Programı / Erken Erişim
16204,23,3,918.71,United Kingdom,6.643564356435643,2.239207920792079,Orta Segment,Çapraz Satış Önerisi
16205,31,7,1813.51,United Kingdom,7.387755102040816,2.251938775510204,Sadık Müşteri,Sadakat Programı / Erken Erişim
16206,55,13,2577.12,United Kingdom,5.7656903765690375,3.008661087866109,Sadık Müşteri,Sadakat Programı / Erken Erişim
16207,25,1,394.38,United Kingdom,7.368421052631579,4.256842105263158,Yeni / Potansiyel Müşteri,Hoş Geldin Kampanyası
16208,45,10,3440.45,United Kingdom,6.090909090909091,3.403201581027668,Sadık Müşteri,Sadakat Programı / Erken Erişim
16209,89,9,4146.78,United Kingdom,28.28358208955224,2.9779104477611944,Orta Segment,Çapraz Satış Önerisi
16210,2,33,33730.97,United Kingdom,48.7992125984252,4.065984251968504,Sadık Müşteri,Sadakat Programı / Erken Erişim
16211,89,3,1090.59,United Kingdom,14.416666666666666,3.37,Orta Segment,Çapraz Satış Önerisi
16212,19,4,1293.71,United Kingdom,7.32051282051282,4.003461538461538,Sadık Müşteri,Sadakat Programı / Erken Erişim
16213,79,1,159.0,United Kingdom,8.0,3.8166666666666664,Orta Segment,Çapraz Satış Önerisi
16214,171,4,2038.25,United Kingdom,13.346938775510203,3.8806122448979594,Orta Segment,Çapraz Satış Önerisi
16215,81,1,242.35,United Kingdom,7.428571428571429,4.285714285714286,Orta Segment,Çapraz Satış Önerisi
16216,267,1,914.93,United Kingdom,6.864864864864865,8.991621621621622,Pasif/Kaybedilmiş,Geri Kazanma Kampanyası
16217,235,2,304.25,United Kingdom,6.066666666666666,4.21,Pasif/Kaybedilmiş,Geri Kazanma Kampanyası
16218,30,13,3968.67,United Kingdom,20.580882352941178,1.6911764705882353,Sadık Müşteri,Sadakat Programı / Erken Erişim
16219,501,1,40.8,United Kingdom,48.0,0.85,Pasif/Kaybedilmiş,Geri Kazanma Kampanyası
16221,37,9,2018.47,United Kingdom,6.084033613445378,2.8441176470588236,Sadık Müşteri,Sadakat Programı / Erken Erişim
16222,318,2,1272.05,United Kingdom,3.193103448275862,3.5348275862068963,Pasif/Kaybedilmiş,Geri Kazanma Kampanyası
16223,375,2,1087.05,United Kingdom,5.227642276422764,2.719918699186992,Pasif/Kaybedilmiş,Geri Kazanma Kampanyası
16224,57,5,1616.54,United Kingdom,13.405172413793103,2.4400000000000004,Sadık Müşteri,Sadakat Programı / Erken Erişim
16225,45,15,2859.31,United Kingdom,4.27,2.7723666666666666,Sadık Müşteri,Sadakat Programı / Erken Erişim
16226,203,5,672.17,United Kingdom,16.806451612903224,1.79,Orta Segment,Çapraz Satış Önerisi
16227,225,3,1027.22,United Kingdom,12.823529411764707,3.078823529411765,Orta Segment,Çapraz Satış Önerisi
16228,385,3,885.71,United Kingdom,10.277777777777779,2.9607407407407407,Orta Segment,Çapraz Satış Önerisi
16229,87,6,2867.86,United Kingdom,7.340909090909091,2.687215909090909,Orta Segment,Çapraz Satış Önerisi
16230,190,2,542.03,United Kingdom,10.428571428571429,1.9505714285714284,Pasif/Kaybedilmiş,Geri Kazanma Kampanyası
16231,379,4,1074.47,United Kingdom,5.63,2.226,Orta Segment,Çapraz Satış Önerisi
16232,44,7,2712.97,United Kingdom,17.60952380952381,2.1703809523809525,Sadık Müşteri,Sadakat Programı / Erken Erişim
16233,71,9,1818.31,United Kingdom,9.273972602739725,4.038219178082192,Orta Segment,Çapraz Satış Önerisi
16234,476,3,333.18,United Kingdom,11.333333333333334,3.058,Orta Segment,Çapraz Satış Önerisi
16235,41,8,2043.71,United Kingdom,6.9035087719298245,5.093245614035087,Sadık Müşteri,Sadakat Programı / Erken Erişim
16236,78,1,432.2,United Kingdom,9.2,2.8775000000000004,Orta Segment,Çapraz Satış Önerisi
16237,437,1,136.65,United Kingdom,8.142857142857142,4.128571428571428,Pasif/Kaybedilmiş,Geri Kazanma Kampanyası
16238,423,1,63.66,United Kingdom,14.166666666666666,0.8083333333333332,Pasif/Kaybedilmiş,Geri Kazanma Kampanyası
16239,57,6,1492.2,United Kingdom,19.771428571428572,2.4257142857142857,Sadık Müşteri,Sadakat Programı / Erken Erişim
16240,24,2,3718.8,United Kingdom,12.155555555555555,4.088148148148148,Yeni / Potansiyel Müşteri,Hoş Geldin Kampanyası
16241,10,16,3989.81,United Kingdom,2.34375,2.3356041666666667,Sadık Müşteri,Sadakat Programı / Erken Erişim
16242,8,14,7404.65,United Kingdom,5.834821428571429,2.7364583333333337,Sadık Müşteri,Sadakat Programı / Erken Erişim
16243,34,2,409.1,United Kingdom,2.156862745098039,5.841372549019608,Yeni / Potansiyel Müşteri,Hoş Geldin Kampanyası
16244,212,2,1522.75,United Kingdom,9.395604395604396,2.567252747252747,Pasif/Kaybedilmiş,Geri Kazanma Kampanyası
16245,24,3,1413.66,United Kingdom,11.266666666666667,2.924444444444444,Orta Segment,Çapraz Satış Önerisi
16246,460,2,821.35,United Kingdom,3.8181818181818183,2.8926136363636363,Pasif/Kaybedilmiş,Geri Kazanma Kampanyası
16247,170,1,114.56,United Kingdom,11.375,2.7112499999999997,Orta Segment,Çapraz Satış Önerisi
16248,62,1,152.94,United Kingdom,11.142857142857142,2.0314285714285716,Orta Segment,Çapraz Satış Önerisi
16249,53,5,1800.07,United Kingdom,13.768115942028986,3.4831884057971014,Sadık Müşteri,Sadakat Programı / Erken Erişim
16250,261,3,565.24,United Kingdom,7.6571428571428575,3.656285714285714,Orta Segment,Çapraz Satış Önerisi
16251,512,1,128.31,United Kingdom,2.2,3.0309999999999997,Pasif/Kaybedilmiş,Geri Kazanma Kampanyası
16252,383,1,295.09,United Kingdom,7.523809523809524,3.195238095238095,Pasif/Kaybedilmiş,Geri Kazanma Kampanyası
16253,67,7,7272.2,United Kingdom,20.303030303030305,1.971952861952862,Orta Segment,Çapraz Satış Önerisi
16254,378,3,967.44,United Kingdom,7.337837837837838,3.154864864864865,Orta Segment,Çapraz Satış Önerisi
16255,17,15,4530.0,United Kingdom,5.661417322834645,2.9955708661417324,Sadık Müşteri,Sadakat Programı / Erken Erişim
16256,267,3,1629.37,United Kingdom,54.827586206896555,4.030344827586207,Orta Segment,Çapraz Satış Önerisi
16257,177,1,46.95,United Kingdom,1.0,23.475,Orta Segment,Çapraz Satış Önerisi
16258,45,15,11942.52,United Kingdom,20.930232558139537,2.6555232558139537,Sadık Müşteri,Sadakat Programı / Erken Erişim
16259,410,3,340.94,United Kingdom,1.6823529411764706,2.868235294117647,Orta Segment,Çapraz Satış Önerisi
16260,51,1,1035.45,United Kingdom,17.27777777777778,5.366666666666666,Yeni / Potansiyel Müşteri,Hoş Geldin Kampanyası
16261,17,6,1041.16,United Kingdom,2.785276073619632,3.0462576687116565,Sadık Müşteri,Sadakat Programı / Erken Erişim
16262,378,1,755.15,United Kingdom,9.695652173913043,3.0539130434782606,Pasif/Kaybedilmiş,Geri Kazanma Kampanyası
16263,423,1,348.16,United Kingdom,9.380952380952381,2.762380952380952,Pasif/Kaybedilmiş,Geri Kazanma Kampanyası
16264,438,2,823.53,United Kingdom,9.777777777777779,2.5863492063492064,Pasif/Kaybedilmiş,Geri Kazanma Kampanyası
16265,9,12,6935.17,United Kingdom,9.537091988130564,4.269495548961424,Sadık Müşteri,Sadakat Programı / Erken Erişim
16266,74,14,1757.95,United Kingdom,7.256880733944954,4.2930275229357795,Orta Segment,Çapraz Satış Önerisi
16267,591,1,186.66,United Kingdom,28.285714285714285,1.2457142857142858,Pasif/Kaybedilmiş,Geri Kazanma Kampanyası
16268,71,2,667.65,United Kingdom,11.844444444444445,4.259111111111111,Orta Segment,Çapraz Satış Önerisi
16269,438,1,717.57,United Kingdom,10.924528301886792,2.3118867924528304,Pasif/Kaybedilmiş,Geri Kazanma Kampanyası
16270,353,1,1141.24,United Kingdom,12.74074074074074,3.222777777777778,Pasif/Kaybedilmiş,Geri Kazanma Kampanyası
16271,16,8,3367.82,United Kingdom,7.936026936026936,1.847946127946128,Sadık Müşteri,Sadakat Programı / Erken Erişim
16272,117,1,411.7,United Kingdom,8.96,1.7372,Orta Segment,Çapraz Satış Önerisi
16273,648,2,318.34,United Kingdom,2.6666666666666665,8.065999999999999,Pasif/Kaybedilmiş,Geri Kazanma Kampanyası
16274,373,1,331.55,United Kingdom,2.3968253968253967,4.13015873015873,Pasif/Kaybedilmiş,Geri Kazanma Kampanyası
16275,197,3,2151.11,United Kingdom,11.423423423423424,3.7185585585585583,Orta Segment,Çapraz Satış Önerisi
16276,177,3,2629.39,United Kingdom,56.42307692307692,2.6469230769230774,Orta Segment,Çapraz Satış Önerisi
16277,734,1,188.69,United Kingdom,1.434782608695652,6.521304347826088,Pasif/Kaybedilmiş,Geri Kazanma Kampanyası
16278,100,3,1117.84,United Kingdom,6.218181818181818,7.549818181818182,Orta Segment,Çapraz Satış Önerisi
16279,21,9,5698.28,United Kingdom,10.583333333333334,2.5219827586206898,Sadık Müşteri,Sadakat Programı / Erken Erişim
16280,725,1,238.05,United Kingdom,6.3125,3.80625,Pasif/Kaybedilmiş,Geri Kazanma Kampanyası
16281,72,3,3424.02,United Kingdom,40.256410256410255,2.4815384615384617,Orta Segment,Çapraz Satış Önerisi
16282,340,3,1307.58,United Kingdom,23.939393939393938,3.4833333333333334,Orta Segment,Çapraz Satış Önerisi
16283,6,8,4348.62,United Kingdom,4.9311531841652325,2.3243545611015493,Sadık Müşteri,Sadakat Programı / Erken Erişim
16284,31,3,1018.48,United Kingdom,5.067669172932331,2.142781954887218,Orta Segment,Çapraz Satış Önerisi
16285,646,1,176.9,United Kingdom,1.935483870967742,2.987096774193548,Pasif/Kaybedilmiş,Geri Kazanma Kampanyası
16286,477,2,328.95,United Kingdom,5.9411764705882355,4.167647058823529,Pasif/Kaybedilmiş,Geri Kazanma Kampanyası
16287,170,5,1006.98,United Kingdom,33.95238095238095,2.143809523809524,Orta Segment,Çapraz Satış Önerisi
16288,470,1,129.85,United Kingdom,2.7142857142857144,8.721428571428572,Pasif/Kaybedilmiş,Geri Kazanma Kampanyası
16289,462,1,136.31,United Kingdom,4.619047619047619,1.8066666666666666,Pasif/Kaybedilmiş,Geri Kazanma Kampanyası
16290,465,4,1957.7,United Kingdom,7.717741935483871,5.168467741935483,Kaybedilme Riski (Değerli),Yüksek İndirim / Kişisel Teklif
16292,122,5,1253.76,United Kingdom,11.096774193548388,4.495483870967742,Orta Segment,Çapraz Satış Önerisi
16293,22,15,4279.2,United Kingdom,8.146666666666667,4.0578666666666665,Sadık Müşteri,Sadakat Programı / Erken Erişim
16294,477,1,126.05,United Kingdom,6.75,2.71875,Pasif/Kaybedilmiş,Geri Kazanma Kampanyası
16295,10,4,1328.55,United Kingdom,10.645569620253164,3.7668354430379747,Sadık Müşteri,Sadakat Programı / Erken Erişim
16296,626,4,1313.67,United Kingdom,8.716216216216216,3.219864864864865,Kaybedilme Riski (Değerli),Yüksek İndirim / Kişisel Teklif
16297,269,1,301.9,United Kingdom,10.3,2.7915,Pasif/Kaybedilmiş,Geri Kazanma Kampanyası
16298,23,7,1085.7,United Kingdom,6.553191489361702,4.7376595744680845,Sadık Müşteri,Sadakat Programı / Erken Erişim
16299,477,1,193.65,United Kingdom,8.916666666666666,2.891666666666667,Pasif/Kaybedilmiş,Geri Kazanma Kampanyası
16300,430,3,1367.32,United Kingdom,2.7016806722689077,2.5734033613445377,Orta Segment,Çapraz Satış Önerisi
16301,737,1,107.33,United Kingdom,6.833333333333333,3.3233333333333337,Pasif/Kaybedilmiş,Geri Kazanma Kampanyası
16302,127,1,233.22,United Kingdom,14.363636363636363,1.7618181818181817,Orta Segment,Çapraz Satış Önerisi
16303,26,7,7928.27,United Kingdom,13.493006993006993,3.0531118881118884,Sadık Müşteri,Sadakat Programı / Erken Erişim
16304,695,1,381.66,United Kingdom,9.12,2.7604,Pasif/Kaybedilmiş,Geri Kazanma Kampanyası
16305,139,1,361.22,United Kingdom,11.636363636363637,1.6831818181818183,Orta Segment,Çapraz Satış Önerisi
16306,214,7,1124.72,United Kingdom,10.626865671641792,2.123283582089552,Orta Segment,Çapraz Satış Önerisi
16307,429,3,1194.92,United Kingdom,14.973333333333333,1.8333333333333333,Orta Segment,Çapraz Satış Önerisi
16308,38,7,5120.0,United Kingdom,2285.714285714286,0.32,Sadık Müşteri,Sadakat Programı / Erken Erişim
16309,106,2,706.57,United Kingdom,11.119047619047619,2.4180952380952383,Orta Segment,Çapraz Satış Önerisi
16310,414,2,460.08,United Kingdom,9.642857142857142,3.1278571428571427,Pasif/Kaybedilmiş,Geri Kazanma Kampanyası
16311,18,2,616.26,United Kingdom,10.64864864864865,2.4735135135135136,Yeni / Potansiyel Müşteri,Hoş Geldin Kampanyası
16312,432,1,171.15,United Kingdom,5.3,5.62,Pasif/Kaybedilmiş,Geri Kazanma Kampanyası
16313,3,2,274.15,United Kingdom,10.3125,3.098125,Yeni / Potansiyel Müşteri,Hoş Geldin Kampanyası
16314,390,3,1491.4,United Kingdom,10.258064516129032,3.6217741935483874,Orta Segment,Çapraz Satış Önerisi
16315,331,2,402.71,United Kingdom,6.217391304347826,4.886521739130435,Pasif/Kaybedilmiş,Geri Kazanma Kampanyası
16316,64,13,5744.91,United Kingdom,10.292929292929292,4.2712121212121215,Orta Segment,Çapraz Satış Önerisi
16317,120,5,2192.51,United Kingdom,10.564102564102564,3.697179487179487,Orta Segment,Çapraz Satış Önerisi
16318,35,1,328.15,United Kingdom,10.473684210526315,2.473684210526316,Yeni / Potansiyel Müşteri,Hoş Geldin Kampanyası
16319,218,1,404.4,United Kingdom,24.0,5.616666666666667,Pasif/Kaybedilmiş,Geri Kazanma Kampanyası
16320,172,6,5628.99,Unspecified,13.771784232365146,2.9297510373443987,Orta Segment,Çapraz Satış Önerisi
16321,72,7,604.55,Australia,11.26086956521739,2.9217391304347826,Orta Segment,Çapraz Satış Önerisi
16322,1,2,326.75,United Kingdom,6.243243243243243,2.437837837837838,Yeni / Potansiyel Müşteri,Hoş Geldin Kampanyası
16323,196,2,353.66,United Kingdom,36.5,2.335,Pasif/Kaybedilmiş,Geri Kazanma Kampanyası
16324,128,3,408.59,United Kingdom,2.4324324324324325,2.122252252252252,Orta Segment,Çapraz Satış Önerisi
16325,47,12,3597.5,United Kingdom,17.855072463768117,2.5881159420289856,Sadık Müşteri,Sadakat Programı / Erken Erişim
16326,6,24,4626.25,United Kingdom,2.3218884120171674,5.0912017167381975,Sadık Müşteri,Sadakat Programı / Erken Erişim
16327,14,16,10129.04,United Kingdom,9.232876712328768,2.156518264840183,Sadık Müşteri,Sadakat Programı / Erken Erişim
16328,563,1,310.83,United Kingdom,8.8125,2.879375,Pasif/Kaybedilmiş,Geri Kazanma Kampanyası
16329,428,4,1664.92,United Kingdom,7.663461538461538,2.268653846153846,Kaybedilme Riski (Değerli),Yüksek İndirim / Kişisel Teklif
16330,18,7,625.38,United Kingdom,2.786324786324786,2.4654700854700855,Sadık Müşteri,Sadakat Programı / Erken Erişim
16331,432,6,2037.7,United Kingdom,22.235294117647058,4.917647058823529,Kaybedilme Riski (Değerli),Yüksek İndirim / Kişisel Teklif
16332,28,11,1997.49,United Kingdom,5.724489795918367,2.8787244897959186,Sadık Müşteri,Sadakat Programı / Erken Erişim
16333,8,22,26626.8,United Kingdom,715.2,1.0662222222222224,Sadık Müşteri,Sadakat Programı / Erken Erişim
16334,492,1,263.73,United Kingdom,3.814814814814815,2.7385185185185184,Pasif/Kaybedilmiş,Geri Kazanma Kampanyası
16335,552,7,2753.52,United Kingdom,2.781163434903047,3.489141274238227,Kaybedilme Riski (Değerli),Yüksek İndirim / Kişisel Teklif
16336,421,4,3517.69,United Kingdom,21.66176470588235,3.6788235294117646,Kaybedilme Riski (Değerli),Yüksek İndirim / Kişisel Teklif
16337,37,1,151.05,United Kingdom,8.7,3.04,Yeni / Potansiyel Müşteri,Hoş Geldin Kampanyası
16338,157,1,214.8,United Kingdom,8.545454545454545,3.7345454545454544,Orta Segment,Çapraz Satış Önerisi
16339,284,1,94.05,United Kingdom,1.1666666666666667,4.958333333333333,Pasif/Kaybedilmiş,Geri Kazanma Kampanyası
16340,107,3,1496.24,United Kingdom,3.6946778711484596,1.6124089635854342,Orta Segment,Çapraz Satış Önerisi
16341,25,7,3850.79,United Kingdom,19.126582278481013,1.7100632911392404,Sadık Müşteri,Sadakat Programı / Erken Erişim
16342,75,4,322.41,United Kingdom,10.466666666666667,5.6033333333333335,Orta Segment,Çapraz Satış Önerisi
16343,16,3,614.12,United Kingdom,4.423076923076923,3.0110256410256406,Orta Segment,Çapraz Satış Önerisi
16344,158,4,842.42,United Kingdom,15.347826086956522,2.009130434782609,Orta Segment,Çapraz Satış Önerisi
16345,44,2,1178.79,United Kingdom,5.657407407407407,3.169074074074074,Yeni / Potansiyel Müşteri,Hoş Geldin Kampanyası
16346,385,1,224.51,United Kingdom,19.266666666666666,1.462,Pasif/Kaybedilmiş,Geri Kazanma Kampanyası
16347,11,11,3442.96,United Kingdom,5.014619883040936,3.374473684210526,Sadık Müşteri,Sadakat Programı / Erken Erişim
16348,32,8,1742.08,United Kingdom,4.595238095238095,2.643293650793651,Sadık Müşteri,Sadakat Programı / Erken Erişim
16349,291,1,53.5,United Kingdom,1.0,5.944444444444445,Pasif/Kaybedilmiş,Geri Kazanma Kampanyası
16350,21,9,2253.89,United Kingdom,8.827868852459016,3.715901639344262,Sadık Müşteri,Sadakat Programı / Erken Erişim
16351,333,13,3330.03,United Kingdom,11.577540106951872,2.054491978609626,Kaybedilme Riski (Değerli),Yüksek İndirim / Kişisel Teklif
16352,18,2,494.44,United Kingdom,10.714285714285714,1.9617857142857142,Yeni / Potansiyel Müşteri,Hoş Geldin Kampanyası
16353,4,38,9795.46,United Kingdom,20.13294797687861,2.570346820809249,Sadık Müşteri,Sadakat Programı / Erken Erişim
16354,63,5,1119.46,United Kingdom,4.228571428571429,2.7415,Orta Segment,Çapraz Satış Önerisi
16355,375,1,416.35,United Kingdom,3.7291666666666665,3.192083333333333,Pasif/Kaybedilmiş,Geri Kazanma Kampanyası
16356,198,6,415.87,United Kingdom,3.2203389830508473,2.1684745762711866,Orta Segment,Çapraz Satış Önerisi
16357,33,4,868.37,United Kingdom,8.27659574468085,3.843191489361702,Sadık Müşteri,Sadakat Programı / Erken Erişim
16358,1,5,2919.65,United Kingdom,13.409090909090908,1.8984415584415586,Sadık Müşteri,Sadakat Programı / Erken Erişim
16359,7,16,2697.75,United Kingdom,14.112,5.84136,Sadık Müşteri,Sadakat Programı / Erken Erişim
16360,5,6,3450.41,United Kingdom,3.3176100628930816,2.296289308176101,Sadık Müşteri,Sadakat Programı / Erken Erişim
16361,10,4,891.21,United Kingdom,4.019230769230769,3.114903846153846,Sadık Müşteri,Sadakat Programı / Erken Erişim
16362,32,6,922.16,United Kingdom,5.188888888888889,2.8446666666666665,Sadık Müşteri,Sadakat Programı / Erken Erişim
16363,53,1,109.36,United Kingdom,10.4,2.9560000000000004,Yeni / Potansiyel Müşteri,Hoş Geldin Kampanyası
16364,12,2,705.79,United Kingdom,5.365384615384615,3.4959615384615383,Yeni / Potansiyel Müşteri,Hoş Geldin Kampanyası
16365,18,15,3167.34,United Kingdom,8.338709677419354,4.622338709677419,Sadık Müşteri,Sadakat Programı / Erken Erişim
16366,19,4,1548.13,United Kingdom,11.307692307692308,3.1624358974358975,Sadık Müşteri,Sadakat Programı / Erken Erişim
16367,37,3,1350.48,United Kingdom,4.946188340807175,2.036188340807175,Orta Segment,Çapraz Satış Önerisi
16368,2,3,621.44,United Kingdom,3.411111111111111,2.647777777777778,Orta Segment,Çapraz Satış Önerisi
16369,18,7,2654.48,United Kingdom,9.491017964071856,2.76437125748503,Sadık Müşteri,Sadakat Programı / Erken Erişim
16370,82,4,1301.91,United Kingdom,2.8959276018099547,2.8917194570135747,Orta Segment,Çapraz Satış Önerisi
16371,449,1,157.2,United Kingdom,9.818181818181818,3.686363636363636,Pasif/Kaybedilmiş,Geri Kazanma Kampanyası
16372,33,5,1290.31,United Kingdom,2.292063492063492,2.3503174603174606,Sadık Müşteri,Sadakat Programı / Erken Erişim
16373,382,2,309.49,United Kingdom,4.103448275862069,2.88448275862069,Pasif/Kaybedilmiş,Geri Kazanma Kampanyası
16374,66,5,1709.55,United Kingdom,2.2325581395348837,3.007093023255814,Orta Segment,Çapraz Satış Önerisi
16375,470,2,104.0,United Kingdom,5.6923076923076925,1.7115384615384615,Pasif/Kaybedilmiş,Geri Kazanma Kampanyası
16376,9,2,974.96,United Kingdom,5.663934426229508,2.5146721311475413,Yeni / Potansiyel Müşteri,Hoş Geldin Kampanyası
16377,267,2,1308.48,United Kingdom,292.8,0.53,Pasif/Kaybedilmiş,Geri Kazanma Kampanyası
16378,247,3,362.95,United Kingdom,11.608695652173912,1.8021739130434784,Orta Segment,Çapraz Satış Önerisi
16379,4,4,2157.4,United Kingdom,13.055555555555555,1.9833333333333334,Sadık Müşteri,Sadakat Programı / Erken Erişim
16380,61,1,1743.15,United Kingdom,46.064516129032256,1.845483870967742,Orta Segment,Çapraz Satış Önerisi
16381,396,2,247.85,United Kingdom,1.7704918032786885,3.0368852459016393,Pasif/Kaybedilmiş,Geri Kazanma Kampanyası
16382,408,2,353.1,United Kingdom,3.7954545454545454,4.2275,Pasif/Kaybedilmiş,Geri Kazanma Kampanyası
16383,75,7,2887.99,United Kingdom,3.9849624060150375,2.7217293233082707,Orta Segment,Çapraz Satış Önerisi
16384,90,4,1358.95,United Kingdom,10.62962962962963,2.587283950617284,Orta Segment,Çapraz Satış Önerisi
16385,60,5,881.35,United Kingdom,4.175438596491228,2.288684210526316,Orta Segment,Çapraz Satış Önerisi
16386,29,3,1068.16,United Kingdom,5.0359712230215825,2.054460431654676,Orta Segment,Çapraz Satış Önerisi
16387,323,5,882.46,United Kingdom,5.149425287356322,3.275632183908046,Orta Segment,Çapraz Satış Önerisi
16388,654,1,186.05,United Kingdom,6.384615384615385,2.869230769230769,Pasif/Kaybedilmiş,Geri Kazanma Kampanyası
16389,53,4,1382.07,United Kingdom,36.529411764705884,2.7785294117647057,Sadık Müşteri,Sadakat Programı / Erken Erişim
16390,537,3,467.5,United Kingdom,5.809523809523809,5.692857142857143,Orta Segment,Çapraz Satış Önerisi
16391,401,4,1048.86,United Kingdom,2.3609271523178808,2.3477814569536424,Orta Segment,Çapraz Satış Önerisi
16392,270,3,755.45,United Kingdom,4.216783216783217,2.1665734265734264,Orta Segment,Çapraz Satış Önerisi
16393,2,23,5297.77,United Kingdom,4.017402945113789,1.9552208835341365,Sadık Müşteri,Sadakat Programı / Erken Erişim
16394,57,5,1555.34,United Kingdom,31.373493975903614,1.231566265060241,Sadık Müşteri,Sadakat Programı / Erken Erişim
16395,61,14,3517.56,United Kingdom,4.581358609794629,2.1509004739336492,Orta Segment,Çapraz Satış Önerisi
16396,476,1,137.8,United Kingdom,10.0,1.9,Pasif/Kaybedilmiş,Geri Kazanma Kampanyası
16397,628,1,123.13,United Kingdom,4.777777777777778,5.632222222222222,Pasif/Kaybedilmiş,Geri Kazanma Kampanyası
16398,154,2,1705.8,United Kingdom,9.24390243902439,5.544634146341464,Orta Segment,Çapraz Satış Önerisi
16399,19,3,628.42,United Kingdom,3.981651376146789,2.7755963302752296,Orta Segment,Çapraz Satış Önerisi
16400,95,9,3059.85,United Kingdom,7.737827715355805,2.4947191011235956,Orta Segment,Çapraz Satış Önerisi
16401,1,23,6847.45,United Kingdom,16.665745856353592,1.5883977900552486,Sadık Müşteri,Sadakat Programı / Erken Erişim
16402,265,2,293.45,United Kingdom,2.56140350877193,2.700877192982456,Pasif/Kaybedilmiş,Geri Kazanma Kampanyası
16403,312,1,177.5,United Kingdom,11.4,1.6099999999999999,Pasif/Kaybedilmiş,Geri Kazanma Kampanyası
16404,70,1,443.05,United Kingdom,6.826086956521739,5.165217391304347,Orta Segment,Çapraz Satış Önerisi
16405,302,2,167.25,United Kingdom,37.4,2.33,Pasif/Kaybedilmiş,Geri Kazanma Kampanyası
16406,19,3,528.36,United Kingdom,1.7364864864864864,2.621689189189189,Orta Segment,Çapraz Satış Önerisi
16407,13,14,2761.65,United Kingdom,6.435555555555555,3.150088888888889,Sadık Müşteri,Sadakat Programı / Erken Erişim
16408,591,1,231.93,United Kingdom,5.044444444444444,1.4766666666666668,Pasif/Kaybedilmiş,Geri Kazanma Kampanyası
16409,36,12,5652.74,United Kingdom,4.727741935483871,2.5893032258064514,Sadık Müşteri,Sadakat Programı / Erken Erişim
16410,734,1,130.32,United Kingdom,69.6,0.796,Pasif/Kaybedilmiş,Geri Kazanma Kampanyası
16411,19,4,756.39,United Kingdom,2.546961325966851,2.0383977900552486,Sadık Müşteri,Sadakat Programı / Erken Erişim
16412,54,5,593.19,United Kingdom,2.360655737704918,2.393770491803279,Sadık Müşteri,Sadakat Programı / Erken Erişim
16413,57,2,522.03,United Kingdom,4.161764705882353,2.716176470588235,Yeni / Potansiyel Müşteri,Hoş Geldin Kampanyası
16414,22,5,551.21,United Kingdom,3.1904761904761907,3.403174603174603,Sadık Müşteri,Sadakat Programı / Erken Erişim
16415,44,3,696.76,United Kingdom,3.503448275862069,2.1227586206896554,Orta Segment,Çapraz Satış Önerisi
16416,27,9,2957.88,United Kingdom,11.817204301075268,2.6687634408602148,Sadık Müşteri,Sadakat Programı / Erken Erişim
16417,493,1,35.7,United Kingdom,6.0,5.95,Pasif/Kaybedilmiş,Geri Kazanma Kampanyası
16418,45,5,1028.74,United Kingdom,3.6153846153846154,3.5193589743589744,Sadık Müşteri,Sadakat Programı / Erken Erişim
16419,113,8,1463.7,United Kingdom,7.788888888888889,3.907111111111111,Orta Segment,Çapraz Satış Önerisi
16420,396,1,75.0,United Kingdom,60.0,1.035,Pasif/Kaybedilmiş,Geri Kazanma Kampanyası
16421,376,3,526.27,United Kingdom,3.236842105263158,6.691842105263158,Orta Segment,Çapraz Satış Önerisi
16422,17,109,61920.87,United Kingdom,92.01289398280802,1.9033954154727792,Sadık Müşteri,Sadakat Programı / Erken Erişim
16423,25,1,346.12,United Kingdom,12.777777777777779,1.9155555555555557,Yeni / Potansiyel Müşteri,Hoş Geldin Kampanyası
16424,191,2,443.06,United Kingdom,16.307692307692307,3.5953846153846154,Pasif/Kaybedilmiş,Geri Kazanma Kampanyası
16425,302,1,302.7,United Kingdom,9.476190476190476,4.171904761904762,Pasif/Kaybedilmiş,Geri Kazanma Kampanyası
16426,2,10,1863.76,United Kingdom,3.441926345609065,2.1071671388101985,Sadık Müşteri,Sadakat Programı / Erken Erişim
16427,263,2,241.06,United Kingdom,17.333333333333332,1.488888888888889,Pasif/Kaybedilmiş,Geri Kazanma Kampanyası
16428,414,3,638.49,United Kingdom,4.52755905511811,2.2476377952755904,Orta Segment,Çapraz Satış Önerisi
16429,106,1,284.55,United Kingdom,4.5,19.950000000000003,Orta Segment,Çapraz Satış Önerisi
16430,57,6,1102.94,United Kingdom,11.333333333333334,4.854444444444444,Sadık Müşteri,Sadakat Programı / Erken Erişim
16431,213,3,623.28,United Kingdom,5.815789473684211,1.8013157894736842,Orta Segment,Çapraz Satış Önerisi
16432,64,1,287.4,United Kingdom,34.5,3.1675,Orta Segment,Çapraz Satış Önerisi
16433,28,2,384.52,United Kingdom,6.294117647058823,2.067941176470588,Yeni / Potansiyel Müşteri,Hoş Geldin Kampanyası
16434,29,12,2673.69,United Kingdom,7.277777777777778,3.6626666666666665,Sadık Müşteri,Sadakat Programı / Erken Erişim
16435,512,3,1003.07,United Kingdom,4.864,4.13488,Orta Segment,Çapraz Satış Önerisi
16436,668,3,319.14,United Kingdom,5.675,2.24825,Orta Segment,Çapraz Satış Önerisi
16437,381,2,301.25,United Kingdom,9.380952380952381,2.0738095238095235,Pasif/Kaybedilmiş,Geri Kazanma Kampanyası
16438,6,5,798.35,United Kingdom,3.507575757575758,2.194015151515152,Sadık Müşteri,Sadakat Programı / Erken Erişim
16439,722,1,310.7,United Kingdom,8.222222222222221,4.672222222222222,Pasif/Kaybedilmiş,Geri Kazanma Kampanyası
16440,8,6,3856.97,United Kingdom,6.866449511400652,2.27742671009772,Sadık Müşteri,Sadakat Programı / Erken Erişim
16441,67,5,1013.18,United Kingdom,5.678571428571429,3.1798809523809526,Orta Segment,Çapraz Satış Önerisi
16442,2,5,891.98,United Kingdom,2.348178137651822,2.345748987854251,Sadık Müşteri,Sadakat Programı / Erken Erişim
16443,521,1,162.24,United Kingdom,96.0,1.69,Pasif/Kaybedilmiş,Geri Kazanma Kampanyası
16444,46,17,3625.88,United Kingdom,5.242587601078167,2.455714285714286,Sadık Müşteri,Sadakat Programı / Erken Erişim
16445,34,4,583.16,United Kingdom,1.5944444444444446,2.275722222222222,Sadık Müşteri,Sadakat Programı / Erken Erişim
16446,1,2,168472.5,United Kingdom,26999.0,1.6600000000000001,Yeni / Potansiyel Müşteri,Hoş Geldin Kampanyası
16447,136,3,727.1,United Kingdom,4.632352941176471,4.919117647058823,Orta Segment,Çapraz Satış Önerisi
16448,198,2,361.12,United Kingdom,3.52,2.334,Pasif/Kaybedilmiş,Geri Kazanma Kampanyası
16449,198,2,707.69,United Kingdom,9.175,3.2979999999999996,Pasif/Kaybedilmiş,Geri Kazanma Kampanyası
16450,150,3,1505.73,United Kingdom,15.837209302325581,3.581627906976744,Orta Segment,Çapraz Satış Önerisi
16451,88,3,1013.15,United Kingdom,8.061538461538461,2.586,Orta Segment,Çapraz Satış Önerisi
16452,631,2,332.17,United Kingdom,11.055555555555555,1.8605555555555557,Pasif/Kaybedilmiş,Geri Kazanma Kampanyası
16453,531,2,251.71,United Kingdom,9.266666666666667,3.134,Pasif/Kaybedilmiş,Geri Kazanma Kampanyası
16454,64,3,29.95,United Kingdom,2.6666666666666665,3.0,Orta Segment,Çapraz Satış Önerisi
16455,64,11,3995.57,United Kingdom,13.907317073170733,2.4425365853658536,Orta Segment,Çapraz Satış Önerisi
16456,99,13,6000.94,United Kingdom,8.429667519181585,2.6765984654731456,Orta Segment,Çapraz Satış Önerisi
16457,218,1,208.36,United Kingdom,15.555555555555555,2.67,Pasif/Kaybedilmiş,Geri Kazanma Kampanyası
16458,3,30,5690.89,United Kingdom,8.910761154855644,2.0433333333333334,Sadık Müşteri,Sadakat Programı / Erken Erişim
16459,730,1,71.79,United Kingdom,11.8,2.568,Pasif/Kaybedilmiş,Geri Kazanma Kampanyası
16460,28,3,811.23,United Kingdom,6.636363636363637,1.6868181818181818,Orta Segment,Çapraz Satış Önerisi
16461,178,3,1539.83,United Kingdom,3.693227091633466,2.6413147410358566,Orta Segment,Çapraz Satış Önerisi
16462,74,3,136.0,United Kingdom,5.333333333333333,8.5,Orta Segment,Çapraz Satış Önerisi
16463,21,4,1422.4,United Kingdom,14.182926829268293,1.993170731707317,Sadık Müşteri,Sadakat Programı / Erken Erişim
16464,20,3,1298.66,United Kingdom,4.139130434782609,2.5217391304347827,Orta Segment,Çapraz Satış Önerisi
16465,421,2,746.24,United Kingdom,10.5,2.4052083333333334,Pasif/Kaybedilmiş,Geri Kazanma Kampanyası
16466,34,15,3767.09,United Kingdom,5.288690476190476,3.2197619047619046,Sadık Müşteri,Sadakat Programı / Erken Erişim
16467,509,7,2869.16,United Kingdom,307.6666666666667,1.2175,Kaybedilme Riski (Değerli),Yüksek İndirim / Kişisel Teklif
16468,74,3,787.52,United Kingdom,8.244444444444444,2.5700000000000003,Orta Segment,Çapraz Satış Önerisi
16469,24,5,803.9,United Kingdom,1.711340206185567,3.0463917525773194,Sadık Müşteri,Sadakat Programı / Erken Erişim
16470,52,11,2416.85,United Kingdom,2.8525641025641026,2.3183547008547007,Sadık Müşteri,Sadakat Programı / Erken Erişim
16471,275,4,1189.98,United Kingdom,10.806451612903226,2.6683870967741936,Orta Segment,Çapraz Satış Önerisi
16472,434,2,789.6,United Kingdom,6.461538461538462,7.023333333333334,Pasif/Kaybedilmiş,Geri Kazanma Kampanyası
16473,165,4,470.83,United Kingdom,10.571428571428571,2.3017857142857143,Orta Segment,Çapraz Satış Önerisi
16474,7,7,1810.49,United Kingdom,2.699404761904762,2.2721428571428572,Sadık Müşteri,Sadakat Programı / Erken Erişim
16475,88,4,544.3,United Kingdom,11.392857142857142,5.110714285714286,Orta Segment,Çapraz Satış Önerisi
16476,432,1,350.35,United Kingdom,7.791666666666667,3.5104166666666665,Pasif/Kaybedilmiş,Geri Kazanma Kampanyası
16477,64,11,4094.37,United Kingdom,10.191056910569106,2.2920731707317072,Orta Segment,Çapraz Satış Önerisi
16478,25,3,331.0,United Kingdom,13.176470588235293,2.942941176470588,Orta Segment,Çapraz Satış Önerisi
16479,10,2,300.83,United Kingdom,2.914285714285714,3.177142857142857,Yeni / Potansiyel Müşteri,Hoş Geldin Kampanyası
16480,76,1,769.29,United Kingdom,8.584905660377359,3.3305660377358492,Orta Segment,Çapraz Satış Önerisi
16481,682,1,453.38,United Kingdom,12.5625,2.63125,Pasif/Kaybedilmiş,Geri Kazanma Kampanyası
16482,16,1,220.62,United Kingdom,19.22222222222222,1.3616666666666668,Yeni / Potansiyel Müşteri,Hoş Geldin Kampanyası
16483,192,1,139.35,United Kingdom,2.3157894736842106,4.410526315789474,Pasif/Kaybedilmiş,Geri Kazanma Kampanyası
16484,174,2,404.3,United Kingdom,8.0,3.2872000000000003,Orta Segment,Çapraz Satış Önerisi
16485,77,5,2287.19,United Kingdom,8.006944444444445,3.1654166666666668,Orta Segment,Çapraz Satış Önerisi
16486,538,1,134.36,United Kingdom,3.4285714285714284,6.841428571428572,Pasif/Kaybedilmiş,Geri Kazanma Kampanyası
16487,577,2,209.4,United Kingdom,4.6571428571428575,2.0085714285714285,Pasif/Kaybedilmiş,Geri Kazanma Kampanyası
16488,33,3,498.8,United Kingdom,25.103448275862068,4.441034482758622,Orta Segment,Çapraz Satış Önerisi
16489,380,2,303.7,United Kingdom,6.333333333333333,7.466666666666666,Pasif/Kaybedilmiş,Geri Kazanma Kampanyası
16490,436,1,205.41,United Kingdom,8.692307692307692,2.3915384615384614,Pasif/Kaybedilmiş,Geri Kazanma Kampanyası
16491,47,2,1533.16,United Kingdom,12.183908045977011,2.360689655172414,Yeni / Potansiyel Müşteri,Hoş Geldin Kampanyası
16492,541,1,385.56,United Kingdom,10.217391304347826,2.554782608695652,Pasif/Kaybedilmiş,Geri Kazanma Kampanyası
16493,80,7,2132.09,United Kingdom,17.90990990990991,2.131711711711712,Orta Segment,Çapraz Satış Önerisi
16494,297,1,826.53,United Kingdom,13.5,1.4991999999999999,Pasif/Kaybedilmiş,Geri Kazanma Kampanyası
16495,3,3,648.26,United Kingdom,3.727272727272727,3.1364772727272725,Orta Segment,Çapraz Satış Önerisi
16496,9,6,2330.77,United Kingdom,12.782608695652174,2.6681884057971015,Sadık Müşteri,Sadakat Programı / Erken Erişim
16497,50,23,6695.28,United Kingdom,9.050445103857566,3.9847181008902073,Sadık Müşteri,Sadakat Programı / Erken Erişim
16498,161,2,100.97,United Kingdom,3.0,2.3680000000000003,Orta Segment,Çapraz Satış Önerisi
16499,360,8,2578.34,United Kingdom,9.472222222222221,3.2911111111111113,Kaybedilme Riski (Değerli),Yüksek İndirim / Kişisel Teklif
16500,5,9,843.91,United Kingdom,11.352941176470589,7.190294117647059,Sadık Müşteri,Sadakat Programı / Erken Erişim
16501,383,1,1191.23,United Kingdom,3.1557788944723617,2.592814070351759,Pasif/Kaybedilmiş,Geri Kazanma Kampanyası
16502,620,2,258.55,United Kingdom,5.365853658536586,4.198536585365853,Pasif/Kaybedilmiş,Geri Kazanma Kampanyası
16503,107,11,3614.34,United Kingdom,7.206572769953052,4.0726291079812205,Orta Segment,Çapraz Satış Önerisi
16504,25,1,465.88,United Kingdom,6.144578313253012,1.2212048192771083,Yeni / Potansiyel Müşteri,Hoş Geldin Kampanyası
16505,32,1,777.6,United Kingdom,144.0,1.35,Yeni / Potansiyel Müşteri,Hoş Geldin Kampanyası
16506,20,2,90.3,United Kingdom,14.0,2.183333333333333,Yeni / Potansiyel Müşteri,Hoş Geldin Kampanyası
16507,572,1,142.71,United Kingdom,2.9210526315789473,1.9602631578947367,Pasif/Kaybedilmiş,Geri Kazanma Kampanyası
16508,630,1,240.95,United Kingdom,2.395348837209302,3.6434883720930236,Pasif/Kaybedilmiş,Geri Kazanma Kampanyası
16509,297,1,363.7,United Kingdom,4.923076923076923,7.623076923076923,Pasif/Kaybedilmiş,Geri Kazanma Kampanyası
16510,372,6,1757.25,United Kingdom,8.35135135135135,3.7663063063063063,Kaybedilme Riski (Değerli),Yüksek İndirim / Kişisel Teklif
16511,22,6,1758.49,United Kingdom,2.5247524752475248,3.1083168316831684,Sadık Müşteri,Sadakat Programı / Erken Erişim
16513,5,4,874.59,United Kingdom,11.628571428571428,2.5905714285714287,Sadık Müşteri,Sadakat Programı / Erken Erişim
16515,52,10,3179.06,United Kingdom,6.665254237288136,2.5692372881355934,Sadık Müşteri,Sadakat Programı / Erken Erişim
16516,30,1,101.7,United Kingdom,9.666666666666666,2.1166666666666667,Yeni / Potansiyel Müşteri,Hoş Geldin Kampanyası
16517,277,1,162.7,United Kingdom,5.647058823529412,2.8852941176470592,Pasif/Kaybedilmiş,Geri Kazanma Kampanyası
16518,61,4,959.37,United Kingdom,7.705882352941177,3.2725,Orta Segment,Çapraz Satış Önerisi
16519,25,4,436.96,United Kingdom,4.257142857142857,4.680000000000001,Sadık Müşteri,Sadakat Programı / Erken Erişim
16520,186,6,2148.38,United Kingdom,2.96875,2.7138636363636364,Orta Segment,Çapraz Satış Önerisi
16521,415,3,1136.36,United Kingdom,4.2923728813559325,2.5202966101694915,Orta Segment,Çapraz Satış Önerisi
16522,436,2,433.36,United Kingdom,11.777777777777779,4.754444444444444,Pasif/Kaybedilmiş,Geri Kazanma Kampanyası
16523,2,28,11916.33,United Kingdom,13.420485175202156,3.991725067385445,Sadık Müşteri,Sadakat Programı / Erken Erişim
16524,446,2,306.19,United Kingdom,4.886792452830188,3.4075471698113207,Pasif/Kaybedilmiş,Geri Kazanma Kampanyası
16525,2,48,24151.3,United Kingdom,40.87818696883853,3.4350141643059486,Sadık Müşteri,Sadakat Programı / Erken Erişim
16526,172,2,717.21,United Kingdom,7.9714285714285715,5.636857142857143,Orta Segment,Çapraz Satış Önerisi
16527,81,2,1232.94,United Kingdom,9.698630136986301,3.1987671232876713,Orta Segment,Çapraz Satış Önerisi
16528,4,1,244.41,United Kingdom,10.058823529411764,3.2235294117647055,Yeni / Potansiyel Müşteri,Hoş Geldin Kampanyası
16529,190,4,1986.8,United Kingdom,5.7734375,3.533359375,Kaybedilme Riski (Değerli),Yüksek İndirim / Kişisel Teklif
16530,668,1,48.35,United Kingdom,5.666666666666667,5.883333333333333,Pasif/Kaybedilmiş,Geri Kazanma Kampanyası
16531,22,11,2298.33,United Kingdom,13.5,2.705144927536232,Sadık Müşteri,Sadakat Programı / Erken Erişim
16532,18,5,8756.64,United Kingdom,424.0,3.5833333333333335,Sadık Müşteri,Sadakat Programı / Erken Erişim
16533,19,3,1082.81,United Kingdom,3.471590909090909,2.5932954545454545,Orta Segment,Çapraz Satış Önerisi
16534,642,1,635.9,United Kingdom,4.666666666666667,5.134444444444444,Pasif/Kaybedilmiş,Geri Kazanma Kampanyası
16535,5,2,952.04,United Kingdom,9.471428571428572,2.343857142857143,Yeni / Potansiyel Müşteri,Hoş Geldin Kampanyası
16536,110,1,548.12,United Kingdom,4.62962962962963,3.6918518518518515,Orta Segment,Çapraz Satış Önerisi
16537,641,1,10.55,United Kingdom,9.5,0.675,Pasif/Kaybedilmiş,Geri Kazanma Kampanyası
16538,541,3,395.07,United Kingdom,6.195121951219512,1.9609756097560977,Orta Segment,Çapraz Satış Önerisi
16539,3,10,3289.66,United Kingdom,7.740458015267175,5.897709923664122,Sadık Müşteri,Sadakat Programı / Erken Erişim
16540,414,1,205.75,United Kingdom,3.6206896551724137,2.7051724137931035,Pasif/Kaybedilmiş,Geri Kazanma Kampanyası
16541,735,1,424.03,United Kingdom,4.552631578947368,3.6868421052631577,Pasif/Kaybedilmiş,Geri Kazanma Kampanyası
16542,54,2,257.32,United Kingdom,10.142857142857142,2.5742857142857143,Yeni / Potansiyel Müşteri,Hoş Geldin Kampanyası
16543,592,1,292.21,United Kingdom,17.61111111111111,1.3544444444444443,Pasif/Kaybedilmiş,Geri Kazanma Kampanyası
16544,520,4,376.7,United Kingdom,13.636363636363637,2.7809090909090908,Orta Segment,Çapraz Satış Önerisi
16545,165,2,689.82,United Kingdom,40.25,2.6825,Orta Segment,Çapraz Satış Önerisi
16546,291,5,5307.07,United Kingdom,47.85227272727273,2.1218181818181816,Kaybedilme Riski (Değerli),Yüksek İndirim / Kişisel Teklif
16547,546,1,104.26,United Kingdom,4.32,2.2088,Pasif/Kaybedilmiş,Geri Kazanma Kampanyası
16548,599,1,30.15,United Kingdom,1.0,5.0249999999999995,Pasif/Kaybedilmiş,Geri Kazanma Kampanyası
16549,10,34,12781.8,United Kingdom,2.2913029421273845,2.059421273844164,Sadık Müşteri,Sadakat Programı / Erken Erişim
16550,109,18,8807.68,United Kingdom,7.165782493368701,2.6533023872679045,Orta Segment,Çapraz Satış Önerisi
16551,96,7,2237.12,United Kingdom,23.59090909090909,3.265340909090909,Orta Segment,Çapraz Satış Önerisi
16552,243,2,379.73,United Kingdom,12.882352941176471,4.11,Pasif/Kaybedilmiş,Geri Kazanma Kampanyası
16553,163,33,16584.01,United Kingdom,56.25684931506849,2.0134931506849316,Orta Segment,Çapraz Satış Önerisi
16554,42,8,2841.72,United Kingdom,8.059880239520957,3.6859880239520955,Sadık Müşteri,Sadakat Programı / Erken Erişim
16555,35,6,1915.68,United Kingdom,27.515151515151516,2.2315151515151515,Sadık Müşteri,Sadakat Programı / Erken Erişim
16556,67,17,8012.58,United Kingdom,9.031120331950207,4.286058091286307,Orta Segment,Çapraz Satış Önerisi
16557,24,2,281.85,United Kingdom,10.090909090909092,6.818181818181818,Yeni / Potansiyel Müşteri,Hoş Geldin Kampanyası
16558,1,38,13304.11,United Kingdom,10.375830013280213,3.176746347941567,Sadık Müşteri,Sadakat Programı / Erken Erişim
16559,397,1,175.0,United Kingdom,3.588235294117647,3.9588235294117644,Pasif/Kaybedilmiş,Geri Kazanma Kampanyası
16560,27,8,3048.38,United Kingdom,8.095959595959595,4.126363636363636,Sadık Müşteri,Sadakat Programı / Erken Erişim
16561,6,2,511.12,United Kingdom,7.870967741935484,2.8583870967741936,Yeni / Potansiyel Müşteri,Hoş Geldin Kampanyası
16562,477,1,223.86,United Kingdom,7.764705882352941,1.1917647058823528,Pasif/Kaybedilmiş,Geri Kazanma Kampanyası
16563,54,6,4412.56,United Kingdom,29.03370786516854,2.5915730337078653,Sadık Müşteri,Sadakat Programı / Erken Erişim
16564,569,1,87.8,United Kingdom,8.0,3.29,Pasif/Kaybedilmiş,Geri Kazanma Kampanyası
16565,364,4,773.05,United Kingdom,19.181818181818183,4.431818181818182,Orta Segment,Çapraz Satış Önerisi
16566,15,5,614.66,United Kingdom,20.11111111111111,2.6955555555555555,Sadık Müşteri,Sadakat Programı / Erken Erişim
16567,194,2,865.6,United Kingdom,28.457142857142856,2.1654285714285715,Pasif/Kaybedilmiş,Geri Kazanma Kampanyası
16568,428,2,1020.9,United Kingdom,73.2,12.290000000000001,Pasif/Kaybedilmiş,Geri Kazanma Kampanyası
16569,3,5,1455.23,United Kingdom,28.228571428571428,2.0834285714285716,Sadık Müşteri,Sadakat Programı / Erken Erişim
16570,15,20,7434.31,United Kingdom,17.809128630705395,4.289875518672199,Sadık Müşteri,Sadakat Programı / Erken Erişim
16571,27,10,4248.74,United Kingdom,14.52156862745098,1.946156862745098,Sadık Müşteri,Sadakat Programı / Erken Erişim
16572,127,3,1009.6,United Kingdom,9.333333333333334,3.7794736842105263,Orta Segment,Çapraz Satış Önerisi
16573,85,2,663.61,United Kingdom,8.571428571428571,3.7616666666666667,Orta Segment,Çapraz Satış Önerisi
16574,71,3,1301.78,United Kingdom,11.651162790697674,1.803720930232558,Orta Segment,Çapraz Satış Önerisi
16576,420,2,540.87,United Kingdom,9.787878787878787,3.3133333333333335,Pasif/Kaybedilmiş,Geri Kazanma Kampanyası
16577,667,1,380.0,United Kingdom,6.173913043478261,4.243478260869566,Pasif/Kaybedilmiş,Geri Kazanma Kampanyası
16578,626,1,156.6,United Kingdom,12.0,1.4500000000000002,Pasif/Kaybedilmiş,Geri Kazanma Kampanyası
16579,426,1,295.05,United Kingdom,8.5,5.05,Pasif/Kaybedilmiş,Geri Kazanma Kampanyası
16581,183,1,105.84,United Kingdom,14.88888888888889,1.1855555555555555,Orta Segment,Çapraz Satış Önerisi
16582,113,1,313.62,United Kingdom,27.333333333333332,1.6216666666666668,Orta Segment,Çapraz Satış Önerisi
16583,374,2,297.95,United Kingdom,8.5,2.3833333333333333,Pasif/Kaybedilmiş,Geri Kazanma Kampanyası
16584,80,5,3156.17,United Kingdom,23.329268292682926,2.578048780487805,Orta Segment,Çapraz Satış Önerisi
16585,594,2,341.59,United Kingdom,8.38888888888889,3.0822222222222226,Pasif/Kaybedilmiş,Geri Kazanma Kampanyası
16586,249,3,1462.78,United Kingdom,12.428571428571429,4.937142857142858,Orta Segment,Çapraz Satış Önerisi
16587,232,1,225.15,United Kingdom,5.461538461538462,6.707692307692308,Pasif/Kaybedilmiş,Geri Kazanma Kampanyası
16588,386,4,1361.28,United Kingdom,12.422535211267606,3.074225352112676,Kaybedilme Riski (Değerli),Yüksek İndirim / Kişisel Teklif
16589,71,4,612.36,United Kingdom,12.181818181818182,1.714090909090909,Orta Segment,Çapraz Satış Önerisi
16590,401,2,605.9,United Kingdom,8.275862068965518,3.829310344827586,Pasif/Kaybedilmiş,Geri Kazanma Kampanyası
16591,69,1,213.5,United Kingdom,4.1,4.443,Orta Segment,Çapraz Satış Önerisi
16592,4,28,7807.91,United Kingdom,12.85981308411215,2.174228971962617,Sadık Müşteri,Sadakat Programı / Erken Erişim
16593,51,8,1071.14,United Kingdom,4.833333333333333,4.441282051282052,Sadık Müşteri,Sadakat Programı / Erken Erişim
16594,75,1,181.09,United Kingdom,1.2075471698113207,3.0179245283018865,Orta Segment,Çapraz Satış Önerisi
16595,61,5,1757.75,United Kingdom,2.9446902654867255,2.0371902654867258,Orta Segment,Çapraz Satış Önerisi
16596,16,4,458.98,United Kingdom,7.5,3.7329166666666667,Sadık Müşteri,Sadakat Programı / Erken Erişim
16597,4,1,90.04,United Kingdom,26.285714285714285,1.6214285714285714,Yeni / Potansiyel Müşteri,Hoş Geldin Kampanyası
16598,286,1,145.05,United Kingdom,7.3,2.56,Pasif/Kaybedilmiş,Geri Kazanma Kampanyası
16599,386,1,172.8,United Kingdom,13.25,2.7291666666666665,Pasif/Kaybedilmiş,Geri Kazanma Kampanyası
16600,4,13,2153.41,United Kingdom,16.923076923076923,1.7626573426573426,Sadık Müşteri,Sadakat Programı / Erken Erişim
16601,41,3,675.83,United Kingdom,5.705882352941177,3.1633823529411766,Orta Segment,Çapraz Satış Önerisi
16602,36,2,763.33,United Kingdom,10.725,2.9170000000000003,Yeni / Potansiyel Müşteri,Hoş Geldin Kampanyası
16603,75,2,482.47,United Kingdom,14.117647058823529,2.1564705882352944,Orta Segment,Çapraz Satış Önerisi
16604,563,2,432.45,United Kingdom,14.583333333333334,2.975,Pasif/Kaybedilmiş,Geri Kazanma Kampanyası
16605,724,1,60.48,United Kingdom,144.0,0.42,Pasif/Kaybedilmiş,Geri Kazanma Kampanyası
16606,404,2,357.66,United Kingdom,6.7272727272727275,4.4377272727272725,Pasif/Kaybedilmiş,Geri Kazanma Kampanyası
16607,18,25,5706.87,United Kingdom,14.885906040268456,3.6433892617449666,Sadık Müşteri,Sadakat Programı / Erken Erişim
16608,454,2,1286.62,United Kingdom,5.0578512396694215,3.4154545454545455,Pasif/Kaybedilmiş,Geri Kazanma Kampanyası
16609,15,7,5493.46,United Kingdom,8.768115942028986,3.5644202898550725,Sadık Müşteri,Sadakat Programı / Erken Erişim
16610,219,1,75.66,United Kingdom,11.0,1.2966666666666666,Pasif/Kaybedilmiş,Geri Kazanma Kampanyası
16611,186,6,1785.13,United Kingdom,7.945454545454545,4.012545454545455,Orta Segment,Çapraz Satış Önerisi
16612,33,9,3245.43,United Kingdom,8.497005988023952,3.3328742514970062,Sadık Müşteri,Sadakat Programı / Erken Erişim
16613,70,1,618.59,United Kingdom,9.766666666666667,2.897,Orta Segment,Çapraz Satış Önerisi
16614,183,3,1179.79,United Kingdom,7.122448979591836,5.694285714285714,Orta Segment,Çapraz Satış Önerisi
16615,626,1,291.5,United Kingdom,11.105263157894736,3.3084210526315787,Pasif/Kaybedilmiş,Geri Kazanma Kampanyası
16616,15,2,500.42,United Kingdom,11.212121212121213,2.83969696969697,Yeni / Potansiyel Müşteri,Hoş Geldin Kampanyası
16617,236,1,151.85,United Kingdom,18.2,3.91,Pasif/Kaybedilmiş,Geri Kazanma Kampanyası
16618,31,5,2647.59,United Kingdom,14.197916666666666,3.626041666666667,Sadık Müşteri,Sadakat Programı / Erken Erişim
16619,264,4,1938.33,United Kingdom,9.094827586206897,3.547068965517241,Kaybedilme Riski (Değerli),Yüksek İndirim / Kişisel Teklif
16620,4,6,1758.93,United Kingdom,12.191489361702128,2.279042553191489,Sadık Müşteri,Sadakat Programı / Erken Erişim
16621,52,4,813.48,United Kingdom,10.413793103448276,4.59103448275862,Sadık Müşteri,Sadakat Programı / Erken Erişim
16622,544,1,225.4,United Kingdom,3.6666666666666665,5.958333333333333,Pasif/Kaybedilmiş,Geri Kazanma Kampanyası
16623,246,4,1015.24,United Kingdom,8.666666666666666,3.299019607843137,Orta Segment,Çapraz Satış Önerisi
16624,81,2,810.57,United Kingdom,10.166666666666666,3.07375,Orta Segment,Çapraz Satış Önerisi
16625,275,5,1654.03,United Kingdom,10.676767676767676,2.316161616161616,Kaybedilme Riski (Değerli),Yüksek İndirim / Kişisel Teklif
16626,1,17,4413.1,United Kingdom,15.027932960893855,4.136648044692738,Sadık Müşteri,Sadakat Programı / Erken Erişim
16627,79,1,322.8,United Kingdom,8.1,5.0675,Orta Segment,Çapraz Satış Önerisi
16628,30,7,2318.1,United Kingdom,10.08,2.55312,Sadık Müşteri,Sadakat Programı / Erken Erişim
16629,74,2,408.63,United Kingdom,8.15,2.464833333333333,Orta Segment,Çapraz Satış Önerisi
16630,407,1,106.8,United Kingdom,18.0,1.6,Pasif/Kaybedilmiş,Geri Kazanma Kampanyası
16631,482,7,1892.52,United Kingdom,9.6875,4.076124999999999,Kaybedilme Riski (Değerli),Yüksek İndirim / Kişisel Teklif
16632,486,2,406.4,United Kingdom,9.481481481481481,1.612962962962963,Pasif/Kaybedilmiş,Geri Kazanma Kampanyası
16633,17,6,2883.1,United Kingdom,7.4868421052631575,4.659407894736842,Sadık Müşteri,Sadakat Programı / Erken Erişim
16634,223,6,1649.81,United Kingdom,15.144578313253012,4.535301204819278,Kaybedilme Riski (Değerli),Yüksek İndirim / Kişisel Teklif
16635,407,1,473.0,United Kingdom,11.08,2.2048,Pasif/Kaybedilmiş,Geri Kazanma Kampanyası
16636,438,4,3802.04,United Kingdom,29.945205479452056,2.620821917808219,Kaybedilme Riski (Değerli),Yüksek İndirim / Kişisel Teklif
16637,32,4,1154.47,United Kingdom,13.434782608695652,2.7930434782608695,Sadık Müşteri,Sadakat Programı / Erken Erişim
16638,23,15,2380.13,United Kingdom,11.789855072463768,3.5307246376811596,Sadık Müşteri,Sadakat Programı / Erken Erişim
16639,31,4,1747.98,United Kingdom,9.271604938271604,3.6717283950617285,Sadık Müşteri,Sadakat Programı / Erken Erişim
16640,398,1,179.4,United Kingdom,11.23076923076923,1.4115384615384616,Pasif/Kaybedilmiş,Geri Kazanma Kampanyası
16641,106,2,554.5,United Kingdom,12.61111111111111,2.0336111111111115,Orta Segment,Çapraz Satış Önerisi
16642,5,3,1077.45,United Kingdom,14.351851851851851,2.986851851851852,Orta Segment,Çapraz Satış Önerisi
16643,246,2,923.11,United Kingdom,10.054545454545455,2.9859999999999998,Pasif/Kaybedilmiş,Geri Kazanma Kampanyası
16644,178,2,833.78,United Kingdom,13.32258064516129,1.5379032258064516,Orta Segment,Çapraz Satış Önerisi
16645,736,1,160.39,United Kingdom,8.357142857142858,2.3814285714285717,Pasif/Kaybedilmiş,Geri Kazanma Kampanyası
16646,449,1,678.8,United Kingdom,36.96551724137931,1.6158620689655172,Pasif/Kaybedilmiş,Geri Kazanma Kampanyası
16647,170,4,541.9,United Kingdom,12.0,3.347272727272727,Orta Segment,Çapraz Satış Önerisi
16648,43,3,672.8,United Kingdom,13.594594594594595,1.8789189189189188,Orta Segment,Çapraz Satış Önerisi
16649,520,1,306.58,United Kingdom,4.1,6.8095,Pasif/Kaybedilmiş,Geri Kazanma Kampanyası
16650,72,7,1916.11,United Kingdom,15.418367346938776,2.3012244897959184,Orta Segment,Çapraz Satış Önerisi
16651,587,1,136.2,United Kingdom,10.0,2.9333333333333336,Pasif/Kaybedilmiş,Geri Kazanma Kampanyası
16652,59,16,17550.39,United Kingdom,27.189090909090908,4.069890909090909,Sadık Müşteri,Sadakat Programı / Erken Erişim
16653,16,2,1212.66,United Kingdom,10.623188405797102,3.3256521739130434,Yeni / Potansiyel Müşteri,Hoş Geldin Kampanyası
16654,141,8,1484.07,United Kingdom,8.64864864864865,3.9936486486486484,Orta Segment,Çapraz Satış Önerisi
16655,18,13,6423.26,United Kingdom,6.6745762711864405,2.7068474576271186,Sadık Müşteri,Sadakat Programı / Erken Erişim
16656,22,30,16833.17,United Kingdom,109.45390070921985,2.0804964539007096,Sadık Müşteri,Sadakat Programı / Erken Erişim
16657,10,4,874.43,United Kingdom,5.885416666666667,1.6116666666666666,Sadık Müşteri,Sadakat Programı / Erken Erişim
16658,368,5,680.83,United Kingdom,4.338709677419355,3.6466129032258063,Orta Segment,Çapraz Satış Önerisi
16659,189,1,39.12,United Kingdom,36.0,0.62,Pasif/Kaybedilmiş,Geri Kazanma Kampanyası
16660,16,7,1879.55,United Kingdom,41.291666666666664,2.754583333333333,Sadık Müşteri,Sadakat Programı / Erken Erişim
16661,540,4,932.76,United Kingdom,5.870967741935484,3.3351612903225805,Orta Segment,Çapraz Satış Önerisi
16662,394,1,151.05,United Kingdom,1.25,4.555357142857143,Pasif/Kaybedilmiş,Geri Kazanma Kampanyası
16663,729,1,165.0,United Kingdom,100.0,1.65,Pasif/Kaybedilmiş,Geri Kazanma Kampanyası
16664,569,1,109.2,United Kingdom,3.0,5.25,Pasif/Kaybedilmiş,Geri Kazanma Kampanyası
16665,362,1,135.4,United Kingdom,6.555555555555555,5.388888888888889,Pasif/Kaybedilmiş,Geri Kazanma Kampanyası
16666,19,2,217.71,United Kingdom,7.375,1.2437500000000001,Yeni / Potansiyel Müşteri,Hoş Geldin Kampanyası
16667,68,2,567.18,United Kingdom,4.538461538461538,3.5936538461538463,Orta Segment,Çapraz Satış Önerisi
16668,15,13,862.42,United Kingdom,14.584905660377359,2.090188679245283,Sadık Müşteri,Sadakat Programı / Erken Erişim
16669,24,2,1344.48,United Kingdom,5.6558441558441555,2.778766233766234,Yeni / Potansiyel Müşteri,Hoş Geldin Kampanyası
16670,17,20,8030.15,United Kingdom,9.348453608247423,3.0579381443298965,Sadık Müşteri,Sadakat Programı / Erken Erişim
16671,28,3,1692.27,United Kingdom,145.83333333333334,2.8033333333333332,Orta Segment,Çapraz Satış Önerisi
16672,2,20,8134.94,United Kingdom,24.842105263157894,3.634912280701754,Sadık Müşteri,Sadakat Programı / Erken Erişim
16673,679,1,171.13,United Kingdom,5.0,2.8073684210526317,Pasif/Kaybedilmiş,Geri Kazanma Kampanyası
16674,55,2,304.24,United Kingdom,1.946236559139785,1.9753763440860217,Yeni / Potansiyel Müşteri,Hoş Geldin Kampanyası
16675,442,2,608.86,United Kingdom,12.869565217391305,2.781304347826087,Pasif/Kaybedilmiş,Geri Kazanma Kampanyası
16676,34,6,2361.9,United Kingdom,6.969924812030075,5.19609022556391,Sadık Müşteri,Sadakat Programı / Erken Erişim
16677,411,2,880.62,United Kingdom,9.72340425531915,3.332340425531915,Pasif/Kaybedilmiş,Geri Kazanma Kampanyası
16678,3,12,3109.99,United Kingdom,14.705521472392638,1.8485276073619632,Sadık Müşteri,Sadakat Programı / Erken Erişim
16679,366,3,663.31,United Kingdom,13.722222222222221,5.1883333333333335,Orta Segment,Çapraz Satış Önerisi
16680,43,3,821.45,United Kingdom,13.0,3.006896551724138,Orta Segment,Çapraz Satış Önerisi
16681,73,7,1921.84,United Kingdom,30.448979591836736,1.95734693877551,Orta Segment,Çapraz Satış Önerisi
16682,5,5,1028.0,United Kingdom,34.666666666666664,1.7696666666666665,Sadık Müşteri,Sadakat Programı / Erken Erişim
16683,534,1,320.25,United Kingdom,10.555555555555555,3.2088888888888887,Pasif/Kaybedilmiş,Geri Kazanma Kampanyası
16684,4,55,147142.77,United Kingdom,145.974930362117,2.582688022284122,Sadık Müşteri,Sadakat Programı / Erken Erişim
16685,61,2,324.24,United Kingdom,6.387096774193548,2.2548387096774194,Orta Segment,Çapraz Satış Önerisi
16686,47,16,4881.07,United Kingdom,3.325875486381323,2.4582782101167315,Sadık Müşteri,Sadakat Programı / Erken Erişim
16687,391,1,157.63,United Kingdom,17.625,2.0025,Pasif/Kaybedilmiş,Geri Kazanma Kampanyası
16688,1,4,1260.86,United Kingdom,12.96774193548387,2.7750000000000004,Sadık Müşteri,Sadakat Programı / Erken Erişim
16689,76,2,422.6,United Kingdom,25.384615384615383,3.5399999999999996,Orta Segment,Çapraz Satış Önerisi
16690,72,4,353.03,United Kingdom,11.0,3.2468421052631578,Orta Segment,Çapraz Satış Önerisi
16691,418,2,178.83,United Kingdom,8.363636363636363,6.487272727272727,Pasif/Kaybedilmiş,Geri Kazanma Kampanyası
16692,256,4,1764.7,United Kingdom,219.25,4.5125,Kaybedilme Riski (Değerli),Yüksek İndirim / Kişisel Teklif
16693,69,5,1179.48,United Kingdom,3.9166666666666665,3.082142857142857,Orta Segment,Çapraz Satış Önerisi
16694,723,1,98.3,United Kingdom,8.666666666666666,16.666666666666668,Pasif/Kaybedilmiş,Geri Kazanma Kampanyası
16695,562,2,191.9,United Kingdom,5.257142857142857,2.1971428571428575,Pasif/Kaybedilmiş,Geri Kazanma Kampanyası
16696,135,4,657.9,United Kingdom,14.6,3.9300000000000006,Orta Segment,Çapraz Satış Önerisi
16697,241,1,112.75,United Kingdom,1.2857142857142858,4.640476190476191,Pasif/Kaybedilmiş,Geri Kazanma Kampanyası
16698,227,2,1998.0,United Kingdom,168.0,2.37,Pasif/Kaybedilmiş,Geri Kazanma Kampanyası
16699,380,7,994.6,United Kingdom,10.32258064516129,2.4306451612903226,Orta Segment,Çapraz Satış Önerisi
16700,9,25,8830.77,United Kingdom,12.900970873786408,2.148310679611651,Sadık Müşteri,Sadakat Programı / Erken Erişim
16701,9,26,9916.73,United Kingdom,40.167272727272724,2.1147272727272726,Sadık Müşteri,Sadakat Programı / Erken Erişim
16702,415,4,1109.53,United Kingdom,7.666666666666667,3.7156666666666665,Orta Segment,Çapraz Satış Önerisi
16704,618,2,664.16,United Kingdom,8.018518518518519,2.8487037037037033,Pasif/Kaybedilmiş,Geri Kazanma Kampanyası
16705,1,42,43515.05,United Kingdom,32.27496382054993,3.8787858176555714,Sadık Müşteri,Sadakat Programı / Erken Erişim
16706,37,3,531.35,United Kingdom,2.024390243902439,2.8052032520325203,Orta Segment,Çapraz Satış Önerisi
16707,400,4,533.41,United Kingdom,6.092307692307692,2.4858461538461536,Orta Segment,Çapraz Satış Önerisi
16708,46,1,656.63,United Kingdom,10.555555555555555,3.3644444444444446,Yeni / Potansiyel Müşteri,Hoş Geldin Kampanyası
16709,85,14,9056.01,United Kingdom,10.798013245033113,4.5891721854304635,Orta Segment,Çapraz Satış Önerisi
16710,19,22,5921.35,United Kingdom,4.591859185918592,2.455775577557756,Sadık Müşteri,Sadakat Programı / Erken Erişim
16711,3,9,2868.48,United Kingdom,36.72727272727273,3.769090909090909,Sadık Müşteri,Sadakat Programı / Erken Erişim
16712,9,13,4225.22,United Kingdom,3.9826923076923078,3.037730769230769,Sadık Müşteri,Sadakat Programı / Erken Erişim
16713,19,32,14115.56,United Kingdom,6.699842022116903,3.3675750394944712,Sadık Müşteri,Sadakat Programı / Erken Erişim
16714,317,3,1482.33,United Kingdom,7.587155963302752,3.4145871559633028,Orta Segment,Çapraz Satış Önerisi
16715,78,2,625.52,United Kingdom,41.92857142857143,0.7071428571428572,Orta Segment,Çapraz Satış Önerisi
16716,267,3,2149.68,United Kingdom,114.0,2.975,Orta Segment,Çapraz Satış Önerisi
16717,24,14,6663.68,United Kingdom,8.985714285714286,3.408514285714286,Sadık Müşteri,Sadakat Programı / Erken Erişim
16718,369,5,3006.08,United Kingdom,10.870056497175142,2.4522598870056496,Kaybedilme Riski (Değerli),Yüksek İndirim / Kişisel Teklif
16719,15,14,3508.62,United Kingdom,5.89769820971867,3.6628900255754475,Sadık Müşteri,Sadakat Programı / Erken Erişim
16720,26,3,566.74,United Kingdom,3.2661870503597124,2.4406474820143886,Orta Segment,Çapraz Satış Önerisi
16721,262,1,292.47,United Kingdom,4.648648648648648,2.363243243243243,Pasif/Kaybedilmiş,Geri Kazanma Kampanyası
16722,17,22,8189.56,United Kingdom,21.126984126984127,1.329126984126984,Sadık Müşteri,Sadakat Programı / Erken Erişim
16723,91,4,1231.36,United Kingdom,7.725806451612903,4.127983870967742,Orta Segment,Çapraz Satış Önerisi
16724,405,1,147.35,United Kingdom,4.0588235294117645,2.3911764705882352,Pasif/Kaybedilmiş,Geri Kazanma Kampanyası
16725,302,13,1686.81,United Kingdom,2.0144092219020173,3.463544668587896,Kaybedilme Riski (Değerli),Yüksek İndirim / Kişisel Teklif
16726,26,7,2063.88,United Kingdom,5.049618320610687,2.3919847328244277,Sadık Müşteri,Sadakat Programı / Erken Erişim
16727,364,4,1377.77,United Kingdom,5.2,1.6353170731707318,Kaybedilme Riski (Değerli),Yüksek İndirim / Kişisel Teklif
16728,46,4,1048.28,United Kingdom,2.5513307984790874,2.3329277566539925,Sadık Müşteri,Sadakat Programı / Erken Erişim
16729,38,21,7202.01,United Kingdom,8.729770992366412,2.139419847328244,Sadık Müşteri,Sadakat Programı / Erken Erişim
16730,52,3,743.11,United Kingdom,12.121951219512194,1.4010975609756098,Orta Segment,Çapraz Satış Önerisi
16731,648,1,170.3,United Kingdom,2.9523809523809526,1.8114285714285714,Pasif/Kaybedilmiş,Geri Kazanma Kampanyası
16732,32,4,4387.64,United Kingdom,10.923076923076923,4.474027149321267,Sadık Müşteri,Sadakat Programı / Erken Erişim
16733,530,1,259.68,United Kingdom,9.333333333333334,2.8783333333333334,Pasif/Kaybedilmiş,Geri Kazanma Kampanyası
16734,52,3,646.76,United Kingdom,6.634615384615385,3.531538461538461,Orta Segment,Çapraz Satış Önerisi
16735,79,14,6217.41,United Kingdom,14.421768707482993,2.2880952380952384,Orta Segment,Çapraz Satış Önerisi
16736,506,5,2956.56,United Kingdom,7.3426573426573425,4.299160839160839,Kaybedilme Riski (Değerli),Yüksek İndirim / Kişisel Teklif
16737,53,2,835.2,United Kingdom,288.0,1.45,Yeni / Potansiyel Müşteri,Hoş Geldin Kampanyası
16738,298,1,3.75,United Kingdom,3.0,1.25,Pasif/Kaybedilmiş,Geri Kazanma Kampanyası
16739,177,2,786.43,United Kingdom,10.289473684210526,3.133947368421053,Orta Segment,Çapraz Satış Önerisi
16740,395,1,226.91,United Kingdom,3.4375,2.7409375,Pasif/Kaybedilmiş,Geri Kazanma Kampanyası
16741,625,1,173.06,United Kingdom,7.363636363636363,3.2436363636363637,Pasif/Kaybedilmiş,Geri Kazanma Kampanyası
16742,493,13,2334.97,United Kingdom,24.825242718446603,2.0394174757281553,Kaybedilme Riski (Değerli),Yüksek İndirim / Kişisel Teklif
16743,29,14,4212.15,United Kingdom,9.991913746630727,1.468787061994609,Sadık Müşteri,Sadakat Programı / Erken Erişim
16744,11,7,1291.91,United Kingdom,3.3813559322033897,2.517203389830508,Sadık Müşteri,Sadakat Programı / Erken Erişim
16745,87,17,7180.7,United Kingdom,18.92676056338028,1.9284507042253523,Orta Segment,Çapraz Satış Önerisi
16746,5,42,18045.05,United Kingdom,12.116089613034623,2.5755091649694504,Sadık Müşteri,Sadakat Programı / Erken Erişim
16747,38,2,836.06,United Kingdom,13.880952380952381,2.828095238095238,Yeni / Potansiyel Müşteri,Hoş Geldin Kampanyası
16748,18,14,3637.33,United Kingdom,12.89090909090909,1.7759393939393937,Sadık Müşteri,Sadakat Programı / Erken Erişim
16749,591,2,4157.88,United Kingdom,26.52777777777778,2.9561111111111114,Pasif/Kaybedilmiş,Geri Kazanma Kampanyası
16750,45,5,623.93,United Kingdom,2.2526315789473683,3.8141052631578947,Sadık Müşteri,Sadakat Programı / Erken Erişim
16751,31,1,1764.72,United Kingdom,41.24,1.4,Yeni / Potansiyel Müşteri,Hoş Geldin Kampanyası
16752,373,1,207.5,United Kingdom,6.0,13.594444444444443,Pasif/Kaybedilmiş,Geri Kazanma Kampanyası
16753,58,1,223.92,United Kingdom,5.5588235294117645,2.1223529411764703,Yeni / Potansiyel Müşteri,Hoş Geldin Kampanyası
16754,372,29,65500.07,United Kingdom,453.9357142857143,1.6819285714285714,Kaybedilme Riski (Değerli),Yüksek İndirim / Kişisel Teklif
16755,114,7,2864.68,United Kingdom,6.222570532915361,2.5239184952978055,Orta Segment,Çapraz Satış Önerisi
16756,215,7,1312.37,United Kingdom,8.949367088607595,3.326329113924051,Kaybedilme Riski (Değerli),Yüksek İndirim / Kişisel Teklif
16757,319,2,270.48,United Kingdom,12.0,1.7633333333333332,Pasif/Kaybedilmiş,Geri Kazanma Kampanyası
16758,65,1,369.34,United Kingdom,9.227272727272727,4.041363636363636,Orta Segment,Çapraz Satış Önerisi
16759,8,3,789.79,United Kingdom,14.5,2.9404761904761907,Orta Segment,Çapraz Satış Önerisi
16760,430,1,228.0,United Kingdom,9.882352941176471,1.6147058823529412,Pasif/Kaybedilmiş,Geri Kazanma Kampanyası
16761,97,1,316.62,United Kingdom,26.23076923076923,1.196923076923077,Orta Segment,Çapraz Satış Önerisi
16762,20,3,1207.24,United Kingdom,7.619047619047619,3.491746031746032,Orta Segment,Çapraz Satış Önerisi
16763,199,2,964.7,United Kingdom,11.181818181818182,3.915909090909091,Pasif/Kaybedilmiş,Geri Kazanma Kampanyası
16764,4,13,2790.95,United Kingdom,1.79,2.3704571428571426,Sadık Müşteri,Sadakat Programı / Erken Erişim
16765,294,2,454.75,United Kingdom,5.980769230769231,2.715384615384615,Pasif/Kaybedilmiş,Geri Kazanma Kampanyası
16766,273,2,1145.6,United Kingdom,15.764705882352942,2.835294117647059,Pasif/Kaybedilmiş,Geri Kazanma Kampanyası
16767,31,15,8052.41,United Kingdom,22.184375,1.47934375,Sadık Müşteri,Sadakat Programı / Erken Erişim
16768,48,9,1698.57,United Kingdom,4.807453416149069,3.6575155279503107,Sadık Müşteri,Sadakat Programı / Erken Erişim
16769,260,4,1117.05,United Kingdom,3.0412371134020617,5.1169072164948455,Orta Segment,Çapraz Satış Önerisi
16770,58,9,1778.93,United Kingdom,3.103244837758112,2.553834808259587,Sadık Müşteri,Sadakat Programı / Erken Erişim
16771,33,10,3921.1,United Kingdom,5.654320987654321,2.9693086419753083,Sadık Müşteri,Sadakat Programı / Erken Erişim
16772,423,3,3698.05,United Kingdom,10.102941176470589,5.805882352941176,Orta Segment,Çapraz Satış Önerisi
16773,57,3,421.24,United Kingdom,3.876923076923077,3.6244615384615386,Orta Segment,Çapraz Satış Önerisi
16774,68,8,1567.48,United Kingdom,5.908396946564886,3.146488549618321,Orta Segment,Çapraz Satış Önerisi
16775,10,16,2820.84,United Kingdom,3.694980694980695,4.395830115830115,Sadık Müşteri,Sadakat Programı / Erken Erişim
16776,60,2,592.51,United Kingdom,3.4523809523809526,1.748015873015873,Orta Segment,Çapraz Satış Önerisi
16777,80,5,1292.18,United Kingdom,3.3098591549295775,3.9015492957746476,Orta Segment,Çapraz Satış Önerisi
16778,74,2,245.94,United Kingdom,12.125,2.365,Orta Segment,Çapraz Satış Önerisi
16779,2,53,32809.03,United Kingdom,18.664423076923075,2.1486923076923077,Sadık Müşteri,Sadakat Programı / Erken Erişim
16780,100,3,596.4,United Kingdom,3.6666666666666665,2.863125,Orta Segment,Çapraz Satış Önerisi
16781,372,2,623.0,United Kingdom,4.923076923076923,5.803846153846154,Pasif/Kaybedilmiş,Geri Kazanma Kampanyası
16782,10,38,9636.12,United Kingdom,2.3927510398098635,3.017706476530006,Sadık Müşteri,Sadakat Programı / Erken Erişim
16783,437,1,391.95,United Kingdom,6.52,3.338,Pasif/Kaybedilmiş,Geri Kazanma Kampanyası
16784,20,5,892.33,United Kingdom,3.1265822784810124,2.09373417721519,Sadık Müşteri,Sadakat Programı / Erken Erişim
16785,410,1,533.78,United Kingdom,8.942857142857143,3.2808571428571427,Pasif/Kaybedilmiş,Geri Kazanma Kampanyası
16786,394,1,51.84,United Kingdom,72.0,0.72,Pasif/Kaybedilmiş,Geri Kazanma Kampanyası
16787,398,4,1017.53,United Kingdom,4.214285714285714,3.3854464285714285,Orta Segment,Çapraz Satış Önerisi
16788,123,5,1927.28,United Kingdom,2.0209643605870022,2.378574423480084,Orta Segment,Çapraz Satış Önerisi
16789,8,1,80.8,United Kingdom,6.4,2.8899999999999997,Yeni / Potansiyel Müşteri,Hoş Geldin Kampanyası
16790,4,6,1545.62,United Kingdom,9.655913978494624,2.3633333333333333,Sadık Müşteri,Sadakat Programı / Erken Erişim
16791,29,15,3944.88,United Kingdom,2.725,2.881735294117647,Sadık Müşteri,Sadakat Programı / Erken Erişim
16792,282,5,623.46,United Kingdom,3.176470588235294,2.6470588235294117,Orta Segment,Çapraz Satış Önerisi
16793,57,1,243.84,United Kingdom,9.125,2.426875,Yeni / Potansiyel Müşteri,Hoş Geldin Kampanyası
16794,1,15,2050.68,United Kingdom,3.143712574850299,1.8359081836327344,Sadık Müşteri,Sadakat Programı / Erken Erişim
16795,365,3,2062.41,United Kingdom,3.613095238095238,2.1130059523809526,Orta Segment,Çapraz Satış Önerisi
16796,89,1,305.62,United Kingdom,10.333333333333334,1.7455555555555555,Orta Segment,Çapraz Satış Önerisi
16797,393,5,1802.02,United Kingdom,2.2562814070351758,2.782211055276382,Kaybedilme Riski (Değerli),Yüksek İndirim / Kişisel Teklif
16798,554,3,841.16,United Kingdom,1.21301775147929,4.208934911242603,Orta Segment,Çapraz Satış Önerisi
16799,432,2,452.78,United Kingdom,1.7608695652173914,3.421195652173913,Pasif/Kaybedilmiş,Geri Kazanma Kampanyası
16800,11,1,1162.65,United Kingdom,3.358974358974359,3.7121794871794873,Yeni / Potansiyel Müşteri,Hoş Geldin Kampanyası
16801,163,4,1594.23,United Kingdom,6.573333333333333,6.002266666666667,Orta Segment,Çapraz Satış Önerisi
16802,679,2,582.61,United Kingdom,6.962264150943396,1.8016981132075471,Pasif/Kaybedilmiş,Geri Kazanma Kampanyası
16803,65,1,332.3,United Kingdom,10.208333333333334,2.1033333333333335,Orta Segment,Çapraz Satış Önerisi
16804,23,3,536.99,United Kingdom,4.1,3.2141666666666664,Orta Segment,Çapraz Satış Önerisi
16805,174,4,1076.34,United Kingdom,4.512096774193548,2.0647177419354836,Orta Segment,Çapraz Satış Önerisi
16806,103,4,736.21,United Kingdom,3.858695652173913,2.6244565217391305,Orta Segment,Çapraz Satış Önerisi
16807,143,6,2123.88,United Kingdom,10.091549295774648,2.552605633802817,Orta Segment,Çapraz Satış Önerisi
16808,99,2,288.42,United Kingdom,8.521739130434783,2.332173913043478,Orta Segment,Çapraz Satış Önerisi
16809,23,9,1727.43,United Kingdom,4.22007722007722,1.7740540540540541,Sadık Müşteri,Sadakat Programı / Erken Erişim
16810,192,2,842.04,United Kingdom,10.941176470588236,3.945,Pasif/Kaybedilmiş,Geri Kazanma Kampanyası
16811,5,2,547.07,United Kingdom,17.035714285714285,2.3685714285714283,Orta Segment,Çapraz Satış Önerisi
16812,361,4,2392.0,United Kingdom,9.704347826086957,3.1784347826086954,Kaybedilme Riski (Değerli),Yüksek İndirim / Kişisel Teklif
16813,8,10,1652.18,United Kingdom,3.523474178403756,1.753051643192488,Sadık Müşteri,Sadakat Programı / Erken Erişim
16814,14,36,11914.95,United Kingdom,6.315926892950392,3.4249086161879894,Sadık Müşteri,Sadakat Programı / Erken Erişim
16815,454,2,406.02,United Kingdom,3.2465753424657535,2.5226027397260276,Orta Segment,Çapraz Satış Önerisi
16816,103,4,417.06,United Kingdom,9.785714285714286,2.2528571428571427,Orta Segment,Çapraz Satış Önerisi
16817,3,13,2560.7,United Kingdom,9.936170212765957,3.2582978723404254,Sadık Müşteri,Sadakat Programı / Erken Erişim
16818,11,11,3349.57,United Kingdom,11.51063829787234,2.5258510638297875,Sadık Müşteri,Sadakat Programı / Erken Erişim
16819,465,2,182.59,United Kingdom,14.882352941176471,2.7847058823529416,Orta Segment,Çapraz Satış Önerisi
16820,96,1,497.61,United Kingdom,11.807692307692308,3.7388461538461537,Orta Segment,Çapraz Satış Önerisi
16821,382,1,113.35,United Kingdom,1.8571428571428572,10.235714285714286,Pasif/Kaybedilmiş,Geri Kazanma Kampanyası
16822,686,1,181.39,United Kingdom,15.545454545454545,2.5436363636363635,Pasif/Kaybedilmiş,Geri Kazanma Kampanyası
16823,227,7,2243.09,United Kingdom,6.7398843930635834,2.786994219653179,Kaybedilme Riski (Değerli),Yüksek İndirim / Kişisel Teklif
16824,16,3,686.24,United Kingdom,10.0,3.0784615384615384,Orta Segment,Çapraz Satış Önerisi
16825,39,5,1826.89,United Kingdom,20.265625,3.09640625,Sadık Müşteri,Sadakat Programı / Erken Erişim
16826,51,1,341.7,United Kingdom,7.181818181818182,3.985,Yeni / Potansiyel Müşteri,Hoş Geldin Kampanyası
16827,393,5,387.18,United Kingdom,11.272727272727273,6.411818181818182,Orta Segment,Çapraz Satış Önerisi
16828,112,1,113.5,United Kingdom,8.285714285714286,2.142857142857143,Orta Segment,Çapraz Satış Önerisi
16829,157,2,513.32,United Kingdom,7.962962962962963,3.9374074074074077,Orta Segment,Çapraz Satış Önerisi
16830,39,4,1207.5,United Kingdom,9.32,2.8884,Sadık Müşteri,Sadakat Programı / Erken Erişim
16831,565,1,91.8,United Kingdom,8.0,2.783333333333333,Pasif/Kaybedilmiş,Geri Kazanma Kampanyası
16832,184,5,417.61,United Kingdom,8.523809523809524,5.49952380952381,Orta Segment,Çapraz Satış Önerisi
16833,1,6,2409.04,United Kingdom,9.543478260869565,6.784565217391304,Sadık Müşteri,Sadakat Programı / Erken Erişim
16834,228,2,898.96,United Kingdom,15.833333333333334,1.4660416666666667,Orta Segment,Çapraz Satış Önerisi
16835,128,6,1456.66,United Kingdom,6.048780487804878,4.075975609756098,Orta Segment,Çapraz Satış Önerisi
16836,40,4,782.37,United Kingdom,12.833333333333334,2.4564285714285714,Sadık Müşteri,Sadakat Programı / Erken Erişim
16837,31,11,3170.98,United Kingdom,9.472727272727273,4.203090909090909,Sadık Müşteri,Sadakat Programı / Erken Erişim
16838,197,4,1159.61,United Kingdom,8.627118644067796,7.003050847457628,Orta Segment,Çapraz Satış Önerisi
16839,9,44,21758.25,United Kingdom,32.27142857142857,3.0659714285714283,Sadık Müşteri,Sadakat Programı / Erken Erişim
16840,603,2,139.85,United Kingdom,13.0,2.5055555555555555,Orta Segment,Çapraz Satış Önerisi
16841,37,12,4006.06,United Kingdom,15.881278538812785,1.7258904109589042,Sadık Müşteri,Sadakat Programı / Erken Erişim
16842,101,3,1264.19,United Kingdom,11.0,3.161111111111111,Orta Segment,Çapraz Satış Önerisi
16843,43,35,19571.43,United Kingdom,31.043624161073826,2.0396140939597314,Sadık Müşteri,Sadakat Programı / Erken Erişim
16844,563,2,614.34,United Kingdom,8.78125,3.2328125,Orta Segment,Çapraz Satış Önerisi
16845,618,1,253.88,United Kingdom,8.35,3.443,Pasif/Kaybedilmiş,Geri Kazanma Kampanyası
16846,50,3,842.41,United Kingdom,11.0,2.71468085106383,Orta Segment,Çapraz Satış Önerisi
16847,43,2,614.89,United Kingdom,6.891891891891892,4.87945945945946,Orta Segment,Çapraz Satış Önerisi
16848,53,4,1411.62,United Kingdom,9.176470588235293,2.4898823529411764,Sadık Müşteri,Sadakat Programı / Erken Erişim
16849,187,1,124.57,United Kingdom,4.125,5.1049999999999995,Orta Segment,Çapraz Satış Önerisi
16850,334,1,332.41,United Kingdom,13.105263157894736,2.1210526315789475,Pasif/Kaybedilmiş,Geri Kazanma Kampanyası
16851,4,3,342.45,United Kingdom,13.55,1.9634999999999998,Orta Segment,Çapraz Satış Önerisi
16852,10,2,144.91,United Kingdom,6.222222222222222,8.315555555555555,Orta Segment,Çapraz Satış Önerisi
16854,417,2,1408.96,United Kingdom,13.293333333333333,2.5152,Orta Segment,Çapraz Satış Önerisi
16855,24,2,328.4,United Kingdom,8.631578947368421,3.7394736842105263,Orta Segment,Çapraz Satış Önerisi
16856,15,3,358.49,United Kingdom,9.0,2.8594736842105264,Orta Segment,Çapraz Satış Önerisi
16857,443,1,352.8,United Kingdom,15.272727272727273,2.6045454545454545,Pasif/Kaybedilmiş,Geri Kazanma Kampanyası
16858,369,10,4292.59,United Kingdom,11.293650793650794,4.014444444444444,Kaybedilme Riski (Değerli),Yüksek İndirim / Kişisel Teklif
16859,145,7,1932.41,United Kingdom,17.263636363636362,2.3982727272727273,Orta Segment,Çapraz Satış Önerisi
16860,453,3,1610.62,United Kingdom,14.534883720930232,5.241860465116279,Orta Segment,Çapraz Satış Önerisi
16861,60,5,946.59,United Kingdom,12.571428571428571,2.533061224489796,Orta Segment,Çapraz Satış Önerisi
16862,547,4,662.33,United Kingdom,14.657142857142857,2.358857142857143,Orta Segment,Çapraz Satış Önerisi
16863,31,3,834.27,United Kingdom,13.617021276595745,1.8936170212765957,Orta Segment,Çapraz Satış Önerisi
16864,434,2,409.25,United Kingdom,16.647058823529413,2.235294117647059,Orta Segment,Çapraz Satış Önerisi
16865,402,1,130.95,United Kingdom,9.8125,1.585625,Pasif/Kaybedilmiş,Geri Kazanma Kampanyası
16866,141,3,207.74,United Kingdom,5.454545454545454,3.808181818181818,Orta Segment,Çapraz Satış Önerisi
16867,690,1,76.74,United Kingdom,9.666666666666666,1.5283333333333333,Pasif/Kaybedilmiş,Geri Kazanma Kampanyası
16868,394,3,384.56,United Kingdom,2.24,4.3806,Orta Segment,Çapraz Satış Önerisi
16869,23,4,817.12,United Kingdom,4.590551181102362,2.284173228346457,Sadık Müşteri,Sadakat Programı / Erken Erişim
16870,469,1,450.16,United Kingdom,9.928571428571429,2.7842857142857147,Pasif/Kaybedilmiş,Geri Kazanma Kampanyası
16871,22,6,2812.34,United Kingdom,9.145985401459853,3.4572992700729923,Sadık Müşteri,Sadakat Programı / Erken Erişim
16872,77,6,1213.13,United Kingdom,59.94444444444444,6.682222222222222,Orta Segment,Çapraz Satış Önerisi
16873,5,12,14617.39,United Kingdom,16.798828125,2.985390625,Sadık Müşteri,Sadakat Programı / Erken Erişim
16874,379,1,209.89,United Kingdom,2.5161290322580645,3.3216129032258066,Pasif/Kaybedilmiş,Geri Kazanma Kampanyası
16875,67,11,4234.53,United Kingdom,9.126086956521739,3.664782608695652,Orta Segment,Çapraz Satış Önerisi
16876,404,1,136.01,United Kingdom,5.65625,1.9859375000000001,Pasif/Kaybedilmiş,Geri Kazanma Kampanyası
16877,12,6,846.62,United Kingdom,2.9358974358974357,2.5448717948717947,Sadık Müşteri,Sadakat Programı / Erken Erişim
16878,84,1,13.3,United Kingdom,4.0,1.5833333333333333,Orta Segment,Çapraz Satış Önerisi
16880,31,8,1813.21,United Kingdom,4.939890710382514,3.7050273224043715,Sadık Müşteri,Sadakat Programı / Erken Erişim
16881,67,1,432.0,United Kingdom,600.0,0.72,Orta Segment,Çapraz Satış Önerisi
16882,67,3,705.12,United Kingdom,10.871794871794872,2.767179487179487,Orta Segment,Çapraz Satış Önerisi
16883,187,19,2246.06,United Kingdom,3.805243445692884,3.605805243445693,Orta Segment,Çapraz Satış Önerisi
16884,38,4,1070.97,United Kingdom,7.027027027027027,4.4690540540540535,Sadık Müşteri,Sadakat Programı / Erken Erişim
16885,15,4,683.35,United Kingdom,2.6444444444444444,3.1202222222222225,Sadık Müşteri,Sadakat Programı / Erken Erişim
16886,456,1,134.0,United Kingdom,6.0,3.8375,Pasif/Kaybedilmiş,Geri Kazanma Kampanyası
16887,35,3,658.17,United Kingdom,4.188118811881188,2.4754455445544554,Orta Segment,Çapraz Satış Önerisi
16888,401,3,434.2,United Kingdom,2.7884615384615383,4.224615384615385,Orta Segment,Çapraz Satış Önerisi
16889,195,6,2526.65,United Kingdom,7.423963133640553,2.8496774193548386,Kaybedilme Riski (Değerli),Yüksek İndirim / Kişisel Teklif
16890,477,3,277.91,United Kingdom,13.38888888888889,1.8438888888888887,Orta Segment,Çapraz Satış Önerisi
16891,2,11,1727.94,United Kingdom,1.5598086124401913,3.225813397129187,Sadık Müşteri,Sadakat Programı / Erken Erişim
16892,1,7,754.75,United Kingdom,2.678832116788321,3.454014598540146,Sadık Müşteri,Sadakat Programı / Erken Erişim
16893,367,2,249.47,United Kingdom,1.3488372093023255,2.4072093023255814,Orta Segment,Çapraz Satış Önerisi
16894,502,3,1306.96,United Kingdom,2.6898395721925135,4.633903743315508,Orta Segment,Çapraz Satış Önerisi
16895,65,5,1102.9,United Kingdom,2.5828220858895707,3.0685889570552147,Orta Segment,Çapraz Satış Önerisi
16896,555,1,103.95,United Kingdom,1.0,5.775,Pasif/Kaybedilmiş,Geri Kazanma Kampanyası
16897,299,2,289.78,United Kingdom,1.972972972972973,5.09972972972973,Orta Segment,Çapraz Satış Önerisi
16898,26,5,885.21,United Kingdom,2.768924302788845,2.136533864541833,Sadık Müşteri,Sadakat Programı / Erken Erişim
16899,8,8,1695.77,United Kingdom,4.687861271676301,3.1594797687861274,Sadık Müşteri,Sadakat Programı / Erken Erişim
16900,17,3,882.16,United Kingdom,10.666666666666666,2.088846153846154,Orta Segment,Çapraz Satış Önerisi
16901,729,1,204.26,United Kingdom,1.826086956521739,6.1256521739130445,Pasif/Kaybedilmiş,Geri Kazanma Kampanyası
16902,116,1,1706.88,United Kingdom,14.295454545454545,3.8652272727272727,Orta Segment,Çapraz Satış Önerisi
16903,29,3,1041.75,United Kingdom,3.9395604395604398,2.279120879120879,Orta Segment,Çapraz Satış Önerisi
16904,4,20,4656.56,United Kingdom,2.900558659217877,2.68054748603352,Sadık Müşteri,Sadakat Programı / Erken Erişim
16905,5,17,4704.27,United Kingdom,5.990595611285267,3.7757366771159875,Sadık Müşteri,Sadakat Programı / Erken Erişim
16906,82,7,1410.07,United Kingdom,2.7783018867924527,3.4168396226415094,Orta Segment,Çapraz Satış Önerisi
16907,29,9,1470.89,United Kingdom,2.1578947368421053,3.7479425837320575,Sadık Müşteri,Sadakat Programı / Erken Erişim
16908,722,1,252.59,United Kingdom,3.05,3.9219999999999997,Pasif/Kaybedilmiş,Geri Kazanma Kampanyası
16909,72,1,379.14,United Kingdom,24.22222222222222,3.238888888888889,Orta Segment,Çapraz Satış Önerisi
16910,4,8,1508.96,United Kingdom,1.6220183486238533,2.1793577981651375,Sadık Müşteri,Sadakat Programı / Erken Erişim
16911,636,2,255.25,United Kingdom,4.6,2.318571428571429,Orta Segment,Çapraz Satış Önerisi
16912,29,15,4460.51,United Kingdom,9.819767441860465,4.348604651162791,Sadık Müşteri,Sadakat Programı / Erken Erişim
16913,290,3,423.91,United Kingdom,12.722222222222221,3.7277777777777774,Orta Segment,Çapraz Satış Önerisi
16914,36,1,183.76,United Kingdom,3.7333333333333334,2.603,Yeni / Potansiyel Müşteri,Hoş Geldin Kampanyası
16915,9,11,1543.18,United Kingdom,2.5675675675675675,11.011621621621622,Sadık Müşteri,Sadakat Programı / Erken Erişim
16916,24,4,896.12,United Kingdom,3.1715686274509802,2.4080392156862747,Sadık Müşteri,Sadakat Programı / Erken Erişim
16917,277,2,1851.88,United Kingdom,15.84,5.2198,Orta Segment,Çapraz Satış Önerisi
16918,50,16,3206.54,United Kingdom,4.5506607929515415,2.172004405286344,Sadık Müşteri,Sadakat Programı / Erken Erişim
16919,156,24,4909.66,United Kingdom,3.7996742671009773,2.9551465798045604,Orta Segment,Çapraz Satış Önerisi
16920,411,1,355.45,United Kingdom,3.5217391304347827,5.4195652173913045,Pasif/Kaybedilmiş,Geri Kazanma Kampanyası
16921,61,3,409.21,United Kingdom,3.125,2.7269318181818183,Orta Segment,Çapraz Satış Önerisi
16922,573,1,611.08,United Kingdom,2.30327868852459,3.0281967213114753,Pasif/Kaybedilmiş,Geri Kazanma Kampanyası
16923,12,32,13157.13,United Kingdom,5.715604801477378,2.9687811634349033,Sadık Müşteri,Sadakat Programı / Erken Erişim
16924,21,3,829.89,United Kingdom,5.765432098765432,2.6811111111111114,Orta Segment,Çapraz Satış Önerisi
16925,540,1,125.65,United Kingdom,6.833333333333333,2.3866666666666667,Pasif/Kaybedilmiş,Geri Kazanma Kampanyası
16926,371,5,1169.61,United Kingdom,2.0520833333333335,6.30125,Orta Segment,Çapraz Satış Önerisi
16927,116,3,543.05,United Kingdom,165.5,2.9066666666666667,Orta Segment,Çapraz Satış Önerisi
16928,80,26,3798.08,United Kingdom,8.162420382165605,2.7290127388535033,Orta Segment,Çapraz Satış Önerisi
16929,4,7,1295.39,United Kingdom,12.064935064935066,2.0796103896103895,Sadık Müşteri,Sadakat Programı / Erken Erişim
16930,26,3,378.89,United Kingdom,6.39622641509434,1.639811320754717,Orta Segment,Çapraz Satış Önerisi
16931,5,23,5032.22,United Kingdom,3.5411392405063293,2.0678902953586498,Sadık Müşteri,Sadakat Programı / Erken Erişim
16932,53,3,412.55,United Kingdom,1.631578947368421,2.296917293233083,Orta Segment,Çapraz Satış Önerisi
16933,1,9,3099.3,United Kingdom,5.4361702127659575,3.038581560283688,Sadık Müşteri,Sadakat Programı / Erken Erişim
16934,55,6,2083.14,United Kingdom,6.638297872340425,3.796524822695035,Sadık Müşteri,Sadakat Programı / Erken Erişim
16935,382,3,530.86,United Kingdom,3.9565217391304346,2.0298550724637683,Orta Segment,Çapraz Satış Önerisi
16936,26,2,548.29,United Kingdom,2.4388489208633093,1.8945323741007192,Orta Segment,Çapraz Satış Önerisi
16937,499,1,196.25,United Kingdom,2.510204081632653,1.9846938775510203,Pasif/Kaybedilmiş,Geri Kazanma Kampanyası
16938,9,9,6995.36,United Kingdom,6.117718446601942,2.6462135922330097,Sadık Müşteri,Sadakat Programı / Erken Erişim
16939,489,3,433.85,United Kingdom,5.585365853658536,3.1726829268292684,Orta Segment,Çapraz Satış Önerisi
16940,52,8,6427.66,United Kingdom,7.158982511923688,2.0269316375198727,Sadık Müşteri,Sadakat Programı / Erken Erişim
16941,612,1,33.0,United Kingdom,6.0,2.75,Pasif/Kaybedilmiş,Geri Kazanma Kampanyası
16942,13,9,1904.99,United Kingdom,2.9061371841155235,2.984693140794224,Sadık Müşteri,Sadakat Programı / Erken Erişim
16943,212,3,816.73,United Kingdom,4.393939393939394,6.822424242424242,Orta Segment,Çapraz Satış Önerisi
16944,610,1,101.36,United Kingdom,3.857142857142857,5.897142857142858,Pasif/Kaybedilmiş,Geri Kazanma Kampanyası
16945,22,33,8548.16,United Kingdom,12.424050632911392,2.108565400843882,Sadık Müşteri,Sadakat Programı / Erken Erişim
16946,383,5,1222.04,United Kingdom,6.786666666666667,3.5776,Kaybedilme Riski (Değerli),Yüksek İndirim / Kişisel Teklif
16947,236,4,946.71,United Kingdom,12.576923076923077,2.358269230769231,Orta Segment,Çapraz Satış Önerisi
16948,139,7,868.77,United Kingdom,48.627906976744185,1.8374418604651164,Orta Segment,Çapraz Satış Önerisi
16949,4,6,1286.27,United Kingdom,13.183333333333334,6.3966666666666665,Sadık Müşteri,Sadakat Programı / Erken Erişim
16950,57,10,3533.77,United Kingdom,16.95104895104895,2.482307692307692,Sadık Müşteri,Sadakat Programı / Erken Erişim
16951,135,3,1277.75,United Kingdom,15.325581395348838,1.4517441860465115,Orta Segment,Çapraz Satış Önerisi
16952,109,5,795.83,United Kingdom,3.942528735632184,3.550919540229885,Orta Segment,Çapraz Satış Önerisi
16953,30,1,20.8,United Kingdom,10.0,2.08,Yeni / Potansiyel Müşteri,Hoş Geldin Kampanyası
16954,1,20,6081.88,United Kingdom,19.83495145631068,2.675097087378641,Sadık Müşteri,Sadakat Programı / Erken Erişim
16955,185,6,1120.31,United Kingdom,14.46,3.1722,Orta Segment,Çapraz Satış Önerisi
16956,18,1,308.74,United Kingdom,7.125,4.229375,Yeni / Potansiyel Müşteri,Hoş Geldin Kampanyası
16957,239,2,416.64,United Kingdom,10.75,3.329375,Orta Segment,Çapraz Satış Önerisi
16958,435,1,778.49,United Kingdom,7.3428571428571425,2.5025714285714287,Pasif/Kaybedilmiş,Geri Kazanma Kampanyası
16959,87,1,117.35,United Kingdom,7.0,3.007142857142857,Orta Segment,Çapraz Satış Önerisi
16960,39,8,1988.93,United Kingdom,3.3236607142857144,1.9702901785714286,Sadık Müşteri,Sadakat Programı / Erken Erişim
16961,116,3,794.56,United Kingdom,9.26923076923077,3.103269230769231,Orta Segment,Çapraz Satış Önerisi
16962,410,1,251.04,United Kingdom,10.533333333333333,2.682666666666667,Pasif/Kaybedilmiş,Geri Kazanma Kampanyası
16963,187,1,110.55,United Kingdom,5.0,3.342857142857143,Orta Segment,Çapraz Satış Önerisi
16964,733,2,207.85,United Kingdom,8.166666666666666,4.55,Orta Segment,Çapraz Satış Önerisi
16965,227,1,192.07,United Kingdom,9.72,2.4215999999999998,Pasif/Kaybedilmiş,Geri Kazanma Kampanyası
16966,8,7,2154.97,United Kingdom,70.75,1.2935714285714286,Sadık Müşteri,Sadakat Programı / Erken Erişim
16967,189,1,319.02,United Kingdom,15.857142857142858,1.1404761904761904,Pasif/Kaybedilmiş,Geri Kazanma Kampanyası
16968,4,2,439.43,United Kingdom,10.516129032258064,2.803548387096774,Orta Segment,Çapraz Satış Önerisi
16969,39,3,650.41,United Kingdom,19.428571428571427,2.382142857142857,Orta Segment,Çapraz Satış Önerisi
16970,626,1,71.4,United Kingdom,6.0,5.95,Pasif/Kaybedilmiş,Geri Kazanma Kampanyası
16971,38,1,357.21,United Kingdom,1.7560975609756098,7.760731707317073,Yeni / Potansiyel Müşteri,Hoş Geldin Kampanyası
16972,383,2,749.0,United Kingdom,2.231707317073171,4.507317073170732,Orta Segment,Çapraz Satış Önerisi
16973,386,1,127.0,United Kingdom,10.0,2.1166666666666667,Pasif/Kaybedilmiş,Geri Kazanma Kampanyası
16974,523,2,365.5,United Kingdom,8.75,5.3125,Orta Segment,Çapraz Satış Önerisi
16975,423,3,926.12,United Kingdom,13.022222222222222,2.376666666666667,Orta Segment,Çapraz Satış Önerisi
16976,267,1,251.52,United Kingdom,44.0,6.005,Pasif/Kaybedilmiş,Geri Kazanma Kampanyası
16977,395,4,496.0,United Kingdom,5.071428571428571,5.271428571428571,Orta Segment,Çapraz Satış Önerisi
16978,78,3,768.88,United Kingdom,4.253731343283582,3.297761194029851,Orta Segment,Çapraz Satış Önerisi
16979,4,9,2859.74,United Kingdom,11.248062015503876,3.45062015503876,Sadık Müşteri,Sadakat Programı / Erken Erişim
16980,255,3,1422.83,United Kingdom,9.339622641509434,2.325754716981132,Orta Segment,Çapraz Satış Önerisi
16982,61,1,384.06,United Kingdom,8.272727272727273,2.453181818181818,Orta Segment,Çapraz Satış Önerisi
16983,13,11,3490.53,United Kingdom,10.021645021645021,3.0169696969696966,Sadık Müşteri,Sadakat Programı / Erken Erişim
16984,88,9,10350.53,United Kingdom,4.782649253731344,3.7667537313432837,Orta Segment,Çapraz Satış Önerisi
16985,17,23,10923.16,United Kingdom,12.76954732510288,8.165679012345679,Sadık Müşteri,Sadakat Programı / Erken Erişim
16986,30,11,4888.75,United Kingdom,14.591954022988507,4.067241379310344,Sadık Müşteri,Sadakat Programı / Erken Erişim
16987,3,11,2499.45,United Kingdom,2.576923076923077,4.244730769230769,Sadık Müşteri,Sadakat Programı / Erken Erişim
16988,5,2,382.67,United Kingdom,7.9,5.357,Orta Segment,Çapraz Satış Önerisi
16989,7,6,1133.25,United Kingdom,102.75,1.5,Sadık Müşteri,Sadakat Programı / Erken Erişim
16990,219,2,344.0,United Kingdom,100.0,1.72,Orta Segment,Çapraz Satış Önerisi
16991,421,1,1041.21,United Kingdom,10.716216216216216,2.28445945945946,Pasif/Kaybedilmiş,Geri Kazanma Kampanyası
16992,11,13,5476.5,United Kingdom,7.231578947368421,5.210491228070175,Sadık Müşteri,Sadakat Programı / Erken Erişim
16993,464,2,1950.95,United Kingdom,10.178571428571429,7.960714285714286,Orta Segment,Çapraz Satış Önerisi
16996,30,9,2123.61,United Kingdom,12.253333333333334,2.755333333333333,Sadık Müşteri,Sadakat Programı / Erken Erişim
16997,288,3,702.0,United Kingdom,30.0,1.95,Orta Segment,Çapraz Satış Önerisi
16998,150,5,402.0,United Kingdom,17.333333333333332,3.9,Orta Segment,Çapraz Satış Önerisi
16999,23,2,484.82,United Kingdom,12.782608695652174,2.427391304347826,Orta Segment,Çapraz Satış Önerisi
17000,396,2,406.3,United Kingdom,10.166666666666666,1.6306666666666667,Orta Segment,Çapraz Satış Önerisi
17001,1,19,6640.8,United Kingdom,13.752727272727272,2.9344727272727273,Sadık Müşteri,Sadakat Programı / Erken Erişim
17002,86,7,2571.55,United Kingdom,15.05952380952381,3.355238095238095,Orta Segment,Çapraz Satış Önerisi
17003,402,4,828.21,United Kingdom,4.45045045045045,2.0905405405405406,Orta Segment,Çapraz Satış Önerisi
17004,46,4,2324.36,United Kingdom,17.869565217391305,2.5615942028985508,Sadık Müşteri,Sadakat Programı / Erken Erişim
17005,471,2,622.36,United Kingdom,38.388888888888886,1.7838888888888889,Orta Segment,Çapraz Satış Önerisi
17006,5,8,1635.27,United Kingdom,4.434108527131783,3.2951162790697675,Sadık Müşteri,Sadakat Programı / Erken Erişim
17007,51,7,1120.1,United Kingdom,10.701492537313433,3.5417910447761196,Sadık Müşteri,Sadakat Programı / Erken Erişim
17008,429,1,81.36,United Kingdom,24.0,3.39,Pasif/Kaybedilmiş,Geri Kazanma Kampanyası
17009,551,1,242.06,United Kingdom,30.545454545454547,1.7272727272727273,Pasif/Kaybedilmiş,Geri Kazanma Kampanyası
17010,18,1,195.36,United Kingdom,10.727272727272727,2.5500000000000003,Yeni / Potansiyel Müşteri,Hoş Geldin Kampanyası
17011,30,3,671.7,United Kingdom,28.285714285714285,1.635,Orta Segment,Çapraz Satış Önerisi
17012,725,1,360.61,United Kingdom,6.972222222222222,2.201111111111111,Pasif/Kaybedilmiş,Geri Kazanma Kampanyası
17014,8,3,583.43,United Kingdom,3.375,2.9747222222222223,Orta Segment,Çapraz Satış Önerisi
17015,29,3,1838.61,United Kingdom,9.242990654205608,1.418551401869159,Orta Segment,Çapraz Satış Önerisi
17016,577,1,552.4,United Kingdom,7.536585365853658,3.7685365853658532,Pasif/Kaybedilmiş,Geri Kazanma Kampanyası
17017,3,29,12576.99,United Kingdom,24.85978835978836,1.839973544973545,Sadık Müşteri,Sadakat Programı / Erken Erişim
17018,41,6,2287.7,United Kingdom,12.324324324324325,5.832972972972973,Sadık Müşteri,Sadakat Programı / Erken Erişim
17019,11,11,3586.99,United Kingdom,3.7285491419656784,2.0289235569422774,Sadık Müşteri,Sadakat Programı / Erken Erişim
17020,542,2,935.62,United Kingdom,12.46376811594203,1.6201449275362318,Orta Segment,Çapraz Satış Önerisi
17021,442,6,1182.22,United Kingdom,20.666666666666668,2.906041666666667,Orta Segment,Çapraz Satış Önerisi
17022,31,2,260.0,United Kingdom,11.25,2.5225,Orta Segment,Çapraz Satış Önerisi
17023,417,3,800.18,United Kingdom,10.816326530612244,2.5904081632653058,Orta Segment,Çapraz Satış Önerisi
17024,45,3,95.85,United Kingdom,23.0,1.3833333333333335,Orta Segment,Çapraz Satış Önerisi
17025,61,5,1349.67,United Kingdom,23.91891891891892,1.6832432432432434,Orta Segment,Çapraz Satış Önerisi
17026,185,3,175.83,United Kingdom,21.4,3.6479999999999997,Orta Segment,Çapraz Satış Önerisi
17027,79,9,1310.63,United Kingdom,3.6235955056179776,3.4281460674157307,Orta Segment,Çapraz Satış Önerisi
17028,581,3,1593.83,United Kingdom,9.010526315789473,3.4441052631578946,Orta Segment,Çapraz Satış Önerisi
17029,111,7,2137.3,United Kingdom,43.62068965517241,2.298620689655172,Orta Segment,Çapraz Satış Önerisi
17030,64,1,146.87,United Kingdom,13.272727272727273,2.661818181818182,Orta Segment,Çapraz Satış Önerisi
17031,12,6,2773.85,United Kingdom,31.9,1.8019999999999998,Sadık Müşteri,Sadakat Programı / Erken Erişim
17032,603,6,2954.32,United Kingdom,7.085106382978723,3.1259148936170216,Kaybedilme Riski (Değerli),Yüksek İndirim / Kişisel Teklif
17033,86,4,1332.79,United Kingdom,21.775,3.21475,Orta Segment,Çapraz Satış Önerisi
17034,16,5,1276.42,United Kingdom,11.96551724137931,2.914137931034483,Sadık Müşteri,Sadakat Programı / Erken Erişim
17035,246,4,613.59,United Kingdom,9.909090909090908,3.3803030303030304,Orta Segment,Çapraz Satış Önerisi
17036,383,1,176.9,United Kingdom,6.333333333333333,4.929166666666666,Pasif/Kaybedilmiş,Geri Kazanma Kampanyası
17037,88,1,1267.32,United Kingdom,8.746666666666666,2.7634666666666665,Orta Segment,Çapraz Satış Önerisi
17038,30,2,743.17,United Kingdom,8.492063492063492,3.2049206349206347,Orta Segment,Çapraz Satış Önerisi
17039,604,1,1954.99,United Kingdom,15.659090909090908,3.930454545454545,Pasif/Kaybedilmiş,Geri Kazanma Kampanyası
17040,138,2,463.25,United Kingdom,11.8125,3.1999999999999997,Orta Segment,Çapraz Satış Önerisi
17041,27,6,1655.2,United Kingdom,10.341269841269842,2.1794444444444445,Sadık Müşteri,Sadakat Programı / Erken Erişim
17042,3,5,1036.58,United Kingdom,10.206185567010309,1.8214432989690723,Sadık Müşteri,Sadakat Programı / Erken Erişim
17043,32,8,2593.65,United Kingdom,8.120603015075377,3.4208040201005026,Sadık Müşteri,Sadakat Programı / Erken Erişim
17044,25,12,11962.3,United Kingdom,38.40268456375839,3.6955704697986578,Sadık Müşteri,Sadakat Programı / Erken Erişim
17045,113,5,827.68,United Kingdom,5.547169811320755,5.51811320754717,Orta Segment,Çapraz Satış Önerisi
17046,157,5,1906.07,United Kingdom,19.24705882352941,1.7725882352941176,Orta Segment,Çapraz Satış Önerisi
17047,85,6,2289.23,United Kingdom,8.338028169014084,3.476338028169014,Orta Segment,Çapraz Satış Önerisi
17048,118,7,2071.68,United Kingdom,10.574257425742575,2.8983168316831684,Orta Segment,Çapraz Satış Önerisi
17049,3,19,9942.53,United Kingdom,7.657706093189964,4.367168458781363,Sadık Müşteri,Sadakat Programı / Erken Erişim
17050,96,11,4648.59,United Kingdom,6.9684813753581665,3.498825214899713,Orta Segment,Çapraz Satış Önerisi
17051,194,4,706.49,United Kingdom,3.270967741935484,1.7576129032258065,Orta Segment,Çapraz Satış Önerisi
17052,28,1,399.09,United Kingdom,3.0240963855421685,1.92,Yeni / Potansiyel Müşteri,Hoş Geldin Kampanyası
17053,131,1,498.48,United Kingdom,9.384615384615385,4.499230769230769,Orta Segment,Çapraz Satış Önerisi
17054,28,5,1356.33,United Kingdom,9.686746987951807,4.77144578313253,Sadık Müşteri,Sadakat Programı / Erken Erişim
17055,446,1,232.85,United Kingdom,3.1923076923076925,3.2807692307692307,Pasif/Kaybedilmiş,Geri Kazanma Kampanyası
17056,738,1,128.6,United Kingdom,3.25,4.125,Pasif/Kaybedilmiş,Geri Kazanma Kampanyası
17057,596,1,288.79,United Kingdom,2.489795918367347,2.9840816326530613,Pasif/Kaybedilmiş,Geri Kazanma Kampanyası
17058,82,3,1179.89,United Kingdom,9.548387096774194,3.765322580645161,Orta Segment,Çapraz Satış Önerisi
17059,30,9,4864.57,United Kingdom,4.309292649098475,2.7031761442441056,Sadık Müşteri,Sadakat Programı / Erken Erişim
17060,266,1,234.24,United Kingdom,43.2,1.7719999999999998,Pasif/Kaybedilmiş,Geri Kazanma Kampanyası
17061,74,11,5232.23,United Kingdom,15.414141414141413,5.0870707070707075,Orta Segment,Çapraz Satış Önerisi
17062,314,6,884.71,United Kingdom,5.266666666666667,2.2876666666666665,Orta Segment,Çapraz Satış Önerisi
17063,21,13,3638.53,United Kingdom,9.263414634146342,2.526731707317073,Sadık Müşteri,Sadakat Programı / Erken Erişim
17064,59,3,855.45,United Kingdom,5.180327868852459,3.7162295081967214,Orta Segment,Çapraz Satış Önerisi
17065,638,2,194.7,United Kingdom,6.833333333333333,3.3833333333333333,Orta Segment,Çapraz Satış Önerisi
17066,726,1,228.34,United Kingdom,5.166666666666667,2.717777777777778,Pasif/Kaybedilmiş,Geri Kazanma Kampanyası
17067,725,3,454.54,United Kingdom,24.76923076923077,2.1592307692307693,Orta Segment,Çapraz Satış Önerisi
17068,12,47,8980.18,United Kingdom,4.371227364185111,2.4811971830985913,Sadık Müşteri,Sadakat Programı / Erken Erişim
17069,28,14,5517.23,United Kingdom,11.373239436619718,2.635176056338028,Sadık Müşteri,Sadakat Programı / Erken Erişim
17070,114,2,437.42,United Kingdom,2.2524271844660193,2.373009708737864,Orta Segment,Çapraz Satış Önerisi
17071,28,13,3793.71,United Kingdom,9.165876777251185,3.4528436018957342,Sadık Müşteri,Sadakat Programı / Erken Erişim
17072,625,1,273.35,United Kingdom,10.095238095238095,1.7557142857142856,Pasif/Kaybedilmiş,Geri Kazanma Kampanyası
17073,18,4,1444.84,United Kingdom,4.381502890173411,3.134393063583815,Sadık Müşteri,Sadakat Programı / Erken Erişim
17074,563,1,203.05,United Kingdom,4.75,10.3,Pasif/Kaybedilmiş,Geri Kazanma Kampanyası
17075,18,10,2236.63,United Kingdom,3.9447236180904524,3.9203517587939696,Sadık Müşteri,Sadakat Programı / Erken Erişim
17076,36,6,1242.75,United Kingdom,10.28,4.2542,Sadık Müşteri,Sadakat Programı / Erken Erişim
17077,578,1,306.0,United Kingdom,36.0,8.5,Pasif/Kaybedilmiş,Geri Kazanma Kampanyası
17078,36,2,375.86,United Kingdom,28.962962962962962,0.6103703703703703,Orta Segment,Çapraz Satış Önerisi
17079,78,1,118.8,United Kingdom,12.0,4.95,Orta Segment,Çapraz Satış Önerisi
17080,22,7,957.53,United Kingdom,17.242424242424242,3.558181818181818,Sadık Müşteri,Sadakat Programı / Erken Erişim
17081,25,6,949.39,United Kingdom,1.8405797101449275,3.4675845410628017,Sadık Müşteri,Sadakat Programı / Erken Erişim
17082,33,6,4732.03,United Kingdom,14.858823529411765,3.3238235294117646,Sadık Müşteri,Sadakat Programı / Erken Erişim
17083,109,9,4049.79,United Kingdom,17.0,2.4366956521739134,Orta Segment,Çapraz Satış Önerisi
17084,35,3,5001.21,United Kingdom,11.309608540925266,2.757508896797153,Orta Segment,Çapraz Satış Önerisi
17085,123,28,7839.27,United Kingdom,3.6071065989847715,2.839299492385787,Orta Segment,Çapraz Satış Önerisi
17086,7,6,2050.08,United Kingdom,19.364583333333332,2.1609374999999997,Sadık Müşteri,Sadakat Programı / Erken Erişim
17087,738,1,221.53,United Kingdom,9.416666666666666,3.203333333333333,Pasif/Kaybedilmiş,Geri Kazanma Kampanyası
17088,28,4,1991.01,United Kingdom,7.547826086956522,3.8090434782608695,Sadık Müşteri,Sadakat Programı / Erken Erişim
17089,386,1,128.45,United Kingdom,8.75,3.85,Pasif/Kaybedilmiş,Geri Kazanma Kampanyası
17090,4,13,3080.18,United Kingdom,14.933333333333334,2.7463333333333333,Sadık Müşteri,Sadakat Programı / Erken Erişim
17091,3,19,7495.75,United Kingdom,8.202197802197801,2.994813186813187,Sadık Müşteri,Sadakat Programı / Erken Erişim
17092,50,11,5511.41,United Kingdom,9.612244897959183,2.335714285714286,Sadık Müşteri,Sadakat Programı / Erken Erişim
17093,593,1,235.88,United Kingdom,8.76923076923077,3.053076923076923,Pasif/Kaybedilmiş,Geri Kazanma Kampanyası
17094,322,2,402.2,United Kingdom,11.777777777777779,2.0638888888888887,Orta Segment,Çapraz Satış Önerisi
17095,23,7,2572.25,United Kingdom,12.372262773722628,3.300875912408759,Sadık Müşteri,Sadakat Programı / Erken Erişim
17096,15,11,3697.93,United Kingdom,7.6048780487804875,3.884682926829268,Sadık Müşteri,Sadakat Programı / Erken Erişim
17097,2,9,1143.36,Spain,2.1797752808988764,2.4187265917602994,Sadık Müşteri,Sadakat Programı / Erken Erişim
17098,382,3,591.07,United Kingdom,6.944444444444445,6.132222222222222,Orta Segment,Çapraz Satış Önerisi
17099,533,1,582.17,United Kingdom,7.925,3.178,Pasif/Kaybedilmiş,Geri Kazanma Kampanyası
17100,18,2,971.74,United Kingdom,12.307692307692308,1.9433846153846153,Orta Segment,Çapraz Satış Önerisi
17101,10,7,2507.05,United Kingdom,16.095890410958905,3.473287671232877,Sadık Müşteri,Sadakat Programı / Erken Erişim
17102,262,1,25.5,United Kingdom,2.0,12.75,Pasif/Kaybedilmiş,Geri Kazanma Kampanyası
17103,722,1,424.3,United Kingdom,14.71875,1.6868750000000001,Pasif/Kaybedilmiş,Geri Kazanma Kampanyası
17104,424,1,474.03,United Kingdom,7.842105263157895,4.546842105263158,Pasif/Kaybedilmiş,Geri Kazanma Kampanyası
17105,159,2,665.78,United Kingdom,7.7,1.9445555555555554,Orta Segment,Çapraz Satış Önerisi
17106,389,1,481.58,United Kingdom,3.0,4.553725490196078,Pasif/Kaybedilmiş,Geri Kazanma Kampanyası
17107,33,10,16052.72,United Kingdom,11.238805970149254,3.2172537313432836,Sadık Müşteri,Sadakat Programı / Erken Erişim
17108,664,1,174.95,United Kingdom,3.4444444444444446,5.25,Pasif/Kaybedilmiş,Geri Kazanma Kampanyası
17109,29,8,1291.71,United Kingdom,5.669064748201439,2.462517985611511,Sadık Müşteri,Sadakat Programı / Erken Erişim
17110,165,3,499.9,United Kingdom,2.7755102040816326,4.268367346938776,Orta Segment,Çapraz Satış Önerisi
17111,47,2,459.58,United Kingdom,12.104166666666666,1.64,Orta Segment,Çapraz Satış Önerisi
17112,503,1,197.57,United Kingdom,2.765957446808511,1.9951063829787232,Pasif/Kaybedilmiş,Geri Kazanma Kampanyası
17113,574,6,2305.59,United Kingdom,5.7784810126582276,4.1256329113924055,Kaybedilme Riski (Değerli),Yüksek İndirim / Kişisel Teklif
17114,6,8,801.12,United Kingdom,1.7479674796747968,5.1258536585365855,Sadık Müşteri,Sadakat Programı / Erken Erişim
17115,8,7,2761.49,United Kingdom,7.375,4.998833333333334,Sadık Müşteri,Sadakat Programı / Erken Erişim
17116,648,1,389.78,United Kingdom,8.340425531914894,1.5346808510638297,Pasif/Kaybedilmiş,Geri Kazanma Kampanyası
17117,288,1,116.2,United Kingdom,7.555555555555555,3.966666666666667,Pasif/Kaybedilmiş,Geri Kazanma Kampanyası
17118,318,1,157.02,United Kingdom,15.4,1.3579999999999999,Pasif/Kaybedilmiş,Geri Kazanma Kampanyası
17119,3,2,606.91,United Kingdom,9.542857142857143,3.578857142857143,Orta Segment,Çapraz Satış Önerisi
17120,233,1,307.46,United Kingdom,6.666666666666667,4.396111111111111,Pasif/Kaybedilmiş,Geri Kazanma Kampanyası
17121,403,1,314.74,United Kingdom,8.833333333333334,3.7366666666666664,Pasif/Kaybedilmiş,Geri Kazanma Kampanyası
17122,119,4,570.5,United Kingdom,12.266666666666667,1.7236666666666667,Orta Segment,Çapraz Satış Önerisi
17123,162,3,966.67,United Kingdom,15.5,1.9992857142857143,Orta Segment,Çapraz Satış Önerisi
17124,185,1,294.24,United Kingdom,4.161290322580645,3.396451612903226,Orta Segment,Çapraz Satış Önerisi
17125,50,1,230.5,United Kingdom,8.028571428571428,3.3182857142857145,Yeni / Potansiyel Müşteri,Hoş Geldin Kampanyası
17126,152,9,2008.93,United Kingdom,3.1981981981981984,2.127815315315315,Orta Segment,Çapraz Satış Önerisi
17127,429,5,1155.03,United Kingdom,9.18918918918919,4.106486486486486,Orta Segment,Çapraz Satış Önerisi
17128,335,1,157.09,United Kingdom,5.428571428571429,3.985,Pasif/Kaybedilmiş,Geri Kazanma Kampanyası
17129,520,1,31.85,United Kingdom,2.5,6.725,Pasif/Kaybedilmiş,Geri Kazanma Kampanyası
17131,5,5,2463.17,United Kingdom,7.335820895522388,3.519402985074627,Sadık Müşteri,Sadakat Programı / Erken Erişim
17132,452,2,1220.91,United Kingdom,13.56338028169014,3.1235211267605636,Orta Segment,Çapraz Satış Önerisi
17133,16,12,14622.33,United Kingdom,180.48214285714286,2.015357142857143,Sadık Müşteri,Sadakat Programı / Erken Erişim
17134,107,3,625.3,United Kingdom,4.0,5.572222222222222,Orta Segment,Çapraz Satış Önerisi
17135,16,10,1716.38,United Kingdom,11.845070422535212,3.0346478873239437,Sadık Müşteri,Sadakat Programı / Erken Erişim
17136,662,1,231.68,United Kingdom,18.285714285714285,2.8042857142857143,Pasif/Kaybedilmiş,Geri Kazanma Kampanyası
17137,416,6,1099.81,United Kingdom,4.07185628742515,2.131556886227545,Orta Segment,Çapraz Satış Önerisi
17138,276,7,4417.27,United Kingdom,7.90625,3.9418359375,Kaybedilme Riski (Değerli),Yüksek İndirim / Kişisel Teklif
17139,16,25,19566.76,United Kingdom,12.194306930693068,3.6179331683168314,Sadık Müşteri,Sadakat Programı / Erken Erişim
17140,247,1,454.12,United Kingdom,16.444444444444443,2.5250000000000004,Pasif/Kaybedilmiş,Geri Kazanma Kampanyası
17141,418,4,727.58,United Kingdom,2.611111111111111,2.999444444444445,Orta Segment,Çapraz Satış Önerisi
17142,239,4,1275.25,United Kingdom,3.6179775280898876,6.552247191011236,Kaybedilme Riski (Değerli),Yüksek İndirim / Kişisel Teklif
17143,417,2,880.97,United Kingdom,2.8035714285714284,3.4870535714285715,Orta Segment,Çapraz Satış Önerisi
17144,1,2,984.57,United Kingdom,10.0625,5.275833333333334,Orta Segment,Çapraz Satış Önerisi
17145,513,4,3120.91,United Kingdom,14.394444444444444,2.8254444444444444,Kaybedilme Riski (Değerli),Yüksek İndirim / Kişisel Teklif
17146,106,13,5852.64,United Kingdom,7.269102990033223,4.48139534883721,Orta Segment,Çapraz Satış Önerisi
17147,23,9,3199.95,United Kingdom,9.617647058823529,4.033676470588236,Sadık Müşteri,Sadakat Programı / Erken Erişim
17148,52,1,124.88,United Kingdom,9.11111111111111,1.62,Yeni / Potansiyel Müşteri,Hoş Geldin Kampanyası
17149,451,1,143.1,United Kingdom,3.0,7.95,Pasif/Kaybedilmiş,Geri Kazanma Kampanyası
17150,377,6,1357.95,United Kingdom,4.315217391304348,5.02,Kaybedilme Riski (Değerli),Yüksek İndirim / Kişisel Teklif
17151,735,1,231.9,United Kingdom,10.5,5.575,Pasif/Kaybedilmiş,Geri Kazanma Kampanyası
17152,195,4,2016.5,United Kingdom,36.0625,3.7287500000000002,Kaybedilme Riski (Değerli),Yüksek İndirim / Kişisel Teklif
17153,24,1,213.78,United Kingdom,7.428571428571429,2.789285714285714,Yeni / Potansiyel Müşteri,Hoş Geldin Kampanyası
17154,75,1,329.34,United Kingdom,21.304347826086957,1.1069565217391304,Orta Segment,Çapraz Satış Önerisi
17155,18,7,892.46,United Kingdom,13.520547945205479,1.9035616438356167,Sadık Müşteri,Sadakat Programı / Erken Erişim
17156,492,1,591.87,United Kingdom,10.025641025641026,2.0646153846153843,Pasif/Kaybedilmiş,Geri Kazanma Kampanyası
17157,8,19,5151.9,United Kingdom,14.836879432624114,2.9574468085106385,Sadık Müşteri,Sadakat Programı / Erken Erişim
17158,32,5,1980.0,United Kingdom,10.150442477876107,3.5534513274336286,Sadık Müşteri,Sadakat Programı / Erken Erişim
17159,22,5,2099.59,United Kingdom,10.36923076923077,2.7785384615384614,Sadık Müşteri,Sadakat Programı / Erken Erişim
17160,31,17,10209.16,United Kingdom,12.887864823348695,1.6282027649769586,Sadık Müşteri,Sadakat Programı / Erken Erişim
17161,444,1,856.01,United Kingdom,10.326923076923077,2.5467307692307695,Pasif/Kaybedilmiş,Geri Kazanma Kampanyası
17162,29,10,1715.46,United Kingdom,9.625,3.83,Sadık Müşteri,Sadakat Programı / Erken Erişim
17163,22,4,699.78,United Kingdom,17.7,1.667,Sadık Müşteri,Sadakat Programı / Erken Erişim
17164,33,7,2467.35,United Kingdom,10.42361111111111,2.4883333333333333,Sadık Müşteri,Sadakat Programı / Erken Erişim
17165,284,6,1794.32,United Kingdom,7.88,4.305,Kaybedilme Riski (Değerli),Yüksek İndirim / Kişisel Teklif
17166,39,2,206.34,United Kingdom,6.5,3.115,Orta Segment,Çapraz Satış Önerisi
17167,380,3,867.11,United Kingdom,5.430379746835443,3.130253164556962,Orta Segment,Çapraz Satış Önerisi
17168,499,1,400.2,United Kingdom,10.476190476190476,3.2785714285714285,Pasif/Kaybedilmiş,Geri Kazanma Kampanyası
17169,58,3,1156.73,United Kingdom,8.946666666666667,3.042133333333333,Orta Segment,Çapraz Satış Önerisi
17170,374,2,178.68,United Kingdom,15.2,1.377,Orta Segment,Çapraz Satış Önerisi
17171,289,2,384.59,United Kingdom,9.0,4.0687999999999995,Orta Segment,Çapraz Satış Önerisi
17172,79,3,956.57,United Kingdom,31.153846153846153,1.0005128205128206,Orta Segment,Çapraz Satış Önerisi
17173,5,8,3766.6,United Kingdom,13.046511627906977,3.7151162790697674,Sadık Müşteri,Sadakat Programı / Erken Erişim
17174,218,1,59.9,United Kingdom,10.25,1.6625,Pasif/Kaybedilmiş,Geri Kazanma Kampanyası
17175,44,4,1443.69,United Kingdom,13.746031746031745,4.0947619047619055,Sadık Müşteri,Sadakat Programı / Erken Erişim
17176,202,3,902.32,United Kingdom,13.714285714285714,2.3195238095238095,Orta Segment,Çapraz Satış Önerisi
17177,505,1,119.5,United Kingdom,1.3793103448275863,3.3982758620689655,Pasif/Kaybedilmiş,Geri Kazanma Kampanyası
17178,731,1,432.96,United Kingdom,3.225806451612903,5.310967741935484,Pasif/Kaybedilmiş,Geri Kazanma Kampanyası
17179,178,6,1507.26,United Kingdom,3.9556962025316458,2.293987341772152,Orta Segment,Çapraz Satış Önerisi
17180,56,11,2236.77,United Kingdom,4.5225,1.997425,Sadık Müşteri,Sadakat Programı / Erken Erişim
17181,57,3,309.85,United Kingdom,9.571428571428571,4.664285714285714,Orta Segment,Çapraz Satış Önerisi
17182,423,2,321.3,United Kingdom,9.0,5.95,Orta Segment,Çapraz Satış Önerisi
17183,8,6,3347.31,United Kingdom,17.753424657534246,4.032465753424658,Sadık Müşteri,Sadakat Programı / Erken Erişim
17184,569,2,198.41,United Kingdom,5.214285714285714,3.952142857142857,Orta Segment,Çapraz Satış Önerisi
17185,592,3,229.46,United Kingdom,2.7045454545454546,1.9956818181818183,Orta Segment,Çapraz Satış Önerisi
17186,47,2,144.0,United Kingdom,100.0,0.72,Orta Segment,Çapraz Satış Önerisi
17187,227,2,467.71,United Kingdom,18.52173913043478,2.6904347826086954,Orta Segment,Çapraz Satış Önerisi
17188,11,13,4592.93,United Kingdom,14.936046511627907,2.6756395348837207,Sadık Müşteri,Sadakat Programı / Erken Erişim
17189,106,5,953.63,United Kingdom,5.008333333333334,2.32725,Orta Segment,Çapraz Satış Önerisi
17190,59,7,1724.73,United Kingdom,11.77659574468085,4.072340425531915,Sadık Müşteri,Sadakat Programı / Erken Erişim
17191,28,15,4310.34,United Kingdom,4.442655935613682,2.8744869215291753,Sadık Müşteri,Sadakat Programı / Erken Erişim
17192,536,1,75.28,United Kingdom,2.25,3.036,Pasif/Kaybedilmiş,Geri Kazanma Kampanyası
17193,36,9,2310.04,United Kingdom,37.90909090909091,2.683409090909091,Sadık Müşteri,Sadakat Programı / Erken Erişim
17194,361,2,776.66,United Kingdom,7.245614035087719,3.2840350877192983,Orta Segment,Çapraz Satış Önerisi
17195,655,1,562.98,United Kingdom,15.67741935483871,1.5964516129032258,Pasif/Kaybedilmiş,Geri Kazanma Kampanyası
17196,428,1,327.75,United Kingdom,1.6559139784946237,2.4725806451612904,Pasif/Kaybedilmiş,Geri Kazanma Kampanyası
17197,30,1,1013.01,United Kingdom,6.586206896551724,5.508965517241379,Yeni / Potansiyel Müşteri,Hoş Geldin Kampanyası
17198,24,3,692.22,United Kingdom,3.71875,2.8972916666666664,Orta Segment,Çapraz Satış Önerisi
17199,582,1,135.04,United Kingdom,29.0,0.88125,Pasif/Kaybedilmiş,Geri Kazanma Kampanyası
17200,387,4,356.71,United Kingdom,14.68,2.1492,Orta Segment,Çapraz Satış Önerisi
17201,54,4,1132.6,United Kingdom,5.758823529411765,2.5531764705882356,Sadık Müşteri,Sadakat Programı / Erken Erişim
17202,421,1,160.65,United Kingdom,6.875,2.9375,Pasif/Kaybedilmiş,Geri Kazanma Kampanyası
17203,36,10,5564.09,United Kingdom,17.613026819923373,1.9491954022988507,Sadık Müşteri,Sadakat Programı / Erken Erişim
17204,175,9,5504.69,United Kingdom,14.977401129943503,4.011638418079095,Orta Segment,Çapraz Satış Önerisi
17205,54,3,999.35,United Kingdom,63.25714285714286,0.8594285714285714,Orta Segment,Çapraz Satış Önerisi
17206,53,1,204.24,United Kingdom,10.857142857142858,2.7885714285714287,Yeni / Potansiyel Müşteri,Hoş Geldin Kampanyası
17207,652,1,291.77,United Kingdom,3.9322033898305087,2.0486440677966105,Pasif/Kaybedilmiş,Geri Kazanma Kampanyası
17208,396,1,111.15,United Kingdom,4.391304347826087,1.9017391304347826,Pasif/Kaybedilmiş,Geri Kazanma Kampanyası
17209,649,3,595.7,United Kingdom,19.026315789473685,2.6447368421052633,Orta Segment,Çapraz Satış Önerisi
17210,393,1,251.72,United Kingdom,4.566037735849057,1.3450943396226414,Pasif/Kaybedilmiş,Geri Kazanma Kampanyası
17211,27,13,3773.35,United Kingdom,6.223837209302325,3.075813953488372,Sadık Müşteri,Sadakat Programı / Erken Erişim
17212,253,3,794.41,United Kingdom,25.06896551724138,1.7482758620689656,Orta Segment,Çapraz Satış Önerisi
17213,40,13,4869.4,United Kingdom,7.845864661654136,3.9430451127819546,Sadık Müşteri,Sadakat Programı / Erken Erişim
17214,60,6,1059.12,United Kingdom,2.6930693069306932,5.328415841584158,Orta Segment,Çapraz Satış Önerisi
17215,464,1,186.15,United Kingdom,9.454545454545455,2.518181818181818,Pasif/Kaybedilmiş,Geri Kazanma Kampanyası
17216,554,1,63.6,United Kingdom,1.6153846153846154,3.1846153846153844,Pasif/Kaybedilmiş,Geri Kazanma Kampanyası
17217,234,2,210.1,United Kingdom,3.4444444444444446,2.894444444444445,Orta Segment,Çapraz Satış Önerisi
17218,4,18,3889.39,United Kingdom,4.3872340425531915,2.811872340425532,Sadık Müşteri,Sadakat Programı / Erken Erişim
17219,32,2,259.13,United Kingdom,3.76,1.6958000000000002,Orta Segment,Çapraz Satış Önerisi
17220,24,21,4451.41,United Kingdom,3.9657228017883757,2.39451564828614,Sadık Müşteri,Sadakat Programı / Erken Erişim
17221,7,5,976.62,United Kingdom,5.75,2.2963709677419355,Sadık Müşteri,Sadakat Programı / Erken Erişim
17222,65,6,1563.61,United Kingdom,7.702702702702703,3.004864864864865,Orta Segment,Çapraz Satış Önerisi
17223,310,3,523.04,United Kingdom,2.264705882352941,3.824264705882353,Orta Segment,Çapraz Satış Önerisi
17224,501,1,100.86,United Kingdom,8.125,7.1425,Pasif/Kaybedilmiş,Geri Kazanma Kampanyası
17225,582,1,131.15,United Kingdom,7.2,3.2600000000000002,Pasif/Kaybedilmiş,Geri Kazanma Kampanyası
17226,309,3,895.47,United Kingdom,14.457627118644067,2.5955932203389827,Orta Segment,Çapraz Satış Önerisi
17227,19,12,1878.93,United Kingdom,14.74561403508772,1.2243859649122808,Sadık Müşteri,Sadakat Programı / Erken Erişim
17228,16,13,2820.03,United Kingdom,7.198776758409786,1.8152293577981653,Sadık Müşteri,Sadakat Programı / Erken Erişim
17229,96,2,318.76,United Kingdom,3.9361702127659575,2.008936170212766,Orta Segment,Çapraz Satış Önerisi
17230,264,18,9388.49,United Kingdom,17.294930875576036,3.915714285714286,Kaybedilme Riski (Değerli),Yüksek İndirim / Kişisel Teklif
17231,12,25,7064.8,United Kingdom,3.0649458784346377,2.894113238967527,Sadık Müşteri,Sadakat Programı / Erken Erişim
17232,3,2,417.77,United Kingdom,5.771428571428571,2.625142857142857,Orta Segment,Çapraz Satış Önerisi
17233,35,3,560.86,United Kingdom,5.137931034482759,2.8408620689655173,Orta Segment,Çapraz Satış Önerisi
17234,183,1,149.89,United Kingdom,3.9285714285714284,3.697857142857143,Orta Segment,Çapraz Satış Önerisi
17235,25,8,1562.98,United Kingdom,9.49438202247191,2.769887640449438,Sadık Müşteri,Sadakat Programı / Erken Erişim
17236,13,12,1929.26,United Kingdom,5.0886075949367084,3.5541139240506325,Sadık Müşteri,Sadakat Programı / Erken Erişim
17237,11,4,994.13,United Kingdom,5.2405063291139244,3.1208860759493673,Sadık Müşteri,Sadakat Programı / Erken Erişim
17238,3,32,7331.17,United Kingdom,3.1230228471001755,2.759033391915642,Sadık Müşteri,Sadakat Programı / Erken Erişim
17239,313,4,1189.45,United Kingdom,16.09375,3.2171875,Orta Segment,Çapraz Satış Önerisi
17240,596,1,130.6,United Kingdom,15.428571428571429,1.6214285714285714,Pasif/Kaybedilmiş,Geri Kazanma Kampanyası
17241,385,12,2736.64,United Kingdom,5.052941176470588,4.664882352941176,Kaybedilme Riski (Değerli),Yüksek İndirim / Kişisel Teklif
17242,108,5,2889.28,United Kingdom,17.36904761904762,2.146309523809524,Orta Segment,Çapraz Satış Önerisi
17243,1,69,20184.68,United Kingdom,7.379084967320262,4.249393090569561,Sadık Müşteri,Sadakat Programı / Erken Erişim
17244,53,5,1826.04,United Kingdom,11.825,2.4851666666666667,Sadık Müşteri,Sadakat Programı / Erken Erişim
17245,205,2,371.63,United Kingdom,12.28,1.8896000000000002,Orta Segment,Çapraz Satış Önerisi
17246,547,2,38.92,United Kingdom,6.0,3.735,Orta Segment,Çapraz Satış Önerisi
17247,15,1,280.09,United Kingdom,1.9444444444444444,3.303888888888889,Yeni / Potansiyel Müşteri,Hoş Geldin Kampanyası
17248,120,2,500.54,United Kingdom,2.6538461538461537,2.227692307692308,Orta Segment,Çapraz Satış Önerisi
17249,429,1,68.03,United Kingdom,2.925925925925926,1.4722222222222223,Pasif/Kaybedilmiş,Geri Kazanma Kampanyası
17250,4,2,381.97,United Kingdom,2.982142857142857,3.0223214285714284,Orta Segment,Çapraz Satış Önerisi
17251,363,3,798.98,United Kingdom,4.833333333333333,3.4464102564102563,Orta Segment,Çapraz Satış Önerisi
17252,117,2,348.91,United Kingdom,2.2325581395348837,2.747558139534884,Orta Segment,Çapraz Satış Önerisi
17253,18,1,178.26,United Kingdom,2.388888888888889,5.614444444444445,Yeni / Potansiyel Müşteri,Hoş Geldin Kampanyası
17254,5,3,469.48,United Kingdom,2.7006802721088436,1.595170068027211,Orta Segment,Çapraz Satış Önerisi
17255,41,4,781.7,United Kingdom,3.2032967032967035,2.086153846153846,Sadık Müşteri,Sadakat Programı / Erken Erişim
17256,107,5,498.93,United Kingdom,9.64516129032258,2.1729032258064516,Orta Segment,Çapraz Satış Önerisi
17257,436,2,189.78,United Kingdom,13.357142857142858,1.9821428571428572,Orta Segment,Çapraz Satış Önerisi
17258,397,2,417.3,United Kingdom,3.418181818181818,2.597272727272727,Orta Segment,Çapraz Satış Önerisi
17259,148,6,1452.39,United Kingdom,3.6695652173913045,2.7459565217391306,Orta Segment,Çapraz Satış Önerisi
17260,411,1,120.95,United Kingdom,3.8333333333333335,10.191666666666668,Pasif/Kaybedilmiş,Geri Kazanma Kampanyası
17261,510,1,221.59,United Kingdom,2.2093023255813953,2.4299999999999997,Pasif/Kaybedilmiş,Geri Kazanma Kampanyası
17262,52,11,2488.76,United Kingdom,33.421052631578945,4.816315789473684,Sadık Müşteri,Sadakat Programı / Erken Erişim
17263,208,1,63.44,United Kingdom,1.565217391304348,2.011304347826087,Pasif/Kaybedilmiş,Geri Kazanma Kampanyası
17264,424,1,268.28,United Kingdom,2.9324324324324325,1.637027027027027,Pasif/Kaybedilmiş,Geri Kazanma Kampanyası
17265,139,2,550.01,United Kingdom,3.1885245901639343,2.3179508196721312,Orta Segment,Çapraz Satış Önerisi
17266,2,5,501.72,United Kingdom,2.042016806722689,2.8248739495798323,Sadık Müşteri,Sadakat Programı / Erken Erişim
17267,127,2,317.2,United Kingdom,4.27027027027027,3.4818918918918924,Orta Segment,Çapraz Satış Önerisi
17268,108,11,1733.89,United Kingdom,46.5,2.463,Orta Segment,Çapraz Satış Önerisi
17269,386,1,491.81,United Kingdom,2.512,2.2990399999999998,Pasif/Kaybedilmiş,Geri Kazanma Kampanyası
17270,469,2,601.45,United Kingdom,8.75,2.758125,Orta Segment,Çapraz Satış Önerisi
17271,736,1,204.3,United Kingdom,2.3541666666666665,2.863958333333333,Pasif/Kaybedilmiş,Geri Kazanma Kampanyası
17272,42,4,2148.63,United Kingdom,15.596491228070175,1.8583333333333334,Sadık Müşteri,Sadakat Programı / Erken Erişim
17273,424,1,141.12,United Kingdom,11.083333333333334,1.7416666666666665,Pasif/Kaybedilmiş,Geri Kazanma Kampanyası
17274,35,2,573.22,United Kingdom,3.5194805194805197,2.826363636363636,Orta Segment,Çapraz Satış Önerisi
17275,383,1,114.1,United Kingdom,3.0869565217391304,3.7039130434782606,Pasif/Kaybedilmiş,Geri Kazanma Kampanyası
17276,402,1,501.24,United Kingdom,3.576923076923077,2.8632692307692307,Pasif/Kaybedilmiş,Geri Kazanma Kampanyası
17277,228,2,1065.35,United Kingdom,6.231884057971015,3.351594202898551,Orta Segment,Çapraz Satış Önerisi
17278,241,2,271.24,United Kingdom,11.470588235294118,4.464705882352941,Orta Segment,Çapraz Satış Önerisi
17279,58,1,187.83,United Kingdom,5.333333333333333,6.736666666666666,Yeni / Potansiyel Müşteri,Hoş Geldin Kampanyası
17280,438,1,118.86,United Kingdom,12.333333333333334,1.68,Pasif/Kaybedilmiş,Geri Kazanma Kampanyası
17281,374,6,797.85,United Kingdom,49.166666666666664,2.8166666666666664,Orta Segment,Çapraz Satış Önerisi
17282,130,5,2308.54,United Kingdom,11.431372549019608,2.583039215686274,Orta Segment,Çapraz Satış Önerisi
17283,379,1,188.46,United Kingdom,11.933333333333334,2.348666666666667,Pasif/Kaybedilmiş,Geri Kazanma Kampanyası
17284,60,7,2558.6,United Kingdom,5.559139784946237,1.6514247311827959,Orta Segment,Çapraz Satış Önerisi
17285,628,2,400.44,United Kingdom,3.0697674418604652,4.681162790697674,Orta Segment,Çapraz Satış Önerisi
17286,22,3,389.18,United Kingdom,4.088888888888889,1.904111111111111,Orta Segment,Çapraz Satış Önerisi
17287,26,21,3826.86,United Kingdom,4.222462203023758,3.454038876889849,Sadık Müşteri,Sadakat Programı / Erken Erişim
17288,9,11,2468.43,United Kingdom,5.899305555555555,2.9634375,Sadık Müşteri,Sadakat Programı / Erken Erişim
17289,32,9,2041.8,United Kingdom,4.650375939849624,2.307593984962406,Sadık Müşteri,Sadakat Programı / Erken Erişim
17290,4,8,1427.48,United Kingdom,5.102564102564102,2.7756923076923075,Sadık Müşteri,Sadakat Programı / Erken Erişim
17291,308,1,550.8,United Kingdom,72.0,7.65,Pasif/Kaybedilmiş,Geri Kazanma Kampanyası
17292,472,2,271.75,United Kingdom,8.733333333333333,4.784666666666666,Orta Segment,Çapraz Satış Önerisi
17293,8,17,3750.63,United Kingdom,9.244813278008298,2.713195020746888,Sadık Müşteri,Sadakat Programı / Erken Erişim
17294,669,2,467.79,United Kingdom,17.470588235294116,2.698823529411765,Orta Segment,Çapraz Satış Önerisi
17295,29,3,547.0,United Kingdom,4.3088235294117645,2.8467647058823533,Orta Segment,Çapraz Satış Önerisi
17296,730,1,338.13,United Kingdom,6.545454545454546,3.890909090909091,Pasif/Kaybedilmiş,Geri Kazanma Kampanyası
17297,17,1,128.18,United Kingdom,1.3265306122448979,2.2220408163265306,Yeni / Potansiyel Müşteri,Hoş Geldin Kampanyası
17298,101,5,938.36,United Kingdom,12.5,1.692794117647059,Orta Segment,Çapraz Satış Önerisi
17299,12,6,993.23,United Kingdom,8.132743362831858,1.7698230088495577,Sadık Müşteri,Sadakat Programı / Erken Erişim
17300,391,2,393.64,United Kingdom,10.613636363636363,2.0211363636363635,Orta Segment,Çapraz Satış Önerisi
17301,21,2,294.39,United Kingdom,1.9115044247787611,1.7086725663716815,Orta Segment,Çapraz Satış Önerisi
17302,15,5,1135.63,United Kingdom,7.2784810126582276,2.506582278481013,Sadık Müşteri,Sadakat Programı / Erken Erişim
17303,361,1,250.04,United Kingdom,2.7169811320754715,2.940943396226415,Pasif/Kaybedilmiş,Geri Kazanma Kampanyası
17304,534,1,111.5,United Kingdom,14.6,3.168,Pasif/Kaybedilmiş,Geri Kazanma Kampanyası
17305,649,1,2135.46,United Kingdom,111.77777777777777,3.07,Pasif/Kaybedilmiş,Geri Kazanma Kampanyası
17306,11,21,9782.35,United Kingdom,190.93055555555554,1.4945833333333334,Sadık Müşteri,Sadakat Programı / Erken Erişim
17307,395,11,3999.89,United Kingdom,76.39583333333333,2.107083333333333,Kaybedilme Riski (Değerli),Yüksek İndirim / Kişisel Teklif
17308,393,2,4511.76,United Kingdom,735.4285714285714,0.8871428571428571,Orta Segment,Çapraz Satış Önerisi
17309,95,3,320.39,United Kingdom,5.027777777777778,3.3902777777777775,Orta Segment,Çapraz Satış Önerisi
17310,387,2,1025.1,United Kingdom,201.0,2.55,Orta Segment,Çapraz Satış Önerisi
17311,78,6,3566.56,United Kingdom,21.69291338582677,2.700314960629921,Orta Segment,Çapraz Satış Önerisi
17312,139,3,644.3,United Kingdom,26.571428571428573,2.305,Orta Segment,Çapraz Satış Önerisi
17313,31,1,2328.84,United Kingdom,58.416666666666664,2.1425,Yeni / Potansiyel Müşteri,Hoş Geldin Kampanyası
17314,25,17,4904.43,United Kingdom,14.30859375,2.655,Sadık Müşteri,Sadakat Programı / Erken Erişim
17315,2,41,9559.5,United Kingdom,6.803763440860215,2.9168682795698926,Sadık Müşteri,Sadakat Programı / Erken Erişim
17316,420,1,124.45,United Kingdom,1.2571428571428571,2.831428571428572,Pasif/Kaybedilmiş,Geri Kazanma Kampanyası
17317,46,3,2600.34,United Kingdom,127.33333333333333,3.2244444444444444,Orta Segment,Çapraz Satış Önerisi
17318,725,1,157.33,United Kingdom,3.4705882352941178,3.4776470588235293,Pasif/Kaybedilmiş,Geri Kazanma Kampanyası
17319,669,1,29.1,United Kingdom,4.666666666666667,2.0500000000000003,Pasif/Kaybedilmiş,Geri Kazanma Kampanyası
17320,100,6,2444.85,United Kingdom,7.776315789473684,4.233223684210526,Orta Segment,Çapraz Satış Önerisi
17321,8,6,1665.21,United Kingdom,2.915129151291513,3.0275645756457568,Sadık Müşteri,Sadakat Programı / Erken Erişim
17322,376,5,922.59,United Kingdom,3.5649717514124295,2.0903389830508474,Orta Segment,Çapraz Satış Önerisi
17323,15,12,1547.64,United Kingdom,4.3090909090909095,1.3304242424242425,Sadık Müşteri,Sadakat Programı / Erken Erişim
17324,18,12,2171.07,United Kingdom,10.241379310344827,2.307172413793104,Sadık Müşteri,Sadakat Programı / Erken Erişim
17325,280,3,609.57,United Kingdom,11.923076923076923,3.1028205128205126,Orta Segment,Çapraz Satış Önerisi
17326,408,2,312.35,United Kingdom,1.5813953488372092,3.0439534883720927,Orta Segment,Çapraz Satış Önerisi
17327,410,2,152.35,United Kingdom,14.75,4.665,Orta Segment,Çapraz Satış Önerisi
17328,673,1,104.7,United Kingdom,14.333333333333334,1.8833333333333335,Pasif/Kaybedilmiş,Geri Kazanma Kampanyası
17329,14,5,998.53,United Kingdom,4.134615384615385,2.9152884615384616,Sadık Müşteri,Sadakat Programı / Erken Erişim
17330,23,4,423.8,United Kingdom,15.25,10.85375,Sadık Müşteri,Sadakat Programı / Erken Erişim
17331,124,1,175.2,United Kingdom,16.0,10.95,Orta Segment,Çapraz Satış Önerisi
17332,528,5,827.77,United Kingdom,8.180851063829786,2.596276595744681,Orta Segment,Çapraz Satış Önerisi
17333,86,1,494.25,United Kingdom,13.392857142857142,1.772142857142857,Orta Segment,Çapraz Satış Önerisi
17334,302,3,635.15,United Kingdom,18.258064516129032,2.4983870967741937,Orta Segment,Çapraz Satış Önerisi
17335,384,2,497.04,United Kingdom,5.833333333333333,3.215,Orta Segment,Çapraz Satış Önerisi
17336,472,1,81.12,United Kingdom,48.0,1.69,Pasif/Kaybedilmiş,Geri Kazanma Kampanyası
17337,151,4,1979.61,United Kingdom,2.396153846153846,2.3060384615384617,Orta Segment,Çapraz Satış Önerisi
17338,17,17,11880.54,United Kingdom,4.424405218726017,2.742854950115119,Sadık Müşteri,Sadakat Programı / Erken Erişim
17339,94,3,302.36,United Kingdom,17.2,2.952,Orta Segment,Çapraz Satış Önerisi
17340,30,18,19617.95,United Kingdom,14.007374631268437,3.04806784660767,Sadık Müşteri,Sadakat Programı / Erken Erişim
17341,157,5,1272.21,United Kingdom,3.7945205479452055,2.248173515981735,Orta Segment,Çapraz Satış Önerisi
17342,380,4,1227.54,United Kingdom,14.885714285714286,6.774571428571429,Kaybedilme Riski (Değerli),Yüksek İndirim / Kişisel Teklif
17343,355,6,1259.94,United Kingdom,5.675,4.057,Kaybedilme Riski (Değerli),Yüksek İndirim / Kişisel Teklif
17344,46,2,457.36,United Kingdom,2.985074626865672,2.736417910447761,Orta Segment,Çapraz Satış Önerisi
17345,15,10,1586.63,United Kingdom,9.607655502392344,2.180574162679426,Sadık Müşteri,Sadakat Programı / Erken Erişim
17346,4,26,4991.41,United Kingdom,3.731813246471227,2.270358306188925,Sadık Müşteri,Sadakat Programı / Erken Erişim
17347,86,1,228.96,United Kingdom,216.0,1.06,Orta Segment,Çapraz Satış Önerisi
17348,15,9,2430.99,United Kingdom,6.204081632653061,1.7563492063492063,Sadık Müşteri,Sadakat Programı / Erken Erişim
17349,179,5,772.41,United Kingdom,9.08235294117647,2.240235294117647,Orta Segment,Çapraz Satış Önerisi
17350,8,7,1893.7,United Kingdom,8.237762237762238,2.8074195804195807,Sadık Müşteri,Sadakat Programı / Erken Erişim
17351,36,12,1964.38,United Kingdom,5.588235294117647,5.564558823529412,Sadık Müşteri,Sadakat Programı / Erken Erişim
17352,696,1,36.25,United Kingdom,3.0,3.45,Pasif/Kaybedilmiş,Geri Kazanma Kampanyası
17353,129,4,3242.0,United Kingdom,154.85714285714286,1.5428571428571427,Orta Segment,Çapraz Satış Önerisi
17354,51,4,3133.96,United Kingdom,25.059405940594058,2.013861386138614,Sadık Müşteri,Sadakat Programı / Erken Erişim
17355,386,1,273.31,United Kingdom,7.545454545454546,2.153939393939394,Pasif/Kaybedilmiş,Geri Kazanma Kampanyası
17356,312,5,946.47,United Kingdom,10.755813953488373,1.425,Orta Segment,Çapraz Satış Önerisi
17357,24,2,384.39,United Kingdom,3.4545454545454546,3.4481818181818182,Orta Segment,Çapraz Satış Önerisi
17358,303,5,861.01,United Kingdom,2.9452054794520546,3.086849315068493,Orta Segment,Çapraz Satış Önerisi
17359,11,2,284.46,United Kingdom,6.2368421052631575,2.67,Orta Segment,Çapraz Satış Önerisi
17360,17,6,1200.51,United Kingdom,2.7248908296943233,2.9307860262008734,Sadık Müşteri,Sadakat Programı / Erken Erişim
17361,49,5,871.79,United Kingdom,6.666666666666667,3.6975438596491226,Sadık Müşteri,Sadakat Programı / Erken Erişim
17362,239,7,1024.04,United Kingdom,3.8125,2.979861111111111,Orta Segment,Çapraz Satış Önerisi
17363,395,3,920.46,United Kingdom,14.257142857142858,2.3042857142857143,Orta Segment,Çapraz Satış Önerisi
17364,1,28,11972.92,United Kingdom,8.256637168141593,3.073086283185841,Sadık Müşteri,Sadakat Programı / Erken Erişim
17365,13,15,8179.45,United Kingdom,10.092055485498108,1.931828499369483,Sadık Müşteri,Sadakat Programı / Erken Erişim
17366,432,2,1077.24,United Kingdom,3.8473282442748094,2.9078625954198474,Orta Segment,Çapraz Satış Önerisi
17367,238,1,167.55,United Kingdom,4.515151515151516,1.9278787878787877,Pasif/Kaybedilmiş,Geri Kazanma Kampanyası
17368,23,14,2758.29,United Kingdom,10.261061946902656,2.8538938053097347,Sadık Müşteri,Sadakat Programı / Erken Erişim
17369,456,1,979.2,United Kingdom,1152.0,0.85,Pasif/Kaybedilmiş,Geri Kazanma Kampanyası
17370,73,4,446.18,United Kingdom,16.363636363636363,1.396969696969697,Orta Segment,Çapraz Satış Önerisi
17371,17,6,651.37,United Kingdom,1.951048951048951,2.866993006993007,Sadık Müşteri,Sadakat Programı / Erken Erişim
17372,41,27,4316.46,United Kingdom,2.8777089783281733,2.911114551083591,Sadık Müşteri,Sadakat Programı / Erken Erişim
17373,40,7,1167.5,United Kingdom,8.10989010989011,1.7367032967032967,Sadık Müşteri,Sadakat Programı / Erken Erişim
17374,219,3,727.11,United Kingdom,3.6904761904761907,6.527857142857143,Orta Segment,Çapraz Satış Önerisi
17375,199,4,660.55,United Kingdom,5.5813953488372094,2.8976744186046512,Orta Segment,Çapraz Satış Önerisi
17376,71,4,453.64,United Kingdom,4.4363636363636365,3.077818181818182,Orta Segment,Çapraz Satış Önerisi
17377,24,78,17639.23,United Kingdom,4.279953243717125,2.878474576271186,Sadık Müşteri,Sadakat Programı / Erken Erişim
17378,374,1,10.95,United Kingdom,1.0,10.95,Pasif/Kaybedilmiş,Geri Kazanma Kampanyası
17379,11,1,389.72,United Kingdom,7.987179487179487,1.3534615384615383,Yeni / Potansiyel Müşteri,Hoş Geldin Kampanyası
17380,434,3,645.0,United Kingdom,25.2,2.625,Orta Segment,Çapraz Satış Önerisi
17381,9,38,36398.65,United Kingdom,263.06134969325154,1.4499386503067484,Sadık Müşteri,Sadakat Programı / Erken Erişim
17382,65,8,902.28,United Kingdom,25.38888888888889,2.895,Orta Segment,Çapraz Satış Önerisi
17383,4,2,304.09,United Kingdom,3.1372549019607843,1.9603921568627451,Orta Segment,Çapraz Satış Önerisi
17384,19,3,507.55,United Kingdom,6.05,3.2545,Orta Segment,Çapraz Satış Önerisi
17385,15,1,256.11,United Kingdom,4.377777777777778,1.9497777777777776,Yeni / Potansiyel Müşteri,Hoş Geldin Kampanyası
17386,8,7,2812.77,United Kingdom,51.44736842105263,1.816578947368421,Sadık Müşteri,Sadakat Programı / Erken Erişim
17387,20,2,746.81,United Kingdom,6.868421052631579,2.432236842105263,Orta Segment,Çapraz Satış Önerisi
17388,78,11,2675.37,United Kingdom,46.45454545454545,2.6667272727272726,Orta Segment,Çapraz Satış Önerisi
17389,1,61,57215.33,United Kingdom,41.67832167832168,4.624895104895105,Sadık Müşteri,Sadakat Programı / Erken Erişim
17390,421,1,149.3,United Kingdom,4.083333333333333,2.6875,Pasif/Kaybedilmiş,Geri Kazanma Kampanyası
17391,164,2,508.8,United Kingdom,160.0,1.06,Orta Segment,Çapraz Satış Önerisi
17392,307,3,579.92,United Kingdom,6.492753623188406,3.416521739130435,Orta Segment,Çapraz Satış Önerisi
17393,411,2,381.15,United Kingdom,4.958333333333333,2.8854166666666665,Orta Segment,Çapraz Satış Önerisi
17394,219,1,203.87,United Kingdom,60.25,3.4425,Pasif/Kaybedilmiş,Geri Kazanma Kampanyası
17395,508,1,97.5,United Kingdom,22.0,2.0833333333333335,Pasif/Kaybedilmiş,Geri Kazanma Kampanyası
17396,39,13,8391.6,United Kingdom,50.26086956521739,3.9321739130434783,Sadık Müşteri,Sadakat Programı / Erken Erişim
17397,22,3,1198.28,United Kingdom,5.156716417910448,2.9250746268656713,Orta Segment,Çapraz Satış Önerisi
17398,115,3,653.38,United Kingdom,8.157894736842104,4.841578947368421,Orta Segment,Çapraz Satış Önerisi
17400,126,8,4623.28,United Kingdom,4.658848614072495,3.489275053304904,Orta Segment,Çapraz Satış Önerisi
17401,541,1,114.85,United Kingdom,2.8333333333333335,4.429166666666666,Pasif/Kaybedilmiş,Geri Kazanma Kampanyası
17402,5,22,4600.56,United Kingdom,8.186440677966102,3.8684180790960454,Sadık Müşteri,Sadakat Programı / Erken Erişim
17403,36,2,382.87,United Kingdom,4.177777777777778,3.7962222222222226,Orta Segment,Çapraz Satış Önerisi
17404,4,21,47638.12,Sweden,175.95138888888889,1.7747569444444444,Sadık Müşteri,Sadakat Programı / Erken Erişim
17405,1,3,1031.41,United Kingdom,8.853658536585366,3.1534146341463414,Orta Segment,Çapraz Satış Önerisi
17406,333,13,4186.95,United Kingdom,7.760504201680672,4.675336134453781,Kaybedilme Riski (Değerli),Yüksek İndirim / Kişisel Teklif
17407,412,1,552.9,United Kingdom,18.52173913043478,2.3,Pasif/Kaybedilmiş,Geri Kazanma Kampanyası
17408,163,3,316.09,United Kingdom,20.375,6.01,Orta Segment,Çapraz Satış Önerisi
17409,185,10,7793.51,United Kingdom,39.31730769230769,3.5305769230769233,Orta Segment,Çapraz Satış Önerisi
17410,16,5,1214.72,United Kingdom,9.625,3.48953125,Sadık Müşteri,Sadakat Programı / Erken Erişim
17411,12,5,1425.38,United Kingdom,8.106666666666667,3.517733333333333,Sadık Müşteri,Sadakat Programı / Erken Erişim
17412,3,16,4220.22,United Kingdom,11.201754385964913,4.862105263157894,Sadık Müşteri,Sadakat Programı / Erken Erişim
17413,405,2,560.14,United Kingdom,30.2,3.742,Orta Segment,Çapraz Satış Önerisi
17414,44,6,2249.52,United Kingdom,297.9047619047619,0.4723809523809524,Sadık Müşteri,Sadakat Programı / Erken Erişim
17415,80,1,507.84,United Kingdom,8.142857142857142,13.96642857142857,Orta Segment,Çapraz Satış Önerisi
17416,30,22,17298.45,United Kingdom,14.688442211055277,2.9636683417085425,Sadık Müşteri,Sadakat Programı / Erken Erişim
17417,549,1,164.18,United Kingdom,4.75,2.7275,Pasif/Kaybedilmiş,Geri Kazanma Kampanyası
17418,42,3,670.06,United Kingdom,12.404761904761905,2.4645238095238096,Orta Segment,Çapraz Satış Önerisi
17419,11,18,6126.25,United Kingdom,9.645484949832776,3.7985953177257525,Sadık Müşteri,Sadakat Programı / Erken Erişim
17420,50,6,953.58,United Kingdom,8.92,3.3487999999999998,Sadık Müşteri,Sadakat Programı / Erken Erişim
17421,386,3,1059.41,United Kingdom,13.913793103448276,1.8191379310344828,Orta Segment,Çapraz Satış Önerisi
17422,16,11,3594.76,United Kingdom,17.258536585365853,1.7806829268292683,Sadık Müşteri,Sadakat Programı / Erken Erişim
17423,46,3,1118.95,United Kingdom,18.372093023255815,1.9758139534883723,Orta Segment,Çapraz Satış Önerisi
17425,19,2,759.17,United Kingdom,9.465116279069768,2.670930232558139,Orta Segment,Çapraz Satış Önerisi
17426,8,13,8077.77,United Kingdom,12.147540983606557,2.9750351288056205,Sadık Müşteri,Sadakat Programı / Erken Erişim
17427,72,1,100.8,United Kingdom,17.0,4.165,Orta Segment,Çapraz Satış Önerisi
17428,1,45,31466.76,United Kingdom,24.105555555555554,3.391875,Sadık Müşteri,Sadakat Programı / Erken Erişim
17429,128,5,1357.46,United Kingdom,13.536842105263158,2.2310526315789474,Orta Segment,Çapraz Satış Önerisi
17430,33,4,622.57,United Kingdom,12.297297297297296,2.3454054054054057,Sadık Müşteri,Sadakat Programı / Erken Erişim
17431,313,1,403.3,United Kingdom,6.790697674418604,1.9611627906976743,Pasif/Kaybedilmiş,Geri Kazanma Kampanyası
17432,18,9,1728.99,United Kingdom,3.678832116788321,2.461094890510949,Sadık Müşteri,Sadakat Programı / Erken Erişim
17433,88,2,569.96,United Kingdom,3.2795698924731185,2.5744086021505375,Orta Segment,Çapraz Satış Önerisi
17434,2,7,2373.82,United Kingdom,12.634328358208956,2.741044776119403,Sadık Müşteri,Sadakat Programı / Erken Erişim
17435,411,1,331.35,United Kingdom,13.0,4.346666666666667,Pasif/Kaybedilmiş,Geri Kazanma Kampanyası
17436,2,5,534.06,United Kingdom,10.470588235294118,3.027058823529412,Sadık Müşteri,Sadakat Programı / Erken Erişim
17437,530,1,369.68,United Kingdom,5.4423076923076925,3.5225000000000004,Pasif/Kaybedilmiş,Geri Kazanma Kampanyası
17438,254,5,1422.77,United Kingdom,7.788732394366197,4.926901408450704,Kaybedilme Riski (Değerli),Yüksek İndirim / Kişisel Teklif
17439,656,1,325.74,United Kingdom,46.25,2.21375,Pasif/Kaybedilmiş,Geri Kazanma Kampanyası
17440,157,4,323.58,United Kingdom,47.0,1.2,Orta Segment,Çapraz Satış Önerisi
17441,732,1,293.35,United Kingdom,11.666666666666666,2.050952380952381,Pasif/Kaybedilmiş,Geri Kazanma Kampanyası
17442,37,15,4620.3,United Kingdom,11.074204946996467,2.5884805653710248,Sadık Müşteri,Sadakat Programı / Erken Erişim
17443,220,1,534.24,Canada,504.0,1.06,Pasif/Kaybedilmiş,Geri Kazanma Kampanyası
17444,152,2,2389.1,Canada,15.805970149253731,2.484776119402985,Orta Segment,Çapraz Satış Önerisi
17446,177,2,120.9,United Kingdom,22.0,0.7722222222222223,Orta Segment,Çapraz Satış Önerisi
17447,40,2,541.53,United Kingdom,12.305555555555555,1.6922222222222223,Orta Segment,Çapraz Satış Önerisi
17448,529,41,14448.67,United Kingdom,10.386486486486486,2.0607117117117117,Kaybedilme Riski (Değerli),Yüksek İndirim / Kişisel Teklif
17449,2,13,4865.15,United Kingdom,4.257289879931389,3.0455403087478556,Sadık Müşteri,Sadakat Programı / Erken Erişim
17450,8,51,244784.25,United Kingdom,199.7952380952381,3.322452380952381,Sadık Müşteri,Sadakat Programı / Erken Erişim
17451,1,7,1721.4,United Kingdom,12.03,2.2744,Sadık Müşteri,Sadakat Programı / Erken Erişim
17453,18,2,486.72,United Kingdom,11.526315789473685,3.4231578947368417,Orta Segment,Çapraz Satış Önerisi
17454,192,10,1547.94,United Kingdom,5.76984126984127,2.9835714285714285,Kaybedilme Riski (Değerli),Yüksek İndirim / Kişisel Teklif
17455,204,1,131.7,United Kingdom,8.25,2.825,Pasif/Kaybedilmiş,Geri Kazanma Kampanyası
17456,365,2,975.56,United Kingdom,8.466666666666667,3.3371666666666666,Orta Segment,Çapraz Satış Önerisi
17457,127,14,5984.81,United Kingdom,42.109375,2.83046875,Orta Segment,Çapraz Satış Önerisi
17458,15,2,529.58,United Kingdom,3.2790697674418605,2.4840697674418606,Orta Segment,Çapraz Satış Önerisi
17459,43,2,657.3,United Kingdom,4.837837837837838,1.9172072072072073,Orta Segment,Çapraz Satış Önerisi
17460,94,16,2157.97,United Kingdom,6.963503649635037,3.6644525547445257,Orta Segment,Çapraz Satış Önerisi
17461,23,3,735.82,United Kingdom,7.264150943396227,2.4043396226415097,Orta Segment,Çapraz Satış Önerisi
17462,60,2,675.69,United Kingdom,8.407407407407407,3.8862962962962966,Orta Segment,Çapraz Satış Önerisi
17463,16,7,2535.26,United Kingdom,4.6835443037974684,2.7740506329113925,Sadık Müşteri,Sadakat Programı / Erken Erişim
17464,158,3,907.14,United Kingdom,15.58974358974359,2.448974358974359,Orta Segment,Çapraz Satış Önerisi
17465,426,7,2542.79,United Kingdom,10.401408450704226,3.1200704225352114,Kaybedilme Riski (Değerli),Yüksek İndirim / Kişisel Teklif
17466,10,2,763.28,United Kingdom,7.463414634146342,4.690975609756098,Orta Segment,Çapraz Satış Önerisi
17467,395,1,102.6,United Kingdom,5.0,6.625,Pasif/Kaybedilmiş,Geri Kazanma Kampanyası
17468,10,3,194.8,United Kingdom,23.0,1.05,Orta Segment,Çapraz Satış Önerisi
17469,16,17,5051.25,United Kingdom,8.629213483146067,3.4142696629213485,Sadık Müşteri,Sadakat Programı / Erken Erişim
17470,45,11,2626.47,United Kingdom,17.61935483870968,1.5563870967741935,Sadık Müşteri,Sadakat Programı / Erken Erişim
17471,475,1,321.65,United Kingdom,8.052631578947368,2.805263157894737,Pasif/Kaybedilmiş,Geri Kazanma Kampanyası
17472,191,4,922.35,United Kingdom,2.4708520179372195,2.290044843049327,Orta Segment,Çapraz Satış Önerisi
17473,409,2,607.0,United Kingdom,7.9411764705882355,3.1941176470588233,Orta Segment,Çapraz Satış Önerisi
17474,600,1,1047.0,United Kingdom,33.333333333333336,6.008333333333333,Pasif/Kaybedilmiş,Geri Kazanma Kampanyası
17475,79,1,194.37,United Kingdom,12.714285714285714,1.7764285714285715,Orta Segment,Çapraz Satış Önerisi
17476,396,2,489.86,United Kingdom,7.225806451612903,5.893225806451613,Orta Segment,Çapraz Satış Önerisi
17477,613,2,1144.3,United Kingdom,5.113636363636363,6.013181818181818,Orta Segment,Çapraz Satış Önerisi
17478,408,2,1272.8,United Kingdom,12.9,3.45075,Orta Segment,Çapraz Satış Önerisi
17479,633,1,389.26,United Kingdom,14.777777777777779,1.9966666666666666,Pasif/Kaybedilmiş,Geri Kazanma Kampanyası
17480,78,2,882.23,United Kingdom,10.962264150943396,1.951132075471698,Orta Segment,Çapraz Satış Önerisi
17481,4,4,1255.59,United Kingdom,12.939024390243903,2.549390243902439,Sadık Müşteri,Sadakat Programı / Erken Erişim
17482,487,2,775.64,United Kingdom,4.528301886792453,4.37433962264151,Orta Segment,Çapraz Satış Önerisi
17483,65,4,591.73,United Kingdom,9.464285714285714,3.3696428571428574,Orta Segment,Çapraz Satış Önerisi
17484,576,2,209.57,United Kingdom,24.214285714285715,2.343571428571429,Orta Segment,Çapraz Satış Önerisi
17486,261,1,396.87,United Kingdom,7.958333333333333,2.89625,Pasif/Kaybedilmiş,Geri Kazanma Kampanyası
17487,728,1,160.55,United Kingdom,4.625,6.0625,Pasif/Kaybedilmiş,Geri Kazanma Kampanyası
17488,641,1,336.5,United Kingdom,7.555555555555555,3.0944444444444446,Pasif/Kaybedilmiş,Geri Kazanma Kampanyası
17489,59,2,376.64,United Kingdom,14.758620689655173,1.076896551724138,Orta Segment,Çapraz Satış Önerisi
17490,1,9,2750.5,United Kingdom,13.198275862068966,2.949310344827586,Sadık Müşteri,Sadakat Programı / Erken Erişim
17491,1,17,5653.67,United Kingdom,18.994350282485875,2.9157062146892656,Sadık Müşteri,Sadakat Programı / Erken Erişim
17492,248,3,1122.42,United Kingdom,11.538461538461538,3.80974358974359,Orta Segment,Çapraz Satış Önerisi
17493,385,1,100.91,United Kingdom,7.75,2.89875,Pasif/Kaybedilmiş,Geri Kazanma Kampanyası
17494,502,1,54.7,United Kingdom,8.666666666666666,4.283333333333333,Pasif/Kaybedilmiş,Geri Kazanma Kampanyası
17495,8,3,806.72,United Kingdom,7.645833333333333,3.8322916666666664,Orta Segment,Çapraz Satış Önerisi
17496,359,4,1412.89,United Kingdom,9.375,4.319166666666667,Kaybedilme Riski (Değerli),Yüksek İndirim / Kişisel Teklif
17497,390,2,287.25,United Kingdom,8.428571428571429,7.192857142857143,Orta Segment,Çapraz Satış Önerisi
17498,76,1,272.22,United Kingdom,23.176470588235293,2.0194117647058825,Orta Segment,Çapraz Satış Önerisi
17499,290,2,1341.39,United Kingdom,15.295774647887324,2.8359154929577466,Orta Segment,Çapraz Satış Önerisi
17500,17,3,1138.0,United Kingdom,3.4,54.3,Orta Segment,Çapraz Satış Önerisi
17501,221,2,288.6,United Kingdom,8.88888888888889,3.4944444444444445,Orta Segment,Çapraz Satış Önerisi
17502,9,4,689.1,United Kingdom,13.428571428571429,2.8096428571428573,Sadık Müşteri,Sadakat Programı / Erken Erişim
17503,3,2,558.96,United Kingdom,12.789473684210526,2.3276315789473685,Orta Segment,Çapraz Satış Önerisi
17504,206,18,9490.17,United Kingdom,15.847953216374268,2.9323684210526317,Kaybedilme Riski (Değerli),Yüksek İndirim / Kişisel Teklif
17505,162,5,2435.48,United Kingdom,12.176470588235293,3.2430392156862746,Orta Segment,Çapraz Satış Önerisi
17506,76,1,302.2,United Kingdom,9.928571428571429,3.6342857142857143,Orta Segment,Çapraz Satış Önerisi
17507,262,2,605.58,United Kingdom,4.079545454545454,2.6617045454545454,Orta Segment,Çapraz Satış Önerisi
17508,281,8,4579.23,Greece,12.515151515151516,2.9346753246753243,Kaybedilme Riski (Değerli),Yüksek İndirim / Kişisel Teklif
17509,58,8,6083.64,United Kingdom,9.648351648351648,2.2636538461538462,Sadık Müşteri,Sadakat Programı / Erken Erişim
17510,25,2,514.56,United Kingdom,12.057142857142857,1.933142857142857,Orta Segment,Çapraz Satış Önerisi
17511,3,60,172132.87,United Kingdom,62.726980728051394,2.3997858672376875,Sadık Müşteri,Sadakat Programı / Erken Erişim
17512,29,18,5467.82,United Kingdom,27.583756345177665,1.913451776649746,Sadık Müşteri,Sadakat Programı / Erken Erişim
17513,72,3,1158.8,United Kingdom,24.444444444444443,3.253888888888889,Orta Segment,Çapraz Satış Önerisi
17514,128,2,522.0,United Kingdom,3.4216867469879517,2.34,Orta Segment,Çapraz Satış Önerisi
17515,31,9,1602.51,United Kingdom,2.9441340782122905,4.9386592178770945,Sadık Müşteri,Sadakat Programı / Erken Erişim
17516,15,6,947.5,United Kingdom,2.7329842931937174,2.6540314136125653,Sadık Müşteri,Sadakat Programı / Erken Erişim
17517,309,1,153.94,United Kingdom,9.272727272727273,2.5381818181818185,Pasif/Kaybedilmiş,Geri Kazanma Kampanyası
17518,426,2,329.42,United Kingdom,3.4675324675324677,2.3902597402597405,Orta Segment,Çapraz Satış Önerisi
17519,17,15,4774.17,United Kingdom,15.833333333333334,3.5201960784313724,Sadık Müşteri,Sadakat Programı / Erken Erişim
17520,54,1,546.81,United Kingdom,12.166666666666666,3.2976666666666663,Yeni / Potansiyel Müşteri,Hoş Geldin Kampanyası
17521,30,5,1278.06,United Kingdom,10.333333333333334,2.7164102564102564,Sadık Müşteri,Sadakat Programı / Erken Erişim
17522,2,5,1066.15,United Kingdom,14.194444444444445,1.9662499999999998,Sadık Müşteri,Sadakat Programı / Erken Erişim
17523,11,4,652.74,United Kingdom,26.424242424242426,3.128181818181818,Sadık Müşteri,Sadakat Programı / Erken Erişim
17524,361,3,539.14,United Kingdom,8.418604651162791,2.117674418604651,Orta Segment,Çapraz Satış Önerisi
17525,360,3,1161.9,United Kingdom,13.0,5.053846153846154,Orta Segment,Çapraz Satış Önerisi
17526,5,12,3939.24,United Kingdom,15.673913043478262,6.029782608695652,Sadık Müşteri,Sadakat Programı / Erken Erişim
17527,54,4,939.37,United Kingdom,10.382978723404255,3.408936170212766,Sadık Müşteri,Sadakat Programı / Erken Erişim
17528,1,8,3628.5,United Kingdom,8.450592885375494,3.161818181818182,Sadık Müşteri,Sadakat Programı / Erken Erişim
17529,610,2,1240.25,United Kingdom,9.634146341463415,3.7251219512195117,Orta Segment,Çapraz Satış Önerisi
17530,1,12,2787.1,United Kingdom,3.6589473684210527,2.370378947368421,Sadık Müşteri,Sadakat Programı / Erken Erişim
17531,190,3,1266.82,United Kingdom,8.137931034482758,4.269655172413794,Orta Segment,Çapraz Satış Önerisi
17532,386,1,65.34,United Kingdom,7.5,2.6175,Pasif/Kaybedilmiş,Geri Kazanma Kampanyası
17533,435,1,34.8,United Kingdom,24.0,1.45,Pasif/Kaybedilmiş,Geri Kazanma Kampanyası
17534,54,5,1668.83,United Kingdom,9.347826086956522,2.7715217391304345,Sadık Müşteri,Sadakat Programı / Erken Erişim
17535,280,1,164.4,United Kingdom,10.461538461538462,1.473076923076923,Pasif/Kaybedilmiş,Geri Kazanma Kampanyası
17536,177,3,364.83,United Kingdom,12.5625,4.5337499999999995,Orta Segment,Çapraz Satış Önerisi
17537,30,2,887.67,United Kingdom,9.445945945945946,2.561891891891892,Orta Segment,Çapraz Satış Önerisi
17538,26,1,98.42,United Kingdom,14.88888888888889,1.1933333333333334,Yeni / Potansiyel Müşteri,Hoş Geldin Kampanyası
17539,628,3,1161.84,United Kingdom,4.944055944055944,2.816223776223776,Orta Segment,Çapraz Satış Önerisi
17540,25,6,1590.6,United Kingdom,9.1875,3.1,Sadık Müşteri,Sadakat Programı / Erken Erişim
17541,510,1,119.86,United Kingdom,1.4193548387096775,3.3796774193548385,Pasif/Kaybedilmiş,Geri Kazanma Kampanyası
17542,270,3,340.85,United Kingdom,5.046875,2.30140625,Orta Segment,Çapraz Satış Önerisi
17543,550,1,120.05,United Kingdom,4.769230769230769,3.476923076923077,Pasif/Kaybedilmiş,Geri Kazanma Kampanyası
17544,390,3,944.82,United Kingdom,4.659090909090909,3.515,Orta Segment,Çapraz Satış Önerisi
17545,43,6,1409.86,United Kingdom,2.623076923076923,2.613423076923077,Sadık Müşteri,Sadakat Programı / Erken Erişim
17547,376,2,727.85,United Kingdom,7.193548387096774,4.633870967741935,Orta Segment,Çapraz Satış Önerisi
17548,234,4,731.26,United Kingdom,14.529411764705882,1.871764705882353,Orta Segment,Çapraz Satış Önerisi
17549,24,2,148.86,United Kingdom,35.0,1.7666666666666666,Orta Segment,Çapraz Satış Önerisi
17550,197,9,2506.64,United Kingdom,3.015576323987539,3.0977258566978194,Kaybedilme Riski (Değerli),Yüksek İndirim / Kişisel Teklif
17551,359,1,290.34,United Kingdom,3.641025641025641,2.5902564102564103,Pasif/Kaybedilmiş,Geri Kazanma Kampanyası
17552,60,12,2786.77,United Kingdom,13.643356643356643,2.448671328671329,Orta Segment,Çapraz Satış Önerisi
17553,130,4,3757.6,United Kingdom,381.3333333333333,2.8666666666666667,Orta Segment,Çapraz Satış Önerisi
17554,1,5,1952.45,United Kingdom,20.03409090909091,3.0594318181818183,Sadık Müşteri,Sadakat Programı / Erken Erişim
17555,20,5,1045.74,United Kingdom,2.7992424242424243,1.9891666666666665,Sadık Müşteri,Sadakat Programı / Erken Erişim
17556,206,2,300.67,United Kingdom,13.142857142857142,3.3314285714285714,Orta Segment,Çapraz Satış Önerisi
17557,14,4,575.46,United Kingdom,8.857142857142858,2.867714285714286,Sadık Müşteri,Sadakat Programı / Erken Erişim
17558,393,1,259.17,United Kingdom,1.9285714285714286,4.497142857142857,Pasif/Kaybedilmiş,Geri Kazanma Kampanyası
17559,513,1,167.62,United Kingdom,22.5,0.7866666666666666,Pasif/Kaybedilmiş,Geri Kazanma Kampanyası
17560,95,8,1895.8,United Kingdom,28.87272727272727,2.322909090909091,Orta Segment,Çapraz Satış Önerisi
17561,19,4,703.02,United Kingdom,1.9947643979057592,2.5168586387434555,Sadık Müşteri,Sadakat Programı / Erken Erişim
17562,14,7,1122.38,United Kingdom,12.968253968253968,1.8968253968253967,Sadık Müşteri,Sadakat Programı / Erken Erişim
17563,578,2,392.38,United Kingdom,8.827586206896552,2.476551724137931,Orta Segment,Çapraz Satış Önerisi
17564,24,3,454.01,United Kingdom,2.979591836734694,3.722448979591837,Orta Segment,Çapraz Satış Önerisi
17565,587,1,131.83,United Kingdom,2.2333333333333334,2.8463333333333334,Pasif/Kaybedilmiş,Geri Kazanma Kampanyası
17566,8,2,869.77,United Kingdom,3.5,2.6519718309859153,Orta Segment,Çapraz Satış Önerisi
17567,7,9,4838.08,United Kingdom,14.83673469387755,2.3495408163265306,Sadık Müşteri,Sadakat Programı / Erken Erişim
17568,633,1,374.45,United Kingdom,4.435483870967742,1.562741935483871,Pasif/Kaybedilmiş,Geri Kazanma Kampanyası
17569,332,1,344.14,United Kingdom,5.482758620689655,3.3531034482758617,Pasif/Kaybedilmiş,Geri Kazanma Kampanyası
17571,50,5,1629.66,United Kingdom,3.0555555555555554,2.7214814814814816,Sadık Müşteri,Sadakat Programı / Erken Erişim
17572,71,10,652.21,United Kingdom,10.21875,2.6215625,Orta Segment,Çapraz Satış Önerisi
17573,29,3,380.6,United Kingdom,12.32,2.2028,Orta Segment,Çapraz Satış Önerisi
17574,243,1,185.65,United Kingdom,9.625,3.3162499999999997,Pasif/Kaybedilmiş,Geri Kazanma Kampanyası
17575,667,1,171.7,United Kingdom,14.4,6.159999999999999,Pasif/Kaybedilmiş,Geri Kazanma Kampanyası
17576,8,41,8705.6,United Kingdom,5.15445321307779,3.1810484780157835,Sadık Müşteri,Sadakat Programı / Erken Erişim
17577,645,2,348.75,United Kingdom,8.523809523809524,2.4714285714285715,Orta Segment,Çapraz Satış Önerisi
17578,218,7,1047.33,United Kingdom,8.138461538461538,3.534307692307692,Orta Segment,Çapraz Satış Önerisi
17579,5,4,753.28,United Kingdom,3.9893617021276597,3.4324468085106385,Sadık Müşteri,Sadakat Programı / Erken Erişim
17580,253,5,538.07,United Kingdom,2.3870967741935485,2.6648387096774195,Orta Segment,Çapraz Satış Önerisi
17581,1,43,17951.17,United Kingdom,11.737361282367448,2.996954377311961,Sadık Müşteri,Sadakat Programı / Erken Erişim
17582,236,5,1446.95,United Kingdom,4.942622950819672,3.1004098360655736,Kaybedilme Riski (Değerli),Yüksek İndirim / Kişisel Teklif
17583,560,1,135.95,United Kingdom,7.857142857142857,2.807142857142857,Pasif/Kaybedilmiş,Geri Kazanma Kampanyası
17584,7,6,5309.42,United Kingdom,19.870967741935484,4.133709677419355,Sadık Müşteri,Sadakat Programı / Erken Erişim
17585,109,7,2064.71,United Kingdom,6.536458333333333,1.8217187499999998,Orta Segment,Çapraz Satış Önerisi
17586,619,1,167.4,United Kingdom,8.5,2.975,Pasif/Kaybedilmiş,Geri Kazanma Kampanyası
17587,628,1,173.76,United Kingdom,1.6097560975609757,3.371463414634146,Pasif/Kaybedilmiş,Geri Kazanma Kampanyası
17588,100,7,2939.55,United Kingdom,19.422535211267604,4.59549295774648,Orta Segment,Çapraz Satış Önerisi
17589,60,18,13806.27,United Kingdom,6.6674364896073905,2.414565050038491,Orta Segment,Çapraz Satış Önerisi
17590,2,3,1466.77,United Kingdom,4.21025641025641,2.693076923076923,Orta Segment,Çapraz Satış Önerisi
17591,73,8,2339.32,United Kingdom,5.840909090909091,3.8150568181818185,Orta Segment,Çapraz Satış Önerisi
17592,739,1,148.3,United Kingdom,2.923076923076923,3.965384615384615,Pasif/Kaybedilmiş,Geri Kazanma Kampanyası
17593,4,11,8092.32,United Kingdom,13.713235294117647,2.7234068627450982,Sadık Müşteri,Sadakat Programı / Erken Erişim
17594,85,4,2497.88,United Kingdom,13.153846153846153,2.1908653846153845,Orta Segment,Çapraz Satış Önerisi
17595,12,2,386.69,United Kingdom,2.7804878048780486,2.502560975609756,Orta Segment,Çapraz Satış Önerisi
17596,23,13,4491.46,United Kingdom,14.423868312757202,1.9341769547325103,Sadık Müşteri,Sadakat Programı / Erken Erişim
17597,214,5,3484.09,United Kingdom,17.3046875,2.99359375,Kaybedilme Riski (Değerli),Yüksek İndirim / Kişisel Teklif
17598,381,1,409.98,United Kingdom,12.6,3.2689999999999997,Pasif/Kaybedilmiş,Geri Kazanma Kampanyası
17599,478,1,52.05,United Kingdom,3.6666666666666665,5.1499999999999995,Pasif/Kaybedilmiş,Geri Kazanma Kampanyası
17600,18,1,161.67,United Kingdom,11.076923076923077,3.5307692307692307,Yeni / Potansiyel Müşteri,Hoş Geldin Kampanyası
17601,239,2,412.66,United Kingdom,4.140845070422535,2.428732394366197,Orta Segment,Çapraz Satış Önerisi
17602,2,14,7354.43,United Kingdom,6.468646864686469,1.954939493949395,Sadık Müşteri,Sadakat Programı / Erken Erişim
17603,78,4,1788.38,United Kingdom,6.018867924528302,4.3521698113207545,Orta Segment,Çapraz Satış Önerisi
17604,217,6,942.38,United Kingdom,2.951923076923077,2.3180288461538465,Orta Segment,Çapraz Satış Önerisi
17605,590,1,160.75,United Kingdom,5.461538461538462,2.2115384615384617,Pasif/Kaybedilmiş,Geri Kazanma Kampanyası
17606,737,1,87.3,United Kingdom,7.0,2.216666666666667,Pasif/Kaybedilmiş,Geri Kazanma Kampanyası
17607,376,1,333.81,United Kingdom,12.227272727272727,2.44,Pasif/Kaybedilmiş,Geri Kazanma Kampanyası
17608,33,4,488.06,United Kingdom,3.3207547169811322,1.2025157232704402,Sadık Müşteri,Sadakat Programı / Erken Erişim
17609,41,11,1875.36,United Kingdom,3.356020942408377,2.179397905759162,Sadık Müşteri,Sadakat Programı / Erken Erişim
17610,540,5,1511.94,United Kingdom,5.798701298701299,2.9338311688311687,Kaybedilme Riski (Değerli),Yüksek İndirim / Kişisel Teklif
17611,7,28,8287.53,United Kingdom,4.762376237623762,2.665418541854186,Sadık Müşteri,Sadakat Programı / Erken Erişim
17612,53,18,5394.86,United Kingdom,10.355882352941176,3.2301470588235293,Sadık Müşteri,Sadakat Programı / Erken Erişim
17613,23,14,4544.55,United Kingdom,8.137254901960784,2.649313725490196,Sadık Müşteri,Sadakat Programı / Erken Erişim
17614,57,1,386.32,United Kingdom,2.3979591836734695,2.231224489795918,Yeni / Potansiyel Müşteri,Hoş Geldin Kampanyası
17615,130,6,721.8,United Kingdom,6.75,3.1457142857142855,Orta Segment,Çapraz Satış Önerisi
17616,174,4,734.4,United Kingdom,72.0,2.55,Orta Segment,Çapraz Satış Önerisi
17617,559,1,385.19,United Kingdom,13.833333333333334,2.567222222222222,Pasif/Kaybedilmiş,Geri Kazanma Kampanyası
17618,6,11,4001.64,United Kingdom,5.03641456582633,3.622577030812325,Sadık Müşteri,Sadakat Programı / Erken Erişim
17619,312,1,214.37,United Kingdom,1.6756756756756757,1.8206756756756755,Pasif/Kaybedilmiş,Geri Kazanma Kampanyası
17620,60,1,81.44,United Kingdom,15.0,2.7575,Orta Segment,Çapraz Satış Önerisi
17621,21,6,3175.12,United Kingdom,16.818181818181817,3.401969696969697,Sadık Müşteri,Sadakat Programı / Erken Erişim
17622,598,2,1130.21,United Kingdom,9.973684210526315,4.117894736842105,Orta Segment,Çapraz Satış Önerisi
17623,33,7,2365.77,United Kingdom,4.118556701030927,4.442835051546392,Sadık Müşteri,Sadakat Programı / Erken Erişim
17624,15,4,1568.63,United Kingdom,9.876288659793815,3.1226804123711336,Sadık Müşteri,Sadakat Programı / Erken Erişim
17625,18,8,5978.9,United Kingdom,5.131771595900439,2.467994143484627,Sadık Müşteri,Sadakat Programı / Erken Erişim
17626,603,1,254.0,United Kingdom,11.222222222222221,1.8783333333333334,Pasif/Kaybedilmiş,Geri Kazanma Kampanyası
17627,479,1,296.36,United Kingdom,67.6,1.8690000000000002,Pasif/Kaybedilmiş,Geri Kazanma Kampanyası
17628,81,1,75.75,United Kingdom,15.8,2.41,Orta Segment,Çapraz Satış Önerisi
17629,6,10,2455.52,United Kingdom,12.198717948717949,2.480769230769231,Sadık Müşteri,Sadakat Programı / Erken Erişim
17630,170,2,503.6,United Kingdom,6.076923076923077,7.825000000000001,Orta Segment,Çapraz Satış Önerisi
17631,2,7,998.49,United Kingdom,8.565217391304348,3.552753623188406,Sadık Müşteri,Sadakat Programı / Erken Erişim
17633,31,7,2057.39,United Kingdom,8.900990099009901,3.2363366336633663,Sadık Müşteri,Sadakat Programı / Erken Erişim
17634,36,9,2358.59,United Kingdom,2.831081081081081,3.7335810810810814,Sadık Müşteri,Sadakat Programı / Erken Erişim
17635,424,3,1265.58,United Kingdom,10.405405405405405,2.7762162162162163,Orta Segment,Çapraz Satış Önerisi
17636,19,1,285.56,United Kingdom,9.1,2.3905000000000003,Yeni / Potansiyel Müşteri,Hoş Geldin Kampanyası
17637,31,2,547.06,United Kingdom,8.0,3.432857142857143,Orta Segment,Çapraz Satış Önerisi
17638,647,2,842.4,United Kingdom,144.0,1.95,Orta Segment,Çapraz Satış Önerisi
17639,276,6,615.17,United Kingdom,7.291139240506329,2.418987341772152,Orta Segment,Çapraz Satış Önerisi
17640,87,6,3168.94,United Kingdom,25.636363636363637,2.330909090909091,Orta Segment,Çapraz Satış Önerisi
17642,120,5,1824.49,United Kingdom,13.657407407407407,2.1300925925925926,Orta Segment,Çapraz Satış Önerisi
17643,373,2,439.7,United Kingdom,7.290322580645161,3.4596774193548385,Orta Segment,Çapraz Satış Önerisi
17644,1,20,6028.6,United Kingdom,10.608562691131498,3.1003363914373088,Sadık Müşteri,Sadakat Programı / Erken Erişim
17646,219,12,3898.79,United Kingdom,6.673469387755102,5.224336734693877,Kaybedilme Riski (Değerli),Yüksek İndirim / Kişisel Teklif
17647,65,3,331.66,United Kingdom,6.833333333333333,6.2941666666666665,Orta Segment,Çapraz Satış Önerisi
17648,61,5,2216.37,United Kingdom,7.632,4.53184,Orta Segment,Çapraz Satış Önerisi
17649,138,3,1578.89,United Kingdom,7.377551020408164,3.6543877551020407,Orta Segment,Çapraz Satış Önerisi
17650,21,1,166.08,United Kingdom,18.75,1.89625,Yeni / Potansiyel Müşteri,Hoş Geldin Kampanyası
17651,12,16,5703.52,United Kingdom,12.30722891566265,2.2889759036144577,Sadık Müşteri,Sadakat Programı / Erken Erişim
17652,25,12,4867.72,United Kingdom,9.687258687258687,3.3447490347490345,Sadık Müşteri,Sadakat Programı / Erken Erişim
17653,37,4,1207.56,United Kingdom,32.02272727272727,4.069090909090909,Sadık Müşteri,Sadakat Programı / Erken Erişim
17654,277,1,117.55,United Kingdom,1.8636363636363635,3.1568181818181817,Pasif/Kaybedilmiş,Geri Kazanma Kampanyası
17655,11,9,2976.38,United Kingdom,11.423423423423424,4.615945945945946,Sadık Müşteri,Sadakat Programı / Erken Erişim
17656,73,5,1674.69,United Kingdom,17.0609756097561,2.772560975609756,Orta Segment,Çapraz Satış Önerisi
17657,430,1,126.0,United Kingdom,8.571428571428571,2.25,Pasif/Kaybedilmiş,Geri Kazanma Kampanyası
17658,26,2,595.42,United Kingdom,32.421052631578945,2.561052631578947,Orta Segment,Çapraz Satış Önerisi
17659,17,14,3586.99,United Kingdom,9.125,4.00671875,Sadık Müşteri,Sadakat Programı / Erken Erişim
17660,141,2,342.22,United Kingdom,3.158536585365854,2.206829268292683,Orta Segment,Çapraz Satış Önerisi
17662,662,2,412.92,United Kingdom,12.266666666666667,4.554,Orta Segment,Çapraz Satış Önerisi
17663,26,17,5175.83,United Kingdom,9.65126050420168,4.485840336134454,Sadık Müşteri,Sadakat Programı / Erken Erişim
17664,19,4,1166.23,United Kingdom,13.225,2.098,Sadık Müşteri,Sadakat Programı / Erken Erişim
17665,493,1,563.1,United Kingdom,36.31578947368421,1.513157894736842,Pasif/Kaybedilmiş,Geri Kazanma Kampanyası
17666,4,5,2047.8,United Kingdom,35.27272727272727,1.845909090909091,Sadık Müşteri,Sadakat Programı / Erken Erişim
17667,66,9,3950.7,United Kingdom,9.530434782608696,3.2806521739130434,Orta Segment,Çapraz Satış Önerisi
17668,1,2,347.75,United Kingdom,6.2,7.336666666666667,Orta Segment,Çapraz Satış Önerisi
17669,43,10,6142.35,United Kingdom,24.34027777777778,2.110138888888889,Sadık Müşteri,Sadakat Programı / Erken Erişim
17670,228,1,205.7,United Kingdom,10.0,2.590909090909091,Pasif/Kaybedilmiş,Geri Kazanma Kampanyası
17671,16,5,2009.16,United Kingdom,13.16,3.4408,Sadık Müşteri,Sadakat Programı / Erken Erişim
17672,50,6,5663.74,United Kingdom,13.448780487804878,3.7219512195121953,Sadık Müşteri,Sadakat Programı / Erken Erişim
17673,2,13,4173.88,United Kingdom,6.477317554240631,1.6666666666666667,Sadık Müşteri,Sadakat Programı / Erken Erişim
17674,74,2,551.04,United Kingdom,24.88888888888889,0.7588888888888888,Orta Segment,Çapraz Satış Önerisi
17675,1,70,37642.48,United Kingdom,14.498207885304659,3.4607526881720427,Sadık Müşteri,Sadakat Programı / Erken Erişim
17676,4,10,2448.64,United Kingdom,11.91891891891892,1.9028378378378379,Sadık Müşteri,Sadakat Programı / Erken Erişim
17677,2,54,35058.46,United Kingdom,30.541605839416057,2.685240875912409,Sadık Müşteri,Sadakat Programı / Erken Erişim
17678,264,2,599.76,United Kingdom,13.142857142857142,3.097142857142857,Orta Segment,Çapraz Satış Önerisi
17679,53,7,3577.61,United Kingdom,21.666666666666668,3.1351851851851853,Sadık Müşteri,Sadakat Programı / Erken Erişim
17680,24,3,497.45,United Kingdom,7.75,5.567500000000001,Orta Segment,Çapraz Satış Önerisi
17681,597,5,731.2,United Kingdom,32.142857142857146,2.7621428571428575,Orta Segment,Çapraz Satış Önerisi
17682,10,11,4065.28,United Kingdom,10.368181818181819,2.4547272727272724,Sadık Müşteri,Sadakat Programı / Erken Erişim
17683,386,3,819.01,United Kingdom,16.97826086956522,2.1032608695652173,Orta Segment,Çapraz Satış Önerisi
17684,44,1,239.41,United Kingdom,9.666666666666666,2.916,Yeni / Potansiyel Müşteri,Hoş Geldin Kampanyası
17685,17,12,5454.95,United Kingdom,17.545454545454547,1.988939393939394,Sadık Müşteri,Sadakat Programı / Erken Erişim
17686,7,9,8296.81,United Kingdom,8.351981351981353,3.7993706293706295,Sadık Müşteri,Sadakat Programı / Erken Erişim
17687,421,1,432.68,United Kingdom,8.076923076923077,2.8246153846153845,Pasif/Kaybedilmiş,Geri Kazanma Kampanyası
17688,394,1,304.2,United Kingdom,6.0,3.823684210526316,Pasif/Kaybedilmiş,Geri Kazanma Kampanyası
17689,388,2,317.08,United Kingdom,13.636363636363637,1.199090909090909,Orta Segment,Çapraz Satış Önerisi
17690,30,20,6963.8,United Kingdom,8.16388888888889,5.270083333333333,Sadık Müşteri,Sadakat Programı / Erken Erişim
17691,358,4,637.55,United Kingdom,7.325581395348837,3.238372093023256,Orta Segment,Çapraz Satış Önerisi
17692,127,12,2960.44,United Kingdom,14.22360248447205,1.9127329192546583,Orta Segment,Çapraz Satış Önerisi
17693,137,1,200.47,United Kingdom,14.4375,2.0825,Orta Segment,Çapraz Satış Önerisi
17694,142,3,1695.97,United Kingdom,18.432098765432098,1.6760493827160492,Orta Segment,Çapraz Satış Önerisi
17695,132,5,1746.04,United Kingdom,29.65573770491803,1.2801639344262297,Orta Segment,Çapraz Satış Önerisi
17696,38,27,7679.59,United Kingdom,16.13972602739726,2.17613698630137,Sadık Müşteri,Sadakat Programı / Erken Erişim
17697,236,1,338.95,United Kingdom,4.894736842105263,5.084210526315789,Pasif/Kaybedilmiş,Geri Kazanma Kampanyası
17698,261,1,154.95,United Kingdom,11.625,2.1375,Pasif/Kaybedilmiş,Geri Kazanma Kampanyası
17699,477,2,442.0,United Kingdom,10.947368421052632,3.2868421052631582,Orta Segment,Çapraz Satış Önerisi
17700,17,14,6679.97,United Kingdom,9.636111111111111,3.526611111111111,Sadık Müşteri,Sadakat Programı / Erken Erişim
17701,253,1,417.95,United Kingdom,4.541666666666667,5.754166666666666,Pasif/Kaybedilmiş,Geri Kazanma Kampanyası
17702,30,6,3144.04,United Kingdom,14.071895424836601,2.188562091503268,Sadık Müşteri,Sadakat Programı / Erken Erişim
17703,35,4,1094.84,United Kingdom,11.5,1.5642307692307693,Sadık Müşteri,Sadakat Programı / Erken Erişim
17704,169,2,885.19,United Kingdom,11.064516129032258,3.918709677419355,Orta Segment,Çapraz Satış Önerisi
17705,3,11,2083.9,United Kingdom,10.841666666666667,2.8125,Sadık Müşteri,Sadakat Programı / Erken Erişim
17706,4,31,20272.15,United Kingdom,10.616010854816825,3.9664993215739486,Sadık Müşteri,Sadakat Programı / Erken Erişim
17707,185,8,609.3,United Kingdom,22.75,1.6875,Orta Segment,Çapraz Satış Önerisi
17708,188,4,884.18,United Kingdom,5.301369863013699,3.238082191780822,Orta Segment,Çapraz Satış Önerisi
17709,170,5,671.01,United Kingdom,7.375,6.0435,Orta Segment,Çapraz Satış Önerisi
17710,424,1,293.5,United Kingdom,7.9,4.0085,Pasif/Kaybedilmiş,Geri Kazanma Kampanyası
17711,11,2,385.1,United Kingdom,10.695652173913043,2.4530434782608697,Orta Segment,Çapraz Satış Önerisi
17712,45,1,522.91,United Kingdom,7.413793103448276,4.665172413793103,Yeni / Potansiyel Müşteri,Hoş Geldin Kampanyası
17713,382,4,1198.09,United Kingdom,13.013157894736842,2.8776315789473683,Orta Segment,Çapraz Satış Önerisi
17714,321,5,1410.18,United Kingdom,7.506172839506172,4.428641975308642,Kaybedilme Riski (Değerli),Yüksek İndirim / Kişisel Teklif
17715,201,2,489.6,United Kingdom,288.0,0.85,Orta Segment,Çapraz Satış Önerisi
17716,23,24,15956.97,United Kingdom,14.6738768718802,2.7211813643926788,Sadık Müşteri,Sadakat Programı / Erken Erişim
17717,421,1,376.92,United Kingdom,13.23076923076923,1.8615384615384616,Pasif/Kaybedilmiş,Geri Kazanma Kampanyası
17718,232,2,439.18,United Kingdom,11.91304347826087,3.0456521739130435,Orta Segment,Çapraz Satış Önerisi
17719,38,15,5396.04,United Kingdom,9.0,4.476167883211679,Sadık Müşteri,Sadakat Programı / Erken Erişim
17720,26,10,2666.91,United Kingdom,12.037878787878787,4.2912878787878785,Sadık Müşteri,Sadakat Programı / Erken Erişim
17721,659,1,307.21,United Kingdom,9.727272727272727,4.173636363636364,Pasif/Kaybedilmiş,Geri Kazanma Kampanyası
17722,96,5,3520.22,United Kingdom,13.862068965517242,2.890344827586207,Orta Segment,Çapraz Satış Önerisi
17723,127,7,3378.4,United Kingdom,76.0,3.5333333333333337,Orta Segment,Çapraz Satış Önerisi
17724,71,3,1033.0,United Kingdom,7.5,4.37125,Orta Segment,Çapraz Satış Önerisi
17725,16,11,3439.08,United Kingdom,11.260416666666666,2.5801041666666666,Sadık Müşteri,Sadakat Programı / Erken Erişim
17726,395,7,1092.06,United Kingdom,6.9375,3.47,Orta Segment,Çapraz Satış Önerisi
17727,15,1,1060.25,United Kingdom,9.772727272727273,3.1312121212121213,Yeni / Potansiyel Müşteri,Hoş Geldin Kampanyası
17728,4,5,4238.76,United Kingdom,8.795081967213115,3.433237704918033,Sadık Müşteri,Sadakat Programı / Erken Erişim
17729,596,1,438.65,United Kingdom,10.73913043478261,3.067391304347826,Pasif/Kaybedilmiş,Geri Kazanma Kampanyası
17730,3,20,7773.8,United Kingdom,16.878980891719745,1.9353821656050956,Sadık Müşteri,Sadakat Programı / Erken Erişim
17731,79,6,1708.99,United Kingdom,7.141414141414141,4.432424242424243,Orta Segment,Çapraz Satış Önerisi
17732,373,8,2166.42,United Kingdom,8.672131147540984,4.515081967213115,Kaybedilme Riski (Değerli),Yüksek İndirim / Kişisel Teklif
17733,39,2,692.19,United Kingdom,13.228571428571428,2.959142857142857,Orta Segment,Çapraz Satış Önerisi
17734,54,6,1442.32,United Kingdom,8.616279069767442,3.252441860465116,Sadık Müşteri,Sadakat Programı / Erken Erişim
17735,2,26,16790.33,United Kingdom,12.223112128146454,2.482620137299771,Sadık Müşteri,Sadakat Programı / Erken Erişim
17736,9,3,377.44,United Kingdom,9.52,5.2212,Orta Segment,Çapraz Satış Önerisi
17737,9,2,168.24,United Kingdom,10.8,2.414,Orta Segment,Çapraz Satış Önerisi
17738,19,13,4183.56,United Kingdom,12.069565217391304,2.8272173913043477,Sadık Müşteri,Sadakat Programı / Erken Erişim
17739,12,18,7730.59,United Kingdom,15.671140939597315,4.2102684563758395,Sadık Müşteri,Sadakat Programı / Erken Erişim
17740,389,6,426.9,United Kingdom,24.666666666666668,2.192222222222222,Orta Segment,Çapraz Satış Önerisi
17741,407,2,101.1,United Kingdom,19.0,1.1333333333333333,Orta Segment,Çapraz Satış Önerisi
17742,113,11,2098.48,United Kingdom,7.682352941176471,7.747529411764705,Orta Segment,Çapraz Satış Önerisi
17743,448,1,229.2,United Kingdom,32.0,2.45,Pasif/Kaybedilmiş,Geri Kazanma Kampanyası
17744,4,7,2649.14,United Kingdom,25.337748344370862,0.9196688741721855,Sadık Müşteri,Sadakat Programı / Erken Erişim
17745,478,2,600.34,United Kingdom,5.857142857142857,6.6207142857142856,Orta Segment,Çapraz Satış Önerisi
17746,240,4,904.18,United Kingdom,19.11111111111111,3.072777777777778,Orta Segment,Çapraz Satış Önerisi
17747,113,1,71.4,United Kingdom,12.0,5.95,Orta Segment,Çapraz Satış Önerisi
17748,527,1,358.15,United Kingdom,6.529411764705882,4.497058823529412,Pasif/Kaybedilmiş,Geri Kazanma Kampanyası
17749,178,3,1026.18,United Kingdom,7.824561403508772,5.157368421052632,Orta Segment,Çapraz Satış Önerisi
17750,5,9,1694.16,United Kingdom,20.307692307692307,0.6767032967032967,Sadık Müşteri,Sadakat Programı / Erken Erişim
17751,421,1,157.86,United Kingdom,4.59375,2.1071875,Pasif/Kaybedilmiş,Geri Kazanma Kampanyası
17752,359,1,80.64,United Kingdom,192.0,0.42,Pasif/Kaybedilmiş,Geri Kazanma Kampanyası
17753,464,4,382.06,United Kingdom,1.7971014492753623,2.8657971014492754,Orta Segment,Çapraz Satış Önerisi
17754,1,13,4451.22,United Kingdom,19.57847533632287,1.2418385650224215,Sadık Müşteri,Sadakat Programı / Erken Erişim
17756,376,3,728.75,United Kingdom,4.75,2.7920238095238097,Orta Segment,Çapraz Satış Önerisi
17757,1,56,9070.1,United Kingdom,3.988853503184713,2.812205414012739,Sadık Müşteri,Sadakat Programı / Erken Erişim
17758,19,12,4964.03,United Kingdom,6.058712121212121,2.4145833333333333,Sadık Müşteri,Sadakat Programı / Erken Erişim
17759,17,5,1260.63,United Kingdom,7.303030303030303,2.3967424242424245,Sadık Müşteri,Sadakat Programı / Erken Erişim
17760,22,6,746.39,United Kingdom,7.925373134328358,2.565074626865672,Sadık Müşteri,Sadakat Programı / Erken Erişim
17761,33,1,712.78,United Kingdom,20.94736842105263,3.142105263157895,Yeni / Potansiyel Müşteri,Hoş Geldin Kampanyası
17762,456,1,129.75,United Kingdom,7.588235294117647,1.918235294117647,Pasif/Kaybedilmiş,Geri Kazanma Kampanyası
17763,263,4,86.15,United Kingdom,2.9285714285714284,3.0500000000000003,Orta Segment,Çapraz Satış Önerisi
17764,51,5,1513.57,United Kingdom,4.523489932885906,3.1244295302013425,Sadık Müşteri,Sadakat Programı / Erken Erişim
17765,159,4,524.0,United Kingdom,2.4074074074074074,3.968888888888889,Orta Segment,Çapraz Satış Önerisi
17766,381,2,299.61,United Kingdom,7.045454545454546,2.8645454545454547,Orta Segment,Çapraz Satış Önerisi
17767,15,2,413.05,United Kingdom,5.076923076923077,2.5884615384615386,Orta Segment,Çapraz Satış Önerisi
17768,8,7,3292.73,United Kingdom,12.851648351648352,3.03521978021978,Sadık Müşteri,Sadakat Programı / Erken Erişim
17769,13,17,7053.38,United Kingdom,5.415094339622642,3.109468267581475,Sadık Müşteri,Sadakat Programı / Erken Erişim
17770,199,5,1143.27,United Kingdom,9.605263157894736,4.827105263157895,Orta Segment,Çapraz Satış Önerisi
17771,57,4,386.93,United Kingdom,5.426470588235294,2.6094117647058823,Sadık Müşteri,Sadakat Programı / Erken Erişim
17772,11,3,360.75,United Kingdom,1.1770833333333333,3.2728125,Orta Segment,Çapraz Satış Önerisi
17773,514,2,575.37,United Kingdom,4.618181818181818,3.1116363636363635,Orta Segment,Çapraz Satış Önerisi
17774,97,9,3272.83,United Kingdom,3.9974747474747474,3.253484848484848,Orta Segment,Çapraz Satış Önerisi
17775,255,1,56.4,United Kingdom,24.0,0.7833333333333333,Pasif/Kaybedilmiş,Geri Kazanma Kampanyası
17776,387,2,329.3,United Kingdom,3.4177215189873418,2.3988607594936706,Orta Segment,Çapraz Satış Önerisi
17777,25,3,647.56,United Kingdom,2.636842105263158,1.6206315789473684,Orta Segment,Çapraz Satış Önerisi
17778,662,1,197.7,United Kingdom,21.4,2.35,Pasif/Kaybedilmiş,Geri Kazanma Kampanyası
17779,21,3,650.32,United Kingdom,4.888888888888889,2.735925925925926,Orta Segment,Çapraz Satış Önerisi
17780,667,3,346.56,United Kingdom,1.9746835443037976,3.158481012658228,Orta Segment,Çapraz Satış Önerisi
17781,159,2,188.02,United Kingdom,2.8333333333333335,5.5566666666666675,Orta Segment,Çapraz Satış Önerisi
17782,383,2,679.02,United Kingdom,18.551724137931036,1.7620689655172415,Orta Segment,Çapraz Satış Önerisi
17783,72,3,376.96,United Kingdom,4.813186813186813,2.123846153846154,Orta Segment,Çapraz Satış Önerisi
17784,550,1,112.86,United Kingdom,3.130434782608696,3.0591304347826087,Pasif/Kaybedilmiş,Geri Kazanma Kampanyası
17785,53,3,403.38,United Kingdom,4.450980392156863,2.8162745098039217,Orta Segment,Çapraz Satış Önerisi
17786,85,2,266.85,United Kingdom,2.8676470588235294,2.1176470588235294,Orta Segment,Çapraz Satış Önerisi
17787,153,4,1817.54,United Kingdom,7.0,2.8246875,Orta Segment,Çapraz Satış Önerisi
17788,74,2,1112.95,United Kingdom,52.5,5.5375,Orta Segment,Çapraz Satış Önerisi
17789,281,2,397.15,United Kingdom,6.862068965517241,3.3517241379310345,Orta Segment,Çapraz Satış Önerisi
17790,27,20,2779.41,United Kingdom,4.5927152317880795,2.6739403973509934,Sadık Müşteri,Sadakat Programı / Erken Erişim
17791,30,1,106.1,United Kingdom,4.6,2.77,Yeni / Potansiyel Müşteri,Hoş Geldin Kampanyası
17792,467,2,368.35,United Kingdom,2.8653846153846154,3.4465384615384616,Orta Segment,Çapraz Satış Önerisi
17793,25,1,300.34,United Kingdom,4.346153846153846,3.7665384615384614,Yeni / Potansiyel Müşteri,Hoş Geldin Kampanyası
17794,687,2,147.3,United Kingdom,6.571428571428571,4.421428571428572,Orta Segment,Çapraz Satış Önerisi
17795,180,2,342.83,United Kingdom,6.777777777777778,1.9642222222222223,Orta Segment,Çapraz Satış Önerisi
17796,40,7,1236.39,United Kingdom,1.70935960591133,3.763251231527094,Sadık Müşteri,Sadakat Programı / Erken Erişim
17797,22,8,1971.87,United Kingdom,4.007380073800738,2.6982656826568268,Sadık Müşteri,Sadakat Programı / Erken Erişim
17798,582,1,172.17,United Kingdom,3.090909090909091,1.7934090909090907,Pasif/Kaybedilmiş,Geri Kazanma Kampanyası
17799,22,20,6246.93,United Kingdom,4.064159292035399,2.519347345132743,Sadık Müşteri,Sadakat Programı / Erken Erişim
17800,37,9,1186.21,United Kingdom,7.166666666666667,2.204901960784314,Sadık Müşteri,Sadakat Programı / Erken Erişim
17801,451,3,770.03,United Kingdom,10.123456790123457,1.5719753086419752,Orta Segment,Çapraz Satış Önerisi
17802,82,10,4946.22,United Kingdom,5.162213740458015,2.1754198473282442,Orta Segment,Çapraz Satış Önerisi
17803,392,1,184.66,United Kingdom,3.6296296296296298,2.5818518518518516,Pasif/Kaybedilmiş,Geri Kazanma Kampanyası
17804,376,3,383.78,United Kingdom,2.131868131868132,2.7221978021978024,Orta Segment,Çapraz Satış Önerisi
17805,74,2,927.03,United Kingdom,102.36363636363636,2.11,Orta Segment,Çapraz Satış Önerisi
17806,11,1,546.04,United Kingdom,16.906976744186046,1.0211627906976743,Yeni / Potansiyel Müşteri,Hoş Geldin Kampanyası
17807,395,3,437.87,United Kingdom,2.943820224719101,2.3257303370786517,Orta Segment,Çapraz Satış Önerisi
17808,549,4,262.64,United Kingdom,4.333333333333333,2.7081818181818185,Orta Segment,Çapraz Satış Önerisi
17809,16,20,10085.89,United Kingdom,30.876288659793815,3.65041237113402,Sadık Müşteri,Sadakat Programı / Erken Erişim
17810,669,2,343.21,United Kingdom,2.1666666666666665,3.9487037037037034,Orta Segment,Çapraz Satış Önerisi
17811,4,47,9513.1,United Kingdom,4.584708948740226,2.6670894874022593,Sadık Müşteri,Sadakat Programı / Erken Erişim
17812,13,7,911.99,United Kingdom,2.3492063492063493,2.9111640211640215,Sadık Müşteri,Sadakat Programı / Erken Erişim
17813,14,5,1698.07,United Kingdom,2.160919540229885,3.4466666666666668,Sadık Müşteri,Sadakat Programı / Erken Erişim
17814,375,2,1609.37,United Kingdom,10.034965034965035,2.4854545454545454,Orta Segment,Çapraz Satış Önerisi
17815,393,1,591.96,United Kingdom,47.07692307692308,1.169230769230769,Pasif/Kaybedilmiş,Geri Kazanma Kampanyası
17816,37,6,96.11,United Kingdom,1.7777777777777777,1.3517777777777777,Sadık Müşteri,Sadakat Programı / Erken Erişim
17817,4,6,788.15,United Kingdom,2.6343283582089554,3.985074626865672,Sadık Müşteri,Sadakat Programı / Erken Erişim
17818,738,1,124.78,United Kingdom,2.0476190476190474,1.9300000000000002,Pasif/Kaybedilmiş,Geri Kazanma Kampanyası
17819,72,12,6021.05,United Kingdom,18.089887640449437,4.034719101123596,Orta Segment,Çapraz Satış Önerisi
17820,374,1,180.61,United Kingdom,2.707317073170732,2.7778048780487805,Pasif/Kaybedilmiş,Geri Kazanma Kampanyası
17821,406,1,334.62,United Kingdom,27.0,2.8183333333333334,Pasif/Kaybedilmiş,Geri Kazanma Kampanyası
17822,420,5,2154.08,United Kingdom,8.166666666666666,2.7125595238095235,Kaybedilme Riski (Değerli),Yüksek İndirim / Kişisel Teklif
17823,421,2,449.25,United Kingdom,2.52,2.7114999999999996,Orta Segment,Çapraz Satış Önerisi
17824,51,1,298.4,United Kingdom,31.384615384615383,1.0692307692307692,Yeni / Potansiyel Müşteri,Hoş Geldin Kampanyası
17825,599,4,701.96,United Kingdom,19.11111111111111,2.367777777777778,Orta Segment,Çapraz Satış Önerisi
17826,374,1,133.34,United Kingdom,2.5454545454545454,2.3851515151515152,Pasif/Kaybedilmiş,Geri Kazanma Kampanyası
17827,5,6,2376.17,United Kingdom,5.629893238434164,2.2225978647686833,Sadık Müşteri,Sadakat Programı / Erken Erişim
17828,23,4,1165.09,Malta,10.234375,3.255,Sadık Müşteri,Sadakat Programı / Erken Erişim
17829,299,5,4756.74,United Arab Emirates,17.596491228070175,2.466491228070175,Kaybedilme Riski (Değerli),Yüksek İndirim / Kişisel Teklif
17830,2,3,398.7,United Kingdom,4.0,6.01304347826087,Orta Segment,Çapraz Satış Önerisi
17831,33,1,35.4,United Kingdom,6.0,2.95,Yeni / Potansiyel Müşteri,Hoş Geldin Kampanyası
17832,50,1,155.37,United Kingdom,3.4098360655737703,1.1116393442622952,Yeni / Potansiyel Müşteri,Hoş Geldin Kampanyası
17833,723,1,338.46,United Kingdom,4.612903225806452,3.5280645161290325,Pasif/Kaybedilmiş,Geri Kazanma Kampanyası
17834,415,2,689.67,United Kingdom,11.017241379310345,3.856034482758621,Orta Segment,Çapraz Satış Önerisi
17835,3,3,342.24,United Kingdom,5.830508474576271,1.684915254237288,Orta Segment,Çapraz Satış Önerisi
17836,47,1,109.83,United Kingdom,3.782608695652174,1.408695652173913,Yeni / Potansiyel Müşteri,Hoş Geldin Kampanyası
17837,42,8,1535.33,United Kingdom,3.1552795031055902,3.724285714285714,Sadık Müşteri,Sadakat Programı / Erken Erişim
17838,27,13,5604.64,United Kingdom,13.744094488188976,3.3046062992125984,Sadık Müşteri,Sadakat Programı / Erken Erişim
17839,42,1,318.15,United Kingdom,4.9423076923076925,1.6819230769230769,Yeni / Potansiyel Müşteri,Hoş Geldin Kampanyası
17840,444,1,175.9,United Kingdom,2.56,1.771,Pasif/Kaybedilmiş,Geri Kazanma Kampanyası
17841,2,211,68519.95,United Kingdom,2.942857142857143,2.711412474849095,Sadık Müşteri,Sadakat Programı / Erken Erişim
17842,602,1,430.69,United Kingdom,4.944444444444445,5.782777777777778,Pasif/Kaybedilmiş,Geri Kazanma Kampanyası
17843,303,2,312.65,United Kingdom,3.7666666666666666,2.4756666666666667,Orta Segment,Çapraz Satış Önerisi
17844,107,1,51.56,Canada,10.4,0.998,Orta Segment,Çapraz Satış Önerisi
17845,555,4,596.09,United Kingdom,4.148936170212766,4.586595744680851,Orta Segment,Çapraz Satış Önerisi
17847,516,2,125.74,United Kingdom,3.5,4.71,Orta Segment,Çapraz Satış Önerisi
17848,81,30,3538.46,United Kingdom,8.469135802469136,5.032037037037037,Orta Segment,Çapraz Satış Önerisi
17849,218,8,1063.76,United Kingdom,4.48,8.8424,Orta Segment,Çapraz Satış Önerisi
17850,372,155,51208.87,United Kingdom,8.424169667867147,3.0635814325730295,Kaybedilme Riski (Değerli),Yüksek İndirim / Kişisel Teklif
17851,422,6,1552.35,United Kingdom,4.021551724137931,2.808448275862069,Kaybedilme Riski (Değerli),Yüksek İndirim / Kişisel Teklif
17852,12,5,657.81,United Kingdom,3.4444444444444446,1.8978703703703703,Sadık Müşteri,Sadakat Programı / Erken Erişim
17853,407,3,1596.29,United Kingdom,5.9523809523809526,4.1378095238095245,Orta Segment,Çapraz Satış Önerisi
17854,185,6,1068.5,United Kingdom,5.1440677966101696,2.5236440677966105,Orta Segment,Çapraz Satış Önerisi
17855,373,1,208.97,United Kingdom,11.588235294117647,1.7658823529411765,Pasif/Kaybedilmiş,Geri Kazanma Kampanyası
17856,2,4,1418.03,United Kingdom,56.13333333333333,3.5593333333333335,Sadık Müşteri,Sadakat Programı / Erken Erişim
17857,4,23,25769.54,United Kingdom,309.44,1.7778,Sadık Müşteri,Sadakat Programı / Erken Erişim
17858,6,30,12518.65,United Kingdom,14.431635388739947,6.036193029490617,Sadık Müşteri,Sadakat Programı / Erken Erişim
17859,305,1,141.92,United Kingdom,4.434782608695652,1.9047826086956523,Pasif/Kaybedilmiş,Geri Kazanma Kampanyası
17860,369,4,717.39,United Kingdom,4.296296296296297,2.646543209876543,Orta Segment,Çapraz Satış Önerisi
17861,3,18,5088.29,United Kingdom,8.137992831541219,2.228620071684588,Sadık Müşteri,Sadakat Programı / Erken Erişim
17862,324,4,1254.89,United Kingdom,4.444444444444445,4.111212121212121,Kaybedilme Riski (Değerli),Yüksek İndirim / Kişisel Teklif
17863,59,12,5360.48,United Kingdom,18.337254901960783,1.583843137254902,Sadık Müşteri,Sadakat Programı / Erken Erişim
17864,13,5,876.57,United Kingdom,7.6893939393939394,1.8265151515151514,Sadık Müşteri,Sadakat Programı / Erken Erişim
17865,31,46,26310.09,United Kingdom,12.833498513379583,3.0836273538156593,Sadık Müşteri,Sadakat Programı / Erken Erişim
17866,143,3,1134.95,United Kingdom,20.576923076923077,3.734615384615385,Orta Segment,Çapraz Satış Önerisi
17867,30,14,1560.72,United Kingdom,4.96875,3.424921875,Sadık Müşteri,Sadakat Programı / Erken Erişim
17868,386,1,227.15,United Kingdom,4.722222222222222,3.9499999999999997,Pasif/Kaybedilmiş,Geri Kazanma Kampanyası
17869,107,7,813.64,United Kingdom,6.1375,5.842875,Orta Segment,Çapraz Satış Önerisi
17870,2,13,2753.29,United Kingdom,6.2463235294117645,2.238566176470588,Sadık Müşteri,Sadakat Programı / Erken Erişim
17871,205,5,1068.95,United Kingdom,8.012048192771084,3.136626506024097,Orta Segment,Çapraz Satış Önerisi
17872,382,1,235.87,United Kingdom,11.733333333333333,2.2826666666666666,Pasif/Kaybedilmiş,Geri Kazanma Kampanyası
17873,80,18,6135.95,United Kingdom,24.898203592814372,2.0929341317365266,Orta Segment,Çapraz Satış Önerisi
17874,185,6,683.46,United Kingdom,4.804347826086956,4.084565217391304,Orta Segment,Çapraz Satış Önerisi
17875,688,1,167.1,United Kingdom,3.769230769230769,2.7838461538461536,Pasif/Kaybedilmiş,Geri Kazanma Kampanyası
17876,400,3,3424.02,United Kingdom,489.5,1.7475,Orta Segment,Çapraz Satış Önerisi
17877,170,1,237.61,United Kingdom,8.166666666666666,3.5408333333333335,Orta Segment,Çapraz Satış Önerisi
17878,44,3,1378.93,United Kingdom,12.365853658536585,2.1179268292682925,Orta Segment,Çapraz Satış Önerisi
17879,174,1,178.52,United Kingdom,7.5,3.638333333333333,Orta Segment,Çapraz Satış Önerisi
17880,365,3,824.92,United Kingdom,10.355555555555556,2.6811111111111114,Orta Segment,Çapraz Satış Önerisi
17881,304,1,133.35,United Kingdom,4.0,4.53125,Pasif/Kaybedilmiş,Geri Kazanma Kampanyası
17882,379,2,291.56,United Kingdom,2.452830188679245,2.758679245283019,Orta Segment,Çapraz Satış Önerisi
17883,3,7,988.42,United Kingdom,2.7514450867052025,2.755028901734104,Sadık Müşteri,Sadakat Programı / Erken Erişim
17884,4,20,2693.47,United Kingdom,6.785185185185185,2.1377037037037034,Sadık Müşteri,Sadakat Programı / Erken Erişim
17885,12,1,156.34,United Kingdom,2.0754716981132075,2.1401886792452833,Yeni / Potansiyel Müşteri,Hoş Geldin Kampanyası
17886,32,6,1572.55,United Kingdom,4.283132530120482,3.707289156626506,Sadık Müşteri,Sadakat Programı / Erken Erişim
17887,129,1,111.35,United Kingdom,3.0,5.235,Orta Segment,Çapraz Satış Önerisi
17888,21,25,1807.44,United Kingdom,9.6,2.8539375,Sadık Müşteri,Sadakat Programı / Erken Erişim
17889,212,7,746.42,United Kingdom,3.4741379310344827,2.9969827586206894,Orta Segment,Çapraz Satış Önerisi
17890,323,2,586.89,United Kingdom,4.417582417582418,2.4861538461538464,Orta Segment,Çapraz Satış Önerisi
17891,162,1,203.86,United Kingdom,11.558823529411764,0.711764705882353,Orta Segment,Çapraz Satış Önerisi
17892,56,3,244.1,United Kingdom,3.892857142857143,3.275,Orta Segment,Çapraz Satış Önerisi
17893,225,1,107.21,United Kingdom,9.933333333333334,2.2066666666666666,Pasif/Kaybedilmiş,Geri Kazanma Kampanyası
17894,72,18,2304.16,United Kingdom,2.334164588528678,2.8500748129675815,Orta Segment,Çapraz Satış Önerisi
17895,44,1,95.45,United Kingdom,8.466666666666667,1.9280000000000002,Yeni / Potansiyel Müşteri,Hoş Geldin Kampanyası
17896,23,1,256.32,United Kingdom,144.0,0.89,Yeni / Potansiyel Müşteri,Hoş Geldin Kampanyası
17897,173,9,2053.04,United Kingdom,3.305019305019305,3.0077606177606175,Orta Segment,Çapraz Satış Önerisi
17898,85,4,299.18,United Kingdom,5.02,2.42,Orta Segment,Çapraz Satış Önerisi
17899,159,1,154.55,United Kingdom,5.483870967741935,2.420967741935484,Orta Segment,Çapraz Satış Önerisi
17900,190,2,112.2,United Kingdom,12.166666666666666,3.608333333333333,Orta Segment,Çapraz Satış Önerisi
17901,29,3,260.08,United Kingdom,1.7272727272727273,6.586363636363637,Orta Segment,Çapraz Satış Önerisi
17902,547,1,216.4,United Kingdom,21.916666666666668,1.3066666666666666,Pasif/Kaybedilmiş,Geri Kazanma Kampanyası
17903,394,1,381.09,United Kingdom,3.1555555555555554,3.259777777777778,Pasif/Kaybedilmiş,Geri Kazanma Kampanyası
17904,21,1,181.07,United Kingdom,1.7352941176470589,3.7317647058823527,Yeni / Potansiyel Müşteri,Hoş Geldin Kampanyası
17905,71,13,2168.37,United Kingdom,8.786206896551723,3.7867586206896555,Orta Segment,Çapraz Satış Önerisi
17906,247,1,72.9,United Kingdom,2.1666666666666665,3.8249999999999997,Pasif/Kaybedilmiş,Geri Kazanma Kampanyası
17907,641,1,291.76,United Kingdom,80.46153846153847,3.3361538461538465,Pasif/Kaybedilmiş,Geri Kazanma Kampanyası
17908,374,5,1142.47,United Kingdom,3.2211538461538463,3.0338942307692305,Orta Segment,Çapraz Satış Önerisi
17909,737,1,110.05,United Kingdom,4.375,5.5375,Pasif/Kaybedilmiş,Geri Kazanma Kampanyası
17910,726,1,261.7,United Kingdom,4.653846153846154,3.0442307692307695,Pasif/Kaybedilmiş,Geri Kazanma Kampanyası
17911,9,1,366.23,United Kingdom,5.717948717948718,2.181025641025641,Yeni / Potansiyel Müşteri,Hoş Geldin Kampanyası
17912,310,6,371.6,United Kingdom,4.285714285714286,3.791020408163265,Orta Segment,Çapraz Satış Önerisi
17913,59,14,3425.09,United Kingdom,3.6881720430107525,2.9018279569892473,Sadık Müşteri,Sadakat Programı / Erken Erişim
17914,4,1,329.36,United Kingdom,6.093333333333334,2.0296,Yeni / Potansiyel Müşteri,Hoş Geldin Kampanyası
17915,551,1,225.78,United Kingdom,6.344827586206897,2.806896551724138,Pasif/Kaybedilmiş,Geri Kazanma Kampanyası
17916,629,2,43.87,United Kingdom,4.7368421052631575,1.174736842105263,Orta Segment,Çapraz Satış Önerisi
17917,45,3,335.03,United Kingdom,2.0,2.2221739130434783,Orta Segment,Çapraz Satış Önerisi
17918,501,3,388.44,United Kingdom,9.0,1.8338461538461537,Orta Segment,Çapraz Satış Önerisi
17919,88,2,1840.32,United Kingdom,36.3,1.6969999999999998,Orta Segment,Çapraz Satış Önerisi
17920,4,54,23569.88,United Kingdom,7.482001220256254,2.563599755948749,Sadık Müşteri,Sadakat Programı / Erken Erişim
17921,64,10,2394.36,United Kingdom,2.7527777777777778,2.974222222222222,Orta Segment,Çapraz Satış Önerisi
17922,543,1,170.4,United Kingdom,6.125,4.63125,Pasif/Kaybedilmiş,Geri Kazanma Kampanyası
17923,282,3,497.0,United Kingdom,46.666666666666664,3.483333333333333,Orta Segment,Çapraz Satış Önerisi
17924,12,8,3257.7,United Kingdom,36.60606060606061,3.4224242424242424,Sadık Müşteri,Sadakat Programı / Erken Erişim
17925,373,1,244.08,United Kingdom,72.0,3.39,Pasif/Kaybedilmiş,Geri Kazanma Kampanyası
17926,133,5,1035.49,United Kingdom,13.0,3.1649999999999996,Orta Segment,Çapraz Satış Önerisi
17927,722,1,294.0,United Kingdom,10.8,3.015,Pasif/Kaybedilmiş,Geri Kazanma Kampanyası
17928,45,3,313.16,United Kingdom,5.769230769230769,2.8634615384615385,Orta Segment,Çapraz Satış Önerisi
17929,11,12,3082.1,United Kingdom,28.933333333333334,7.16,Sadık Müşteri,Sadakat Programı / Erken Erişim
17930,36,13,4275.22,United Kingdom,43.62068965517241,1.566551724137931,Sadık Müşteri,Sadakat Programı / Erken Erişim
17931,134,14,3402.24,United Kingdom,5.467236467236467,2.7612820512820515,Orta Segment,Çapraz Satış Önerisi
17932,29,3,1331.57,United Kingdom,8.766666666666667,2.7395555555555555,Orta Segment,Çapraz Satış Önerisi
17933,632,1,105.99,United Kingdom,4.384615384615385,2.1453846153846152,Pasif/Kaybedilmiş,Geri Kazanma Kampanyası
17934,52,3,1049.15,United Kingdom,15.317073170731707,3.102682926829268,Orta Segment,Çapraz Satış Önerisi
17935,138,7,683.24,United Kingdom,3.857142857142857,2.8555555555555556,Orta Segment,Çapraz Satış Önerisi
17936,5,1,380.13,United Kingdom,3.5694444444444446,2.414722222222222,Yeni / Potansiyel Müşteri,Hoş Geldin Kampanyası
17937,9,7,4301.22,United Kingdom,40.7906976744186,3.473255813953488,Sadık Müşteri,Sadakat Programı / Erken Erişim
17938,420,1,144.29,United Kingdom,1.8275862068965518,3.1317241379310348,Pasif/Kaybedilmiş,Geri Kazanma Kampanyası
17939,160,1,99.14,United Kingdom,3.3333333333333335,2.455833333333333,Orta Segment,Çapraz Satış Önerisi
17940,49,14,28389.58,United Kingdom,2580.181818181818,0.34363636363636363,Sadık Müşteri,Sadakat Programı / Erken Erişim
17941,131,4,1433.28,United Kingdom,158.28571428571428,1.9185714285714286,Orta Segment,Çapraz Satış Önerisi
17942,8,1,77.5,United Kingdom,19.0,1.525,Yeni / Potansiyel Müşteri,Hoş Geldin Kampanyası
17944,423,1,74.99,United Kingdom,3.36,1.9172,Pasif/Kaybedilmiş,Geri Kazanma Kampanyası
17945,697,3,359.5,United Kingdom,3.4225352112676055,2.0473239436619717,Orta Segment,Çapraz Satış Önerisi
17946,233,2,149.58,United Kingdom,3.75,3.1445,Orta Segment,Çapraz Satış Önerisi
17947,37,1,176.68,United Kingdom,18.666666666666668,0.9422222222222223,Yeni / Potansiyel Müşteri,Hoş Geldin Kampanyası
17948,147,1,358.56,United Kingdom,144.0,2.49,Orta Segment,Çapraz Satış Önerisi
17949,1,116,107833.48,United Kingdom,395.0326797385621,2.8888235294117646,Sadık Müşteri,Sadakat Programı / Erken Erişim
17950,72,7,1166.29,United Kingdom,3.993939393939394,2.6454545454545455,Orta Segment,Çapraz Satış Önerisi
17951,40,4,1340.58,United Kingdom,27.857142857142858,2.301428571428571,Sadık Müşteri,Sadakat Programı / Erken Erişim
17952,378,4,788.46,United Kingdom,4.86734693877551,2.4634693877551017,Orta Segment,Çapraz Satış Önerisi
17953,540,1,148.67,United Kingdom,3.8421052631578947,3.7642105263157895,Pasif/Kaybedilmiş,Geri Kazanma Kampanyası
17954,5,19,3801.83,United Kingdom,4.281671159029649,2.1899730458221023,Sadık Müşteri,Sadakat Programı / Erken Erişim
17955,199,6,949.9,United Kingdom,30.954545454545453,5.006818181818182,Orta Segment,Çapraz Satış Önerisi
17956,249,1,12.75,United Kingdom,1.0,12.75,Pasif/Kaybedilmiş,Geri Kazanma Kampanyası
17957,66,1,110.72,United Kingdom,9.166666666666666,1.3913333333333333,Orta Segment,Çapraz Satış Önerisi
17958,117,2,973.88,United Kingdom,7.888888888888889,3.404166666666667,Orta Segment,Çapraz Satış Önerisi
17959,592,1,140.75,United Kingdom,24.5,21.025000000000002,Pasif/Kaybedilmiş,Geri Kazanma Kampanyası
17960,171,3,135.08,United Kingdom,1.6216216216216217,2.1867567567567567,Orta Segment,Çapraz Satış Önerisi
17961,21,100,2866.74,United Kingdom,2.3666666666666667,2.854206349206349,Sadık Müşteri,Sadakat Programı / Erken Erişim
17962,142,4,665.91,United Kingdom,3.4725274725274726,2.0814285714285714,Orta Segment,Çapraz Satış Önerisi
17963,471,4,643.16,United Kingdom,3.128440366972477,3.052110091743119,Orta Segment,Çapraz Satış Önerisi
17964,32,2,463.21,United Kingdom,3.0,2.7619387755102043,Orta Segment,Çapraz Satış Önerisi
17965,38,29,7002.9,United Kingdom,5.367647058823529,3.229987745098039,Sadık Müşteri,Sadakat Programı / Erken Erişim
17966,38,10,1963.92,United Kingdom,34.67256637168141,1.4486725663716813,Sadık Müşteri,Sadakat Programı / Erken Erişim
17967,372,2,223.42,United Kingdom,1.819672131147541,2.4218032786885244,Orta Segment,Çapraz Satış Önerisi
17968,374,4,590.44,United Kingdom,2.75,1.879375,Orta Segment,Çapraz Satış Önerisi
17969,166,20,2354.29,United Kingdom,4.970588235294118,5.0329411764705885,Orta Segment,Çapraz Satış Önerisi
17970,211,1,562.79,United Kingdom,17.689655172413794,3.056551724137931,Pasif/Kaybedilmiş,Geri Kazanma Kampanyası
17971,548,1,161.94,United Kingdom,2.9523809523809526,3.13047619047619,Pasif/Kaybedilmiş,Geri Kazanma Kampanyası
17972,242,1,135.19,United Kingdom,1.2,4.343,Pasif/Kaybedilmiş,Geri Kazanma Kampanyası
17973,52,1,337.04,United Kingdom,11.733333333333333,3.244,Yeni / Potansiyel Müşteri,Hoş Geldin Kampanyası
17974,25,6,1739.09,United Kingdom,3.293628808864266,2.096869806094183,Sadık Müşteri,Sadakat Programı / Erken Erişim
17975,15,24,6693.03,United Kingdom,4.681720430107527,3.418774193548387,Sadık Müşteri,Sadakat Programı / Erken Erişim
17976,372,1,321.79,United Kingdom,1.631578947368421,3.6531578947368417,Pasif/Kaybedilmiş,Geri Kazanma Kampanyası
17977,29,2,1511.45,United Kingdom,18.73076923076923,1.8875961538461539,Orta Segment,Çapraz Satış Önerisi
17978,365,4,1159.99,United Kingdom,19.35820895522388,3.293731343283582,Orta Segment,Çapraz Satış Önerisi
17979,36,4,729.01,United Kingdom,2.7664233576642334,2.3555474452554743,Sadık Müşteri,Sadakat Programı / Erken Erişim
17980,166,4,1012.72,United Kingdom,12.639344262295081,2.6204918032786884,Orta Segment,Çapraz Satış Önerisi
17981,411,1,239.12,United Kingdom,15.294117647058824,1.6017647058823528,Pasif/Kaybedilmiş,Geri Kazanma Kampanyası
17982,681,1,138.18,United Kingdom,9.0,1.9738461538461538,Pasif/Kaybedilmiş,Geri Kazanma Kampanyası
17983,395,1,171.71,United Kingdom,4.5,2.8091666666666666,Pasif/Kaybedilmiş,Geri Kazanma Kampanyası
17984,145,5,1148.69,United Kingdom,3.892116182572614,2.231825726141079,Orta Segment,Çapraz Satış Önerisi
17985,22,1,631.35,United Kingdom,8.142857142857142,4.866666666666667,Yeni / Potansiyel Müşteri,Hoş Geldin Kampanyası
17986,56,1,20.8,United Kingdom,10.0,2.08,Yeni / Potansiyel Müşteri,Hoş Geldin Kampanyası
17987,185,5,965.44,United Kingdom,5.9817073170731705,2.0839024390243903,Orta Segment,Çapraz Satış Önerisi
17988,12,13,485.69,United Kingdom,1.4793388429752066,3.524793388429752,Sadık Müşteri,Sadakat Programı / Erken Erişim
17989,379,1,207.33,United Kingdom,10.344827586206897,1.8689655172413795,Pasif/Kaybedilmiş,Geri Kazanma Kampanyası
17990,237,6,1527.61,United Kingdom,13.631578947368421,2.553157894736842,Kaybedilme Riski (Değerli),Yüksek İndirim / Kişisel Teklif
17991,225,3,298.65,United Kingdom,2.4864864864864864,4.588648648648649,Orta Segment,Çapraz Satış Önerisi
17992,389,1,252.88,United Kingdom,2.5,2.4053846153846155,Pasif/Kaybedilmiş,Geri Kazanma Kampanyası
17993,617,1,225.99,United Kingdom,1.8,2.3314999999999997,Pasif/Kaybedilmiş,Geri Kazanma Kampanyası
17994,122,11,2264.03,United Kingdom,7.1644736842105265,2.5770723684210526,Orta Segment,Çapraz Satış Önerisi
17995,282,3,495.48,United Kingdom,9.068965517241379,3.5962068965517244,Orta Segment,Çapraz Satış Önerisi
17996,380,3,469.73,United Kingdom,7.984848484848484,3.2513636363636365,Orta Segment,Çapraz Satış Önerisi
17997,74,8,1962.46,United Kingdom,13.859756097560975,1.5246951219512195,Orta Segment,Çapraz Satış Önerisi
17998,380,3,639.24,United Kingdom,9.672413793103448,3.822241379310345,Orta Segment,Çapraz Satış Önerisi
17999,37,3,528.46,United Kingdom,2.1343283582089554,2.8267910447761198,Orta Segment,Çapraz Satış Önerisi
18000,564,1,124.25,United Kingdom,18.166666666666668,2.018333333333333,Pasif/Kaybedilmiş,Geri Kazanma Kampanyası
18001,12,6,924.14,United Kingdom,6.621212121212121,2.359469696969697,Sadık Müşteri,Sadakat Programı / Erken Erişim
18002,376,4,237.62,United Kingdom,1.3461538461538463,3.9253846153846155,Orta Segment,Çapraz Satış Önerisi
18003,376,1,353.51,United Kingdom,12.91304347826087,1.8721739130434785,Pasif/Kaybedilmiş,Geri Kazanma Kampanyası
18004,362,1,157.92,United Kingdom,2.027027027027027,2.6772972972972973,Pasif/Kaybedilmiş,Geri Kazanma Kampanyası
18005,4,2,226.47,United Kingdom,1.6226415094339623,3.168490566037736,Orta Segment,Çapraz Satış Önerisi
18006,23,4,969.51,United Kingdom,6.26984126984127,3.5936507936507938,Sadık Müşteri,Sadakat Programı / Erken Erişim
18007,393,1,215.22,United Kingdom,4.92,1.6262,Pasif/Kaybedilmiş,Geri Kazanma Kampanyası
18008,70,23,19759.08,United Kingdom,80.6701030927835,4.2024742268041235,Orta Segment,Çapraz Satış Önerisi
18009,235,8,2144.23,United Kingdom,3.636871508379888,3.976927374301676,Kaybedilme Riski (Değerli),Yüksek İndirim / Kişisel Teklif
18010,257,1,174.8,United Kingdom,4.285714285714286,5.014285714285714,Pasif/Kaybedilmiş,Geri Kazanma Kampanyası
18011,373,2,410.79,United Kingdom,1.9841269841269842,4.196190476190476,Orta Segment,Çapraz Satış Önerisi
18012,723,1,115.3,United Kingdom,4.846153846153846,6.810769230769231,Pasif/Kaybedilmiş,Geri Kazanma Kampanyası
18013,155,2,187.29,United Kingdom,9.193548387096774,1.1703225806451614,Orta Segment,Çapraz Satış Önerisi
18014,28,1,154.27,United Kingdom,2.2413793103448274,2.8148275862068965,Yeni / Potansiyel Müşteri,Hoş Geldin Kampanyası
18015,4,1,120.03,United Kingdom,3.4130434782608696,1.2758695652173913,Yeni / Potansiyel Müşteri,Hoş Geldin Kampanyası
18016,32,7,1954.56,United Kingdom,7.1420118343195265,3.3791124260355034,Sadık Müşteri,Sadakat Programı / Erken Erişim
18017,81,4,688.0,United Kingdom,100.0,1.72,Orta Segment,Çapraz Satış Önerisi
18018,108,4,297.99,United Kingdom,4.2272727272727275,3.375,Orta Segment,Çapraz Satış Önerisi
18019,52,1,38.45,United Kingdom,1.4,5.71,Yeni / Potansiyel Müşteri,Hoş Geldin Kampanyası
18020,544,1,190.48,United Kingdom,5.583333333333333,4.866666666666666,Pasif/Kaybedilmiş,Geri Kazanma Kampanyası
18021,510,2,216.41,United Kingdom,5.25,2.5359375,Orta Segment,Çapraz Satış Önerisi
18022,36,5,1506.62,United Kingdom,3.0849056603773586,1.9727830188679245,Sadık Müşteri,Sadakat Programı / Erken Erişim
18024,153,2,389.78,United Kingdom,8.761904761904763,2.5828571428571427,Orta Segment,Çapraz Satış Önerisi
18025,380,6,1177.72,United Kingdom,9.401785714285714,1.9142857142857144,Orta Segment,Çapraz Satış Önerisi
18026,501,2,2074.07,United Kingdom,31.176470588235293,5.149411764705882,Orta Segment,Çapraz Satış Önerisi
18027,99,1,115.31,United Kingdom,3.7142857142857144,2.7923809523809524,Orta Segment,Çapraz Satış Önerisi
18028,583,1,192.05,United Kingdom,33.25,2.75,Pasif/Kaybedilmiş,Geri Kazanma Kampanyası
18029,642,1,433.77,United Kingdom,14.055555555555555,1.738888888888889,Pasif/Kaybedilmiş,Geri Kazanma Kampanyası
18030,4,2,230.65,United Kingdom,7.444444444444445,6.705555555555555,Orta Segment,Çapraz Satış Önerisi
18031,379,1,451.3,United Kingdom,4.73015873015873,1.7233333333333332,Pasif/Kaybedilmiş,Geri Kazanma Kampanyası
18032,334,1,73.5,United Kingdom,8.4,1.8699999999999999,Pasif/Kaybedilmiş,Geri Kazanma Kampanyası
18033,65,1,93.82,United Kingdom,7.636363636363637,1.7966666666666666,Orta Segment,Çapraz Satış Önerisi
18034,22,3,753.35,United Kingdom,4.460093896713615,1.4806572769953052,Orta Segment,Çapraz Satış Önerisi
18035,36,5,1260.23,United Kingdom,19.894736842105264,2.304912280701754,Sadık Müşteri,Sadakat Programı / Erken Erişim
18036,32,11,1545.49,United Kingdom,2.273006134969325,2.560828220858896,Sadık Müşteri,Sadakat Programı / Erken Erişim
18037,154,15,167.42,United Kingdom,1.121212121212121,4.652121212121211,Orta Segment,Çapraz Satış Önerisi
18038,556,1,141.48,United Kingdom,2.962962962962963,2.6722222222222225,Pasif/Kaybedilmiş,Geri Kazanma Kampanyası
18039,374,4,548.22,United Kingdom,3.5126582278481013,2.1044936708860758,Orta Segment,Çapraz Satış Önerisi
18040,19,2,357.2,United Kingdom,7.7894736842105265,3.0710526315789473,Orta Segment,Çapraz Satış Önerisi
18041,12,38,8018.77,United Kingdom,8.79326923076923,2.065661057692308,Sadık Müşteri,Sadakat Programı / Erken Erişim
18042,54,2,281.15,United Kingdom,4.3125,4.2875,Orta Segment,Çapraz Satış Önerisi
18043,25,3,529.29,United Kingdom,2.3043478260869565,2.9669565217391303,Orta Segment,Çapraz Satış Önerisi
18044,4,18,3505.61,United Kingdom,7.99,4.21635,Sadık Müşteri,Sadakat Programı / Erken Erişim
18045,45,1,178.34,United Kingdom,3.2093023255813953,2.592093023255814,Yeni / Potansiyel Müşteri,Hoş Geldin Kampanyası
18046,650,1,189.63,United Kingdom,1.6923076923076923,6.181923076923078,Pasif/Kaybedilmiş,Geri Kazanma Kampanyası
18047,381,2,326.09,United Kingdom,1.5662650602409638,2.8757831325301204,Orta Segment,Çapraz Satış Önerisi
18048,203,3,394.93,United Kingdom,4.338983050847458,2.518135593220339,Orta Segment,Çapraz Satış Önerisi
18049,437,2,500.5,United Kingdom,4.651162790697675,2.266395348837209,Orta Segment,Çapraz Satış Önerisi
18050,359,2,412.06,United Kingdom,10.869565217391305,3.179130434782609,Orta Segment,Çapraz Satış Önerisi
18051,634,7,2282.28,United Kingdom,30.2,1.962,Kaybedilme Riski (Değerli),Yüksek İndirim / Kişisel Teklif
18052,565,1,10877.18,United Kingdom,1110.375,0.65625,Pasif/Kaybedilmiş,Geri Kazanma Kampanyası
18053,71,3,571.07,United Kingdom,12.78125,2.2190625,Orta Segment,Çapraz Satış Önerisi
18054,393,1,176.5,United Kingdom,8.727272727272727,2.4681818181818183,Pasif/Kaybedilmiş,Geri Kazanma Kampanyası
18055,7,14,10142.64,United Kingdom,6.630393996247655,4.275178236397749,Sadık Müşteri,Sadakat Programı / Erken Erişim
18056,288,2,554.6,United Kingdom,11.133333333333333,3.0766666666666667,Orta Segment,Çapraz Satış Önerisi
18057,393,3,1168.14,United Kingdom,7.099236641221374,3.080916030534351,Orta Segment,Çapraz Satış Önerisi
18058,10,3,774.06,United Kingdom,24.625,1.95875,Orta Segment,Çapraz Satış Önerisi
18059,23,3,306.46,United Kingdom,14.333333333333334,1.913333333333333,Orta Segment,Çapraz Satış Önerisi
18060,408,2,1185.46,United Kingdom,12.026666666666667,3.1578666666666666,Orta Segment,Çapraz Satış Önerisi
18061,22,28,6083.81,United Kingdom,27.5327868852459,3.807622950819672,Sadık Müşteri,Sadakat Programı / Erken Erişim
18062,173,6,1632.67,United Kingdom,15.38888888888889,3.7085185185185185,Orta Segment,Çapraz Satış Önerisi
18063,391,2,186.6,United Kingdom,16.0,3.766666666666667,Orta Segment,Çapraz Satış Önerisi
18064,133,11,4481.83,United Kingdom,41.953125,2.201875,Orta Segment,Çapraz Satış Önerisi
18065,6,28,5846.63,United Kingdom,7.326860841423948,4.491359223300971,Sadık Müşteri,Sadakat Programı / Erken Erişim
18066,75,3,1440.4,United Kingdom,10.09433962264151,3.924905660377358,Orta Segment,Çapraz Satış Önerisi
18067,40,1,396.33,United Kingdom,5.108108108108108,2.8329729729729727,Yeni / Potansiyel Müşteri,Hoş Geldin Kampanyası
18068,289,1,101.7,United Kingdom,6.0,16.95,Pasif/Kaybedilmiş,Geri Kazanma Kampanyası
18069,26,11,4449.02,United Kingdom,3.2672858617131064,2.1791537667698657,Sadık Müşteri,Sadakat Programı / Erken Erişim
18070,669,1,314.1,United Kingdom,9.555555555555555,3.822222222222222,Pasif/Kaybedilmiş,Geri Kazanma Kampanyası
18071,258,6,1169.68,United Kingdom,9.549295774647888,2.9963380281690144,Orta Segment,Çapraz Satış Önerisi
18072,186,1,247.44,United Kingdom,16.0,0.885,Orta Segment,Çapraz Satış Önerisi
18073,114,12,3859.82,United Kingdom,43.083333333333336,3.8472222222222223,Orta Segment,Çapraz Satış Önerisi
18074,374,2,1019.44,United Kingdom,8.395348837209303,4.56906976744186,Orta Segment,Çapraz Satış Önerisi
18075,23,20,5783.29,United Kingdom,10.157894736842104,3.4484829721362225,Sadık Müşteri,Sadakat Programı / Erken Erişim
18076,380,1,151.49,United Kingdom,20.5,2.345,Pasif/Kaybedilmiş,Geri Kazanma Kampanyası
18077,8,18,4078.79,United Kingdom,8.555240793201133,1.7056657223796035,Sadık Müşteri,Sadakat Programı / Erken Erişim
18078,217,4,725.53,United Kingdom,5.068493150684931,2.87986301369863,Orta Segment,Çapraz Satış Önerisi
18079,45,5,4203.93,United Kingdom,64.19117647058823,0.9130882352941176,Sadık Müşteri,Sadakat Programı / Erken Erişim
18080,19,2,1231.5,United Kingdom,321.0,1.9,Orta Segment,Çapraz Satış Önerisi
18081,36,3,343.45,United Kingdom,11.470588235294118,3.84,Orta Segment,Çapraz Satış Önerisi
18082,26,1,680.84,United Kingdom,8.685714285714285,2.165857142857143,Yeni / Potansiyel Müşteri,Hoş Geldin Kampanyası
18083,398,1,463.53,United Kingdom,6.7,3.5025,Pasif/Kaybedilmiş,Geri Kazanma Kampanyası
18084,16,3,795.23,United Kingdom,107.85714285714286,3.827142857142857,Orta Segment,Çapraz Satış Önerisi
18085,330,4,1341.85,United Kingdom,8.17741935483871,3.068548387096774,Kaybedilme Riski (Değerli),Yüksek İndirim / Kişisel Teklif
18086,274,1,101.34,United Kingdom,15.142857142857142,1.48,Pasif/Kaybedilmiş,Geri Kazanma Kampanyası
18087,291,16,13908.72,United Kingdom,89.35632183908046,3.097471264367816,Kaybedilme Riski (Değerli),Yüksek İndirim / Kişisel Teklif
18088,61,1,166.03,United Kingdom,2.891891891891892,2.1624324324324324,Orta Segment,Çapraz Satış Önerisi
18089,447,1,428.45,United Kingdom,9.5,7.779999999999999,Pasif/Kaybedilmiş,Geri Kazanma Kampanyası
18090,422,1,321.9,United Kingdom,5.685185185185185,1.7614814814814816,Pasif/Kaybedilmiş,Geri Kazanma Kampanyası
18091,593,1,360.85,United Kingdom,21.56,1.678,Pasif/Kaybedilmiş,Geri Kazanma Kampanyası
18092,2,18,14693.72,United Kingdom,59.27142857142857,3.3408571428571427,Sadık Müşteri,Sadakat Programı / Erken Erişim
18093,93,8,4452.71,United Kingdom,56.21311475409836,1.8049180327868852,Orta Segment,Çapraz Satış Önerisi
18094,82,13,6391.52,United Kingdom,33.04761904761905,2.5023809523809524,Orta Segment,Çapraz Satış Önerisi
18095,313,5,2303.09,United Kingdom,33.8125,2.3583333333333334,Kaybedilme Riski (Değerli),Yüksek İndirim / Kişisel Teklif
18096,12,6,1638.16,United Kingdom,3.5475578406169666,2.2617737789203085,Sadık Müşteri,Sadakat Programı / Erken Erişim
18097,8,11,4627.92,United Kingdom,17.41025641025641,2.9334615384615383,Sadık Müşteri,Sadakat Programı / Erken Erişim
18098,396,1,527.94,United Kingdom,2.5,3.355581395348837,Pasif/Kaybedilmiş,Geri Kazanma Kampanyası
18099,127,1,168.31,United Kingdom,7.842105263157895,2.1389473684210527,Orta Segment,Çapraz Satış Önerisi
18100,550,1,451.56,United Kingdom,14.666666666666666,2.0776666666666666,Pasif/Kaybedilmiş,Geri Kazanma Kampanyası
18101,11,5,622.01,United Kingdom,2.2660550458715596,2.9211009174311924,Sadık Müşteri,Sadakat Programı / Erken Erişim
18102,1,145,580987.04,United Kingdom,174.65865384615384,3.794740384615385,Sadık Müşteri,Sadakat Programı / Erken Erişim
18103,549,1,105.8,United Kingdom,2.3,4.8549999999999995,Pasif/Kaybedilmiş,Geri Kazanma Kampanyası
18104,37,1,754.64,United Kingdom,9.526315789473685,3.758947368421053,Yeni / Potansiyel Müşteri,Hoş Geldin Kampanyası
18105,38,1,113.48,United Kingdom,2.5555555555555554,2.232222222222222,Yeni / Potansiyel Müşteri,Hoş Geldin Kampanyası
18106,330,6,1441.06,United Kingdom,2.649214659685864,3.1748167539267014,Kaybedilme Riski (Değerli),Yüksek İndirim / Kişisel Teklif
18107,442,1,165.88,United Kingdom,1.7105263157894737,3.283157894736842,Pasif/Kaybedilmiş,Geri Kazanma Kampanyası
18108,254,3,848.81,United Kingdom,5.553191489361702,4.654893617021276,Orta Segment,Çapraz Satış Önerisi
18109,2,38,9555.71,United Kingdom,7.373088685015291,4.424250764525994,Sadık Müşteri,Sadakat Programı / Erken Erişim
18110,20,2,392.28,United Kingdom,2.3472222222222223,2.5370833333333334,Orta Segment,Çapraz Satış Önerisi
18111,589,1,405.85,United Kingdom,8.592592592592593,4.8351851851851855,Pasif/Kaybedilmiş,Geri Kazanma Kampanyası
18112,12,4,773.36,United Kingdom,7.145161290322581,3.6998387096774192,Sadık Müşteri,Sadakat Programı / Erken Erişim
18113,369,1,76.32,United Kingdom,72.0,1.06,Pasif/Kaybedilmiş,Geri Kazanma Kampanyası
18114,290,1,220.1,United Kingdom,1.9642857142857142,5.533928571428571,Pasif/Kaybedilmiş,Geri Kazanma Kampanyası
18115,698,1,9.7,United Kingdom,1.0,3.233333333333334,Pasif/Kaybedilmiş,Geri Kazanma Kampanyası
18116,68,13,2130.89,United Kingdom,2.2184724689165187,2.526696269982238,Orta Segment,Çapraz Satış Önerisi
18117,26,1,314.4,United Kingdom,8.507042253521126,1.2369014084507042,Yeni / Potansiyel Müşteri,Hoş Geldin Kampanyası
18118,11,29,6218.62,United Kingdom,2.219734079776067,2.502477256822953,Sadık Müşteri,Sadakat Programı / Erken Erişim
18119,368,1,180.7,United Kingdom,4.275862068965517,2.863793103448276,Pasif/Kaybedilmiş,Geri Kazanma Kampanyası
18120,214,1,111.15,United Kingdom,1.8235294117647058,4.0323529411764705,Pasif/Kaybedilmiş,Geri Kazanma Kampanyası
18121,149,2,653.3,United Kingdom,14.129032258064516,1.8719354838709679,Orta Segment,Çapraz Satış Önerisi
18122,8,6,1791.84,United Kingdom,3.4225352112676055,2.328901408450704,Sadık Müşteri,Sadakat Programı / Erken Erişim
18123,24,3,666.64,United Kingdom,11.0,2.351607142857143,Orta Segment,Çapraz Satış Önerisi
18124,472,1,102.65,United Kingdom,2.35,2.691,Pasif/Kaybedilmiş,Geri Kazanma Kampanyası
18125,30,4,1131.75,United Kingdom,4.166666666666667,2.21328125,Sadık Müşteri,Sadakat Programı / Erken Erişim
18126,61,1,198.58,United Kingdom,2.5294117647058822,2.0468627450980392,Orta Segment,Çapraz Satış Önerisi
18127,19,4,556.13,United Kingdom,3.7313432835820897,3.411044776119403,Sadık Müşteri,Sadakat Programı / Erken Erişim
18128,537,1,399.29,United Kingdom,5.142857142857143,2.498095238095238,Pasif/Kaybedilmiş,Geri Kazanma Kampanyası
18129,243,1,112.55,United Kingdom,3.4285714285714284,2.9250000000000003,Pasif/Kaybedilmiş,Geri Kazanma Kampanyası
18130,15,3,1059.39,United Kingdom,11.771428571428572,2.3695714285714287,Orta Segment,Çapraz Satış Önerisi
18131,632,1,222.96,United Kingdom,138.0,1.0075,Pasif/Kaybedilmiş,Geri Kazanma Kampanyası
18132,504,1,220.13,United Kingdom,3.4193548387096775,2.0232258064516127,Pasif/Kaybedilmiş,Geri Kazanma Kampanyası
18133,212,1,931.5,United Kingdom,1350.0,0.69,Pasif/Kaybedilmiş,Geri Kazanma Kampanyası
18134,598,2,445.0,United Kingdom,4.571428571428571,4.917857142857143,Orta Segment,Çapraz Satış Önerisi
18135,29,10,1249.62,United Kingdom,20.35135135135135,2.467837837837838,Sadık Müşteri,Sadakat Programı / Erken Erişim
18136,63,5,1631.36,United Kingdom,9.772727272727273,3.0534090909090907,Orta Segment,Çapraz Satış Önerisi
18137,551,2,145.99,United Kingdom,2.0344827586206895,3.51448275862069,Orta Segment,Çapraz Satış Önerisi
18138,295,1,152.65,United Kingdom,4.75,6.25625,Pasif/Kaybedilmiş,Geri Kazanma Kampanyası
18139,18,6,8438.34,United Kingdom,34.9496855345912,1.5092452830188678,Sadık Müşteri,Sadakat Programı / Erken Erişim
18140,474,1,536.41,West Indies,7.314814814814815,2.2735185185185185,Pasif/Kaybedilmiş,Geri Kazanma Kampanyası
18141,402,2,882.47,United Kingdom,10.30952380952381,2.971190476190476,Orta Segment,Çapraz Satış Önerisi
18142,157,2,1019.52,United Kingdom,85.06666666666666,1.53,Orta Segment,Çapraz Satış Önerisi
18143,117,2,1000.16,United Kingdom,9.344262295081966,2.728360655737705,Orta Segment,Çapraz Satış Önerisi
18144,8,19,4892.95,United Kingdom,25.523809523809526,4.205119047619048,Sadık Müşteri,Sadakat Programı / Erken Erişim
18145,13,11,5609.74,United Kingdom,12.696517412935323,1.8748009950248756,Sadık Müşteri,Sadakat Programı / Erken Erişim
18146,141,2,160.35,United Kingdom,15.3,1.95,Orta Segment,Çapraz Satış Önerisi
18147,46,2,179.34,United Kingdom,29.0,1.2971428571428572,Orta Segment,Çapraz Satış Önerisi
18148,647,1,112.85,United Kingdom,6.3,2.711,Pasif/Kaybedilmiş,Geri Kazanma Kampanyası
18149,51,7,1553.96,United Kingdom,9.54945054945055,2.4523076923076923,Sadık Müşteri,Sadakat Programı / Erken Erişim
18150,32,3,566.58,United Kingdom,8.972972972972974,2.3235135135135137,Orta Segment,Çapraz Satış Önerisi
18151,135,6,1879.44,United Kingdom,9.30188679245283,3.6666037735849057,Orta Segment,Çapraz Satış Önerisi
18152,646,1,426.69,United Kingdom,7.5,7.1579999999999995,Pasif/Kaybedilmiş,Geri Kazanma Kampanyası
18153,659,1,246.22,United Kingdom,11.764705882352942,1.3964705882352941,Pasif/Kaybedilmiş,Geri Kazanma Kampanyası
18154,3,5,932.6,United Kingdom,13.319148936170214,2.2382978723404254,Sadık Müşteri,Sadakat Programı / Erken Erişim
18155,75,3,371.62,United Kingdom,10.64,2.4703999999999997,Orta Segment,Çapraz Satış Önerisi
18156,13,2,675.64,United Kingdom,2.319672131147541,2.9568032786885245,Orta Segment,Çapraz Satış Önerisi
18157,571,1,213.9,United Kingdom,5.8,3.6612,Pasif/Kaybedilmiş,Geri Kazanma Kampanyası
18158,9,2,453.4,United Kingdom,10.411764705882353,1.2944117647058824,Orta Segment,Çapraz Satış Önerisi
18159,301,1,530.15,United Kingdom,6.043478260869565,5.004347826086956,Pasif/Kaybedilmiş,Geri Kazanma Kampanyası
18160,57,3,1003.88,United Kingdom,7.984615384615385,3.336,Orta Segment,Çapraz Satış Önerisi
18161,15,6,1803.1,United Kingdom,10.376344086021506,3.5248387096774194,Sadık Müşteri,Sadakat Programı / Erken Erişim
18162,732,1,371.51,United Kingdom,7.217391304347826,1.8706521739130435,Pasif/Kaybedilmiş,Geri Kazanma Kampanyası
18163,584,1,728.84,United Kingdom,13.696969696969697,3.770606060606061,Pasif/Kaybedilmiş,Geri Kazanma Kampanyası
18164,37,1,399.65,United Kingdom,7.666666666666667,4.207083333333333,Yeni / Potansiyel Müşteri,Hoş Geldin Kampanyası
18165,177,1,302.46,United Kingdom,25.4,1.238,Orta Segment,Çapraz Satış Önerisi
18166,624,1,175.5,United Kingdom,9.0,2.38,Pasif/Kaybedilmiş,Geri Kazanma Kampanyası
18167,23,3,1384.86,United Kingdom,10.324324324324325,3.788648648648649,Orta Segment,Çapraz Satış Önerisi
18168,176,16,3435.5,United Kingdom,5.4958677685950414,2.831349862258953,Orta Segment,Çapraz Satış Önerisi
18169,61,1,202.65,United Kingdom,6.777777777777778,3.688888888888889,Orta Segment,Çapraz Satış Önerisi
18170,33,9,2878.0,United Kingdom,9.396825396825397,4.575396825396825,Sadık Müşteri,Sadakat Programı / Erken Erişim
18171,59,9,2437.31,United Kingdom,10.771739130434783,5.608586956521739,Sadık Müşteri,Sadakat Programı / Erken Erişim
18172,15,52,17467.24,United Kingdom,15.593684210526316,3.7998736842105263,Sadık Müşteri,Sadakat Programı / Erken Erişim
18173,87,5,2696.36,United Kingdom,38.44444444444444,2.766888888888889,Orta Segment,Çapraz Satış Önerisi
18174,7,2,162.5,United Kingdom,40.0,2.015,Orta Segment,Çapraz Satış Önerisi
18175,676,1,176.1,United Kingdom,10.0,4.45,Pasif/Kaybedilmiş,Geri Kazanma Kampanyası
18176,358,1,476.35,United Kingdom,9.433333333333334,2.6816666666666666,Pasif/Kaybedilmiş,Geri Kazanma Kampanyası
18177,31,9,2216.32,United Kingdom,12.505050505050505,1.8719191919191918,Sadık Müşteri,Sadakat Programı / Erken Erişim
18178,129,11,6103.74,United Kingdom,11.0,2.5978285714285714,Orta Segment,Çapraz Satış Önerisi
18179,9,8,2547.55,United Kingdom,16.61467889908257,2.7539449541284404,Sadık Müşteri,Sadakat Programı / Erken Erişim
18180,5,6,1843.75,United Kingdom,14.46218487394958,2.080840336134454,Sadık Müşteri,Sadakat Programı / Erken Erişim
18181,24,5,1188.34,United Kingdom,2.865168539325843,3.1185955056179777,Sadık Müşteri,Sadakat Programı / Erken Erişim
18182,463,1,291.13,United Kingdom,16.7,2.298,Pasif/Kaybedilmiş,Geri Kazanma Kampanyası
18183,227,2,632.07,United Kingdom,10.027027027027026,3.5043243243243243,Orta Segment,Çapraz Satış Önerisi
18184,15,1,49.8,United Kingdom,60.0,0.83,Yeni / Potansiyel Müşteri,Hoş Geldin Kampanyası
18185,249,1,304.25,United Kingdom,10.764705882352942,3.626470588235294,Pasif/Kaybedilmiş,Geri Kazanma Kampanyası
18186,723,1,329.58,United Kingdom,30.727272727272727,2.1836363636363636,Pasif/Kaybedilmiş,Geri Kazanma Kampanyası
18187,632,1,724.89,United Kingdom,6.458333333333333,4.726041666666666,Pasif/Kaybedilmiş,Geri Kazanma Kampanyası
18188,15,6,3280.59,United Kingdom,14.19548872180451,2.4653383458646614,Sadık Müşteri,Sadakat Programı / Erken Erişim
18189,78,3,1403.73,United Kingdom,9.720930232558139,2.988837209302326,Orta Segment,Çapraz Satış Önerisi
18190,192,5,745.62,United Kingdom,11.666666666666666,2.8666666666666667,Orta Segment,Çapraz Satış Önerisi
18191,262,2,529.4,United Kingdom,22.133333333333333,2.9766666666666666,Orta Segment,Çapraz Satış Önerisi
18192,72,1,957.97,United Kingdom,7.533333333333333,4.007333333333333,Orta Segment,Çapraz Satış Önerisi
18193,165,3,1207.35,United Kingdom,13.228571428571428,2.7832857142857144,Orta Segment,Çapraz Satış Önerisi
18194,82,6,4162.04,United Kingdom,63.357142857142854,3.3514285714285714,Orta Segment,Çapraz Satış Önerisi
18195,387,1,101.16,United Kingdom,12.0,2.418,Pasif/Kaybedilmiş,Geri Kazanma Kampanyası
18196,95,4,1455.27,United Kingdom,3.752727272727273,2.1459272727272727,Orta Segment,Çapraz Satış Önerisi
18197,576,1,230.1,United Kingdom,18.444444444444443,1.9166666666666667,Pasif/Kaybedilmiş,Geri Kazanma Kampanyası
18198,4,17,5425.56,United Kingdom,25.62264150943396,2.3962893081761005,Sadık Müşteri,Sadakat Programı / Erken Erişim
18199,684,1,344.75,United Kingdom,4.95,5.035,Pasif/Kaybedilmiş,Geri Kazanma Kampanyası
18200,106,1,150.35,United Kingdom,3.466666666666667,1.8596666666666666,Orta Segment,Çapraz Satış Önerisi
18201,723,1,447.53,United Kingdom,7.074074074074074,4.629259259259259,Pasif/Kaybedilmiş,Geri Kazanma Kampanyası
18202,200,3,1396.99,United Kingdom,8.544117647058824,4.052058823529412,Orta Segment,Çapraz Satış Önerisi
18203,157,4,482.52,United Kingdom,1.8793103448275863,5.175172413793104,Orta Segment,Çapraz Satış Önerisi
18204,71,3,1975.35,United Kingdom,6.197916666666667,2.580260416666667,Orta Segment,Çapraz Satış Önerisi
18205,36,2,517.36,United Kingdom,6.0,4.58,Orta Segment,Çapraz Satış Önerisi
18206,553,1,314.66,United Kingdom,12.947368421052632,1.4352631578947368,Pasif/Kaybedilmiş,Geri Kazanma Kampanyası
18207,499,1,544.47,United Kingdom,10.483870967741936,2.9419354838709677,Pasif/Kaybedilmiş,Geri Kazanma Kampanyası
18208,566,1,360.08,United Kingdom,4.823529411764706,8.346470588235293,Pasif/Kaybedilmiş,Geri Kazanma Kampanyası
18209,29,1,139.1,United Kingdom,7.25,3.24375,Yeni / Potansiyel Müşteri,Hoş Geldin Kampanyası
18210,2,7,2768.83,United Kingdom,10.409722222222221,3.5233333333333334,Sadık Müşteri,Sadakat Programı / Erken Erişim
18211,26,5,600.07,United Kingdom,8.547619047619047,2.451904761904762,Sadık Müşteri,Sadakat Programı / Erken Erişim
18212,326,2,514.37,United Kingdom,3.4347826086956523,3.536521739130435,Orta Segment,Çapraz Satış Önerisi
18213,237,1,232.48,United Kingdom,15.466666666666667,1.5013333333333334,Pasif/Kaybedilmiş,Geri Kazanma Kampanyası
18214,531,4,1780.34,United Kingdom,17.051724137931036,3.1232758620689656,Kaybedilme Riski (Değerli),Yüksek İndirim / Kişisel Teklif
18215,89,5,2232.49,United Kingdom,12.707865168539326,2.959101123595506,Orta Segment,Çapraz Satış Önerisi
18216,31,1,481.75,United Kingdom,7.6923076923076925,4.935384615384615,Yeni / Potansiyel Müşteri,Hoş Geldin Kampanyası
18217,29,4,945.04,United Kingdom,18.5,2.06925,Sadık Müşteri,Sadakat Programı / Erken Erişim
18218,211,4,1121.84,United Kingdom,27.05263157894737,1.7692105263157896,Orta Segment,Çapraz Satış Önerisi
18219,3,17,3352.7,United Kingdom,8.347368421052632,3.8102105263157897,Sadık Müşteri,Sadakat Programı / Erken Erişim
18220,227,6,1921.76,United Kingdom,54.08,3.4712,Kaybedilme Riski (Değerli),Yüksek İndirim / Kişisel Teklif
18221,22,6,1424.94,United Kingdom,11.904761904761905,2.6861904761904762,Sadık Müşteri,Sadakat Programı / Erken Erişim
18222,93,1,443.0,United Kingdom,17.63157894736842,3.2557894736842106,Orta Segment,Çapraz Satış Önerisi
18223,5,26,14000.85,United Kingdom,11.534722222222221,3.2039756944444444,Sadık Müşteri,Sadakat Programı / Erken Erişim
18224,264,1,158.95,United Kingdom,6.9,3.06,Pasif/Kaybedilmiş,Geri Kazanma Kampanyası
18225,3,26,13014.8,United Kingdom,12.73076923076923,2.732604895104895,Sadık Müşteri,Sadakat Programı / Erken Erişim
18226,44,26,11878.88,United Kingdom,14.929924242424242,2.8264393939393937,Sadık Müşteri,Sadakat Programı / Erken Erişim
18227,218,2,388.75,United Kingdom,3.6666666666666665,56.375,Orta Segment,Çapraz Satış Önerisi
18228,57,2,779.9,United Kingdom,7.933333333333334,3.9876666666666667,Orta Segment,Çapraz Satış Önerisi
18229,12,28,10150.51,United Kingdom,15.278606965174129,4.905721393034826,Sadık Müşteri,Sadakat Programı / Erken Erişim
18230,9,9,4291.06,United Kingdom,14.257142857142858,2.255857142857143,Sadık Müşteri,Sadakat Programı / Erken Erişim
18231,192,28,6848.27,United Kingdom,7.62565445026178,4.075890052356021,Kaybedilme Riski (Değerli),Yüksek İndirim / Kişisel Teklif
18232,82,4,592.97,United Kingdom,8.162162162162161,3.724864864864865,Orta Segment,Çapraz Satış Önerisi
18233,326,1,440.0,United Kingdom,4.0,110.0,Pasif/Kaybedilmiş,Geri Kazanma Kampanyası
18234,552,1,179.6,United Kingdom,2.6666666666666665,2.3583333333333334,Pasif/Kaybedilmiş,Geri Kazanma Kampanyası
18235,72,3,1796.48,United Kingdom,15.173076923076923,2.1464423076923076,Orta Segment,Çapraz Satış Önerisi
18236,30,12,1795.35,United Kingdom,7.1020408163265305,4.057346938775511,Sadık Müşteri,Sadakat Programı / Erken Erişim
18237,3,5,987.1,United Kingdom,10.19672131147541,2.957704918032787,Sadık Müşteri,Sadakat Programı / Erken Erişim
18238,515,1,270.92,United Kingdom,8.142857142857142,2.8957142857142855,Pasif/Kaybedilmiş,Geri Kazanma Kampanyası
18239,219,6,1712.26,United Kingdom,8.791666666666666,3.0773958333333336,Kaybedilme Riski (Değerli),Yüksek İndirim / Kişisel Teklif
18240,46,1,422.58,United Kingdom,21.0,3.9283333333333332,Yeni / Potansiyel Müşteri,Hoş Geldin Kampanyası
18241,10,21,2986.99,United Kingdom,9.251572327044025,3.2027672955974844,Sadık Müşteri,Sadakat Programı / Erken Erişim
18242,72,8,3605.21,United Kingdom,14.435714285714285,2.6304285714285713,Orta Segment,Çapraz Satış Önerisi
18243,414,1,515.78,United Kingdom,8.5,3.1588461538461536,Pasif/Kaybedilmiş,Geri Kazanma Kampanyası
18244,431,2,568.64,United Kingdom,45.05263157894737,1.4942105263157894,Orta Segment,Çapraz Satış Önerisi
18245,7,20,6324.98,United Kingdom,11.131004366812228,2.3122052401746727,Sadık Müşteri,Sadakat Programı / Erken Erişim
18246,24,3,758.82,United Kingdom,42.8,4.446,Orta Segment,Çapraz Satış Önerisi
18247,415,3,839.73,United Kingdom,9.054054054054054,4.495675675675676,Orta Segment,Çapraz Satış Önerisi
18248,123,2,804.02,United Kingdom,10.872340425531915,4.105744680851064,Orta Segment,Çapraz Satış Önerisi
18249,17,1,95.34,United Kingdom,16.0,1.60375,Yeni / Potansiyel Müşteri,Hoş Geldin Kampanyası
18250,310,1,349.27,United Kingdom,9.476190476190476,3.8057142857142856,Pasif/Kaybedilmiş,Geri Kazanma Kampanyası
18251,87,9,26278.86,United Kingdom,367.02777777777777,1.0166666666666666,Orta Segment,Çapraz Satış Önerisi
18252,51,7,1533.69,United Kingdom,6.955223880597015,3.4049253731343283,Sadık Müşteri,Sadakat Programı / Erken Erişim
18253,643,1,317.88,United Kingdom,18.285714285714285,4.604285714285715,Pasif/Kaybedilmiş,Geri Kazanma Kampanyası
18254,581,1,267.9,United Kingdom,11.75,1.546875,Pasif/Kaybedilmiş,Geri Kazanma Kampanyası
18255,89,2,303.15,United Kingdom,10.578947368421053,1.8768421052631576,Orta Segment,Çapraz Satış Önerisi
18256,388,1,110.7,United Kingdom,18.0,0.8240000000000001,Pasif/Kaybedilmiş,Geri Kazanma Kampanyası
18257,39,12,4585.15,United Kingdom,8.610909090909091,2.9657454545454547,Sadık Müşteri,Sadakat Programı / Erken Erişim
18258,464,6,2059.67,United Kingdom,39.62,2.9537999999999998,Kaybedilme Riski (Değerli),Yüksek İndirim / Kişisel Teklif
18259,25,7,3941.9,United Kingdom,14.988235294117647,3.160588235294118,Sadık Müşteri,Sadakat Programı / Erken Erişim
18260,173,23,9947.26,United Kingdom,12.790243902439025,4.778829268292683,Orta Segment,Çapraz Satış Önerisi
18261,43,2,324.24,United Kingdom,6.9523809523809526,3.0828571428571427,Orta Segment,Çapraz Satış Önerisi
18262,140,3,577.54,United Kingdom,13.142857142857142,1.5773809523809523,Orta Segment,Çapraz Satış Önerisi
18263,26,3,1213.16,United Kingdom,24.065573770491802,0.9595081967213115,Orta Segment,Çapraz Satış Önerisi
18264,499,1,603.25,United Kingdom,6.694444444444445,4.597222222222222,Pasif/Kaybedilmiş,Geri Kazanma Kampanyası
18265,72,2,801.51,United Kingdom,6.760869565217392,5.246521739130435,Orta Segment,Çapraz Satış Önerisi
18266,434,1,251.1,United Kingdom,9.857142857142858,2.0785714285714283,Pasif/Kaybedilmiş,Geri Kazanma Kampanyası
18267,673,1,269.37,United Kingdom,7.9411764705882355,2.9864705882352944,Pasif/Kaybedilmiş,Geri Kazanma Kampanyası
18268,134,6,1490.23,United Kingdom,10.611940298507463,3.2395522388059703,Orta Segment,Çapraz Satış Önerisi
18269,366,1,168.6,United Kingdom,10.857142857142858,3.164285714285714,Pasif/Kaybedilmiş,Geri Kazanma Kampanyası
18270,38,3,444.55,United Kingdom,12.294117647058824,2.9705882352941178,Orta Segment,Çapraz Satış Önerisi
18271,610,2,680.85,United Kingdom,15.19047619047619,2.954285714285714,Orta Segment,Çapraz Satış Önerisi
18272,3,9,4385.98,United Kingdom,12.743362831858407,2.3706194690265487,Sadık Müşteri,Sadakat Programı / Erken Erişim
18273,2,4,357.0,United Kingdom,35.0,2.55,Sadık Müşteri,Sadakat Programı / Erken Erişim
18274,30,1,175.92,United Kingdom,8.0,3.671818181818182,Yeni / Potansiyel Müşteri,Hoş Geldin Kampanyası
18275,578,2,741.85,United Kingdom,21.94736842105263,2.488947368421053,Orta Segment,Çapraz Satış Önerisi
18276,44,6,1656.52,United Kingdom,13.25531914893617,2.3161702127659574,Sadık Müşteri,Sadakat Programı / Erken Erişim
18277,58,5,1180.05,United Kingdom,7.015625,5.040625,Sadık Müşteri,Sadakat Programı / Erken Erişim
18278,74,2,414.2,United Kingdom,5.833333333333333,3.9583333333333335,Orta Segment,Çapraz Satış Önerisi
18279,519,1,231.34,United Kingdom,48.46153846153846,0.5476923076923077,Pasif/Kaybedilmiş,Geri Kazanma Kampanyası
18280,278,2,488.15,United Kingdom,6.466666666666667,3.955,Orta Segment,Çapraz Satış Önerisi
18281,181,2,201.14,United Kingdom,8.588235294117647,3.433529411764706,Orta Segment,Çapraz Satış Önerisi
18282,8,2,178.05,United Kingdom,8.583333333333334,5.199166666666667,Orta Segment,Çapraz Satış Önerisi
18283,4,22,2658.95,United Kingdom,1.7916666666666667,1.758173076923077,Sadık Müşteri,Sadakat Programı / Erken Erişim
18284,432,1,461.68,United Kingdom,17.642857142857142,3.253214285714286,Pasif/Kaybedilmiş,Geri Kazanma Kampanyası
18285,661,1,427.0,United Kingdom,12.083333333333334,8.35,Pasif/Kaybedilmiş,Geri Kazanma Kampanyası
18286,477,2,1296.43,United Kingdom,9.074626865671641,4.273134328358209,Orta Segment,Çapraz Satış Önerisi
18287,43,7,4182.99,United Kingdom,19.438709677419354,2.2344516129032255,Sadık Müşteri,Sadakat Programı / Erken Erişim
